shipment_id,supplier_id,product_id,shipment_date,expected_arrival,actual_arrival,shipment_quantity,shipment_status,product_name,category,unit_price,product_supplier_id,supplier_name,city,lead_time,rating,inventory_id,warehouse,stock_quantity,last_updated,disruption_id,disruption_type,severity,description,reported_date,decision_id,recommended_action,action_taken,decision_date,outcome_id,outcome_status,delay_days,cost_change,remarks
1,6,29,2025-06-03,2025-06-07,2025-06-12,16,In Transit,Architecto Product,Furniture,4183.31,3,Bhavsar-Sampath,Bangalore,2.52,3.72,29,Chennai Warehouse,981,2026-06-27,,,,,,,,,,,,,,
2,7,84,2025-06-16,2025-06-26,2025-06-24,106,Delayed,Ab Product,Clothing,1108.56,18,Wali PLC,Khandwa,2.76,4.43,84,Bangalore Warehouse,80,2026-06-28,,,,,,,,,,,,,,
3,9,119,2026-03-17,2026-03-23,2026-03-24,325,In Transit,Maxime Product,Furniture,4794.94,19,"Loyal, Varma and Tripathi",Firozabad,9.75,4.64,119,Mumbai Warehouse,383,2026-07-01,45.0,Supplier Delay,High,Delectus quos voluptatum quas ducimus recusandae minus consectetur.,2026-05-10,45.0,Change Transport Route,Approved,2025-09-14,45.0,Failed,5.0,5007.42,Issue resolved successfully
4,5,140,2025-04-20,2025-04-23,2025-04-28,419,Cancelled,Recusandae Product,Groceries,2705.55,15,Chander-Sibal,Kochi,6.81,4.37,140,Hyderabad Warehouse,927,2026-06-18,,,,,,,,,,,,,,
5,18,56,2025-11-20,2025-11-23,2025-11-28,136,Delayed,Error Product,Electronics,333.18,11,Raju and Sons,Etawah,3.81,4.27,56,Chennai Warehouse,777,2026-07-07,,,,,,,,,,,,,,
6,12,48,2026-07-11,2026-07-15,2026-07-16,460,Delivered,Neque Product,Medical,518.28,5,Thakur and Sons,Kanpur,5.83,3.5,48,Delhi Warehouse,626,2026-06-27,,,,,,,,,,,,,,
7,20,142,2025-01-17,2025-01-27,2025-01-29,255,Cancelled,Dolorum Product,Groceries,1310.64,7,Chakraborty-Sengupta,Malda,5.0,3.56,142,Mumbai Warehouse,982,2026-07-09,,,,,,,,,,,,,,
8,12,19,2026-06-10,2026-06-16,2026-06-16,358,Cancelled,Officia Product,Electronics,667.17,9,Thakur and Sons,Kanpur,5.83,3.5,19,Bangalore Warehouse,273,2026-06-24,,,,,,,,,,,,,,
9,13,126,2025-06-20,2025-06-23,2025-06-22,40,Delayed,Nemo Product,Groceries,3018.63,8,"Borah, Gill and Varma",Dehri,6.15,3.78,126,Chennai Warehouse,306,2026-07-05,,,,,,,,,,,,,,
10,16,104,2025-12-22,2025-12-31,2026-01-02,388,In Transit,Laboriosam Product,Clothing,2160.36,3,Handa-Manda,Vijayanagaram,8.66,4.77,104,Delhi Warehouse,338,2026-06-24,,,,,,,,,,,,,,
11,15,124,2025-08-04,2025-08-14,2025-08-15,145,Delayed,Excepturi Product,Furniture,756.02,2,Sastry and Sons,Haldia,5.45,4.34,124,Chennai Warehouse,123,2026-07-09,,,,,,,,,,,,,,
12,5,45,2025-11-25,2025-12-05,2025-12-04,131,Cancelled,Nobis Product,Medical,164.54,6,Chander-Sibal,Kochi,6.81,4.37,45,Bangalore Warehouse,567,2026-07-04,357.0,Traffic,High,Eaque doloremque officia impedit molestiae.,2025-07-19,357.0,Expedite Shipment,Rejected,2026-05-21,357.0,Pending,9.0,12664.1,Shipment rerouted
13,18,25,2026-02-25,2026-03-06,2026-03-05,461,Delivered,Vel Product,Automotive,3265.92,1,Raju and Sons,Etawah,3.81,4.27,25,Bangalore Warehouse,437,2026-07-06,,,,,,,,,,,,,,
14,11,80,2025-03-14,2025-03-18,2025-03-23,86,In Transit,Corporis Product,Medical,4255.47,15,Banerjee Group,Alappuzha,8.52,4.3,80,Mumbai Warehouse,656,2026-07-08,,,,,,,,,,,,,,
15,11,89,2025-11-21,2025-11-28,2025-11-27,92,Delivered,Fugiat Product,Electronics,4524.8,7,Banerjee Group,Alappuzha,8.52,4.3,89,Bangalore Warehouse,597,2026-06-18,,,,,,,,,,,,,,
16,11,93,2026-05-22,2026-05-29,2026-05-28,238,Delivered,Nemo Product,Automotive,3838.07,10,Banerjee Group,Alappuzha,8.52,4.3,93,Mumbai Warehouse,413,2026-06-19,,,,,,,,,,,,,,
17,3,141,2025-08-10,2025-08-12,2025-08-13,392,Cancelled,Provident Product,Automotive,4798.63,6,"Balan, Virk and Mangal",Bangalore,3.73,4.49,141,Delhi Warehouse,291,2026-07-10,,,,,,,,,,,,,,
18,2,58,2024-11-06,2024-11-10,2024-11-08,255,Cancelled,Tempore Product,Groceries,4870.19,6,Gour Ltd,Bhilwara,8.05,3.83,58,Bangalore Warehouse,328,2026-07-11,,,,,,,,,,,,,,
19,13,106,2026-05-15,2026-05-22,2026-05-23,334,Cancelled,Officiis Product,Clothing,3586.71,17,"Borah, Gill and Varma",Dehri,6.15,3.78,106,Delhi Warehouse,595,2026-06-23,,,,,,,,,,,,,,
20,6,28,2025-03-05,2025-03-13,2025-03-17,166,In Transit,Quidem Product,Groceries,4168.94,2,Bhavsar-Sampath,Bangalore,2.52,3.72,28,Hyderabad Warehouse,118,2026-06-24,,,,,,,,,,,,,,
21,19,125,2025-08-14,2025-08-21,2025-08-23,382,Delayed,Consectetur Product,Clothing,1221.23,13,"Nagar, Hari and Chada",Munger,9.42,4.61,125,Chennai Warehouse,72,2026-06-29,,,,,,,,,,,,,,
22,8,46,2025-01-24,2025-02-02,2025-02-07,207,Delayed,Impedit Product,Electronics,1574.36,7,Hans-Bir,Siliguri,2.43,4.68,46,Chennai Warehouse,372,2026-06-23,,,,,,,,,,,,,,
23,16,114,2025-01-03,2025-01-12,2025-01-17,416,In Transit,Dicta Product,Clothing,1943.15,20,Handa-Manda,Vijayanagaram,8.66,4.77,114,Hyderabad Warehouse,822,2026-07-08,,,,,,,,,,,,,,
24,4,108,2026-04-21,2026-04-28,2026-04-30,213,Delivered,Debitis Product,Automotive,3133.95,9,Rajagopal-Jayaraman,Jalna,1.0,3.51,108,Hyderabad Warehouse,767,2026-07-07,,,,,,,,,,,,,,
25,3,57,2026-05-08,2026-05-16,2026-05-20,63,Delayed,Distinctio Product,Automotive,863.84,19,"Balan, Virk and Mangal",Bangalore,3.73,4.49,57,Hyderabad Warehouse,848,2026-06-28,,,,,,,,,,,,,,
26,14,21,2026-03-21,2026-03-28,2026-03-29,329,Delivered,Animi Product,Automotive,3616.57,8,"Bahri, Dugar and Ratti",Kottayam,8.09,4.85,21,Delhi Warehouse,666,2026-06-27,,,,,,,,,,,,,,
27,2,40,2024-08-22,2024-09-01,2024-09-05,291,Delivered,Nemo Product,Groceries,2824.16,10,Gour Ltd,Bhilwara,8.05,3.83,40,Hyderabad Warehouse,554,2026-06-27,,,,,,,,,,,,,,
28,9,49,2025-01-27,2025-02-06,2025-02-06,398,Cancelled,Alias Product,Furniture,4769.64,3,"Loyal, Varma and Tripathi",Firozabad,9.75,4.64,49,Bangalore Warehouse,842,2026-07-01,,,,,,,,,,,,,,
29,19,44,2025-01-17,2025-01-20,2025-01-24,314,Delivered,Voluptatum Product,Groceries,3216.56,15,"Nagar, Hari and Chada",Munger,9.42,4.61,44,Chennai Warehouse,740,2026-07-04,,,,,,,,,,,,,,
30,10,44,2026-02-17,2026-02-24,2026-03-01,361,Delivered,Voluptatum Product,Groceries,3216.56,15,"Mitter, Srinivasan and Dixit",Shimoga,1.81,3.9,44,Chennai Warehouse,740,2026-07-04,,,,,,,,,,,,,,
31,18,86,2025-06-24,2025-07-02,2025-07-07,159,Cancelled,Aliquam Product,Electronics,2475.27,3,Raju and Sons,Etawah,3.81,4.27,86,Mumbai Warehouse,687,2026-06-23,,,,,,,,,,,,,,
32,1,89,2025-11-12,2025-11-21,2025-11-26,355,Delayed,Fugiat Product,Electronics,4524.8,7,"Balasubramanian, Gara and Memon",Nadiad,5.69,4.88,89,Bangalore Warehouse,597,2026-06-18,,,,,,,,,,,,,,
33,11,45,2025-04-21,2025-04-27,2025-04-26,333,Cancelled,Nobis Product,Medical,164.54,6,Banerjee Group,Alappuzha,8.52,4.3,45,Bangalore Warehouse,567,2026-07-04,,,,,,,,,,,,,,
34,2,66,2026-05-19,2026-05-21,2026-05-24,495,In Transit,Quas Product,Groceries,4225.31,19,Gour Ltd,Bhilwara,8.05,3.83,66,Bangalore Warehouse,853,2026-06-19,,,,,,,,,,,,,,
35,10,18,2024-09-08,2024-09-10,2024-09-14,287,Delayed,Commodi Product,Electronics,2870.64,11,"Mitter, Srinivasan and Dixit",Shimoga,1.81,3.9,18,Mumbai Warehouse,611,2026-06-21,,,,,,,,,,,,,,
36,19,9,2025-04-24,2025-04-26,2025-04-27,268,Cancelled,Alias Product,Groceries,1305.18,16,"Nagar, Hari and Chada",Munger,9.42,4.61,9,Mumbai Warehouse,917,2026-07-04,,,,,,,,,,,,,,
37,9,29,2026-01-24,2026-01-29,2026-01-28,201,In Transit,Architecto Product,Furniture,4183.31,3,"Loyal, Varma and Tripathi",Firozabad,9.75,4.64,29,Chennai Warehouse,981,2026-06-27,,,,,,,,,,,,,,
38,13,116,2025-04-19,2025-04-24,2025-04-25,42,Cancelled,Architecto Product,Groceries,763.04,10,"Borah, Gill and Varma",Dehri,6.15,3.78,116,Bangalore Warehouse,102,2026-07-04,,,,,,,,,,,,,,
39,20,65,2024-07-16,2024-07-24,2024-07-28,369,Delayed,Ut Product,Groceries,3277.06,2,Chakraborty-Sengupta,Malda,5.0,3.56,65,Delhi Warehouse,911,2026-07-06,,,,,,,,,,,,,,
40,1,128,2024-10-25,2024-10-28,2024-10-28,22,Delivered,Non Product,Clothing,4746.22,5,"Balasubramanian, Gara and Memon",Nadiad,5.69,4.88,128,Hyderabad Warehouse,464,2026-06-23,,,,,,,,,,,,,,
41,10,29,2025-07-29,2025-08-06,2025-08-04,71,Delayed,Architecto Product,Furniture,4183.31,3,"Mitter, Srinivasan and Dixit",Shimoga,1.81,3.9,29,Chennai Warehouse,981,2026-06-27,,,,,,,,,,,,,,
42,14,148,2024-10-28,2024-11-07,2024-11-05,157,Delayed,Saepe Product,Groceries,920.71,10,"Bahri, Dugar and Ratti",Kottayam,8.09,4.85,148,Delhi Warehouse,944,2026-06-16,,,,,,,,,,,,,,
43,4,109,2024-12-21,2024-12-27,2024-12-29,320,Delayed,Beatae Product,Automotive,1167.1,12,Rajagopal-Jayaraman,Jalna,1.0,3.51,109,Mumbai Warehouse,573,2026-06-17,,,,,,,,,,,,,,
44,13,121,2025-04-12,2025-04-21,2025-04-20,313,Delayed,Veniam Product,Furniture,3093.62,19,"Borah, Gill and Varma",Dehri,6.15,3.78,121,Bangalore Warehouse,683,2026-06-20,,,,,,,,,,,,,,
45,3,55,2024-07-18,2024-07-25,2024-07-23,349,Delayed,Odio Product,Furniture,4563.23,5,"Balan, Virk and Mangal",Bangalore,3.73,4.49,55,Bangalore Warehouse,422,2026-07-01,,,,,,,,,,,,,,
46,17,112,2026-06-26,2026-07-05,2026-07-06,446,Delivered,Modi Product,Electronics,2985.26,19,"Sule, Jaggi and Char",Pallavaram,6.39,3.52,112,Bangalore Warehouse,212,2026-06-25,,,,,,,,,,,,,,
47,16,24,2025-06-17,2025-06-27,2025-06-30,75,Delivered,Dolorem Product,Medical,3211.29,13,Handa-Manda,Vijayanagaram,8.66,4.77,24,Bangalore Warehouse,374,2026-06-27,,,,,,,,,,,,,,
48,18,114,2024-11-12,2024-11-20,2024-11-19,449,Cancelled,Dicta Product,Clothing,1943.15,20,Raju and Sons,Etawah,3.81,4.27,114,Hyderabad Warehouse,822,2026-07-08,,,,,,,,,,,,,,
49,9,11,2024-08-26,2024-09-05,2024-09-05,135,In Transit,Ducimus Product,Clothing,2306.22,11,"Loyal, Varma and Tripathi",Firozabad,9.75,4.64,11,Delhi Warehouse,137,2026-06-19,,,,,,,,,,,,,,
50,14,69,2026-06-09,2026-06-11,2026-06-16,430,Cancelled,Ipsa Product,Groceries,1707.84,17,"Bahri, Dugar and Ratti",Kottayam,8.09,4.85,69,Mumbai Warehouse,267,2026-07-09,571.0,Supplier Delay,Low,Dolores odio neque atque impedit.,2025-11-23,571.0,Expedite Shipment,Implemented,2025-12-09,571.0,Pending,4.0,-2581.14,Cost increased
51,9,103,2024-11-20,2024-11-27,2024-12-02,243,Delayed,Sunt Product,Furniture,3330.94,12,"Loyal, Varma and Tripathi",Firozabad,9.75,4.64,103,Chennai Warehouse,485,2026-07-13,143.0,Weather,Low,Molestias doloremque sed sint.,2026-06-21,143.0,Change Transport Route,Implemented,2026-02-26,143.0,Failed,3.0,8799.91,Issue resolved successfully
52,15,59,2025-03-13,2025-03-19,2025-03-20,99,Delivered,Omnis Product,Electronics,2194.29,10,Sastry and Sons,Haldia,5.45,4.34,59,Chennai Warehouse,265,2026-07-01,,,,,,,,,,,,,,
53,19,63,2025-03-17,2025-03-19,2025-03-22,161,Delivered,Minus Product,Electronics,1218.88,8,"Nagar, Hari and Chada",Munger,9.42,4.61,63,Hyderabad Warehouse,518,2026-06-17,,,,,,,,,,,,,,
54,5,2,2025-09-25,2025-10-04,2025-10-02,275,In Transit,Veniam Product,Furniture,880.89,5,Chander-Sibal,Kochi,6.81,4.37,2,Delhi Warehouse,824,2026-06-22,,,,,,,,,,,,,,
55,11,25,2024-11-30,2024-12-04,2024-12-02,131,Delayed,Vel Product,Automotive,3265.92,1,Banerjee Group,Alappuzha,8.52,4.3,25,Bangalore Warehouse,437,2026-07-06,,,,,,,,,,,,,,
56,8,85,2026-04-05,2026-04-15,2026-04-19,420,Delayed,Vero Product,Medical,287.27,20,Hans-Bir,Siliguri,2.43,4.68,85,Bangalore Warehouse,854,2026-06-21,,,,,,,,,,,,,,
57,7,1,2025-08-28,2025-09-04,2025-09-09,218,Delayed,Sint Product,Clothing,2204.33,20,Wali PLC,Khandwa,2.76,4.43,1,Mumbai Warehouse,324,2026-07-01,,,,,,,,,,,,,,
58,2,66,2025-08-16,2025-08-25,2025-08-26,399,In Transit,Quas Product,Groceries,4225.31,19,Gour Ltd,Bhilwara,8.05,3.83,66,Bangalore Warehouse,853,2026-06-19,,,,,,,,,,,,,,
59,8,39,2024-10-26,2024-10-31,2024-10-30,203,Delivered,Amet Product,Automotive,1228.36,6,Hans-Bir,Siliguri,2.43,4.68,39,Chennai Warehouse,720,2026-07-10,,,,,,,,,,,,,,
60,16,76,2026-02-09,2026-02-14,2026-02-15,19,Delivered,Sunt Product,Electronics,2690.2,2,Handa-Manda,Vijayanagaram,8.66,4.77,76,Delhi Warehouse,630,2026-06-16,63.0,Weather,High,Cumque deleniti laudantium eligendi quia.,2025-08-18,63.0,Change Transport Route,Pending,2025-08-02,63.0,Failed,4.0,13279.97,Shipment rerouted
61,6,32,2025-03-16,2025-03-18,2025-03-23,20,In Transit,Quis Product,Groceries,4929.24,1,Bhavsar-Sampath,Bangalore,2.52,3.72,32,Mumbai Warehouse,715,2026-07-01,,,,,,,,,,,,,,
62,8,103,2024-08-19,2024-08-29,2024-09-02,317,Cancelled,Sunt Product,Furniture,3330.94,12,Hans-Bir,Siliguri,2.43,4.68,103,Chennai Warehouse,485,2026-07-13,545.0,Transport Strike,Low,Dicta ab ipsum iste soluta.,2025-12-26,545.0,Change Transport Route,Implemented,2025-11-04,545.0,Resolved,10.0,-2319.74,Supplier changed
63,20,43,2025-07-19,2025-07-27,2025-07-31,12,Delayed,Exercitationem Product,Furniture,2754.15,12,Chakraborty-Sengupta,Malda,5.0,3.56,43,Delhi Warehouse,560,2026-06-21,314.0,Port Congestion,Medium,Labore consectetur blanditiis commodi.,2025-07-18,314.0,Change Transport Route,Implemented,2026-01-28,314.0,Partially Resolved,10.0,9363.41,Shipment rerouted
64,11,20,2025-11-01,2025-11-05,2025-11-03,34,Delivered,Laborum Product,Electronics,563.85,5,Banerjee Group,Alappuzha,8.52,4.3,20,Bangalore Warehouse,426,2026-07-15,,,,,,,,,,,,,,
65,5,75,2024-10-24,2024-10-28,2024-11-01,37,Delivered,Recusandae Product,Automotive,4884.77,14,Chander-Sibal,Kochi,6.81,4.37,75,Chennai Warehouse,450,2026-07-07,269.0,Supplier Delay,Low,Saepe numquam pariatur est natus ad.,2026-01-16,269.0,Increase Safety Stock,Approved,2026-04-12,269.0,Partially Resolved,7.0,-2676.82,Supplier changed
66,9,36,2025-10-14,2025-10-16,2025-10-15,203,Delivered,Suscipit Product,Electronics,2750.46,10,"Loyal, Varma and Tripathi",Firozabad,9.75,4.64,36,Hyderabad Warehouse,271,2026-07-15,152.0,Machine Failure,High,Ducimus suscipit aperiam quasi expedita.,2026-01-04,152.0,Switch Supplier,Implemented,2026-01-07,152.0,Partially Resolved,4.0,2310.22,Issue resolved successfully
67,3,8,2026-04-13,2026-04-23,2026-04-27,67,Delayed,Voluptatem Product,Furniture,3535.61,12,"Balan, Virk and Mangal",Bangalore,3.73,4.49,8,Chennai Warehouse,686,2026-07-07,,,,,,,,,,,,,,
68,1,60,2026-02-12,2026-02-16,2026-02-18,213,Delivered,Ipsa Product,Furniture,2536.82,19,"Balasubramanian, Gara and Memon",Nadiad,5.69,4.88,60,Bangalore Warehouse,753,2026-07-14,,,,,,,,,,,,,,
69,1,119,2025-02-02,2025-02-04,2025-02-05,303,Cancelled,Maxime Product,Furniture,4794.94,19,"Balasubramanian, Gara and Memon",Nadiad,5.69,4.88,119,Mumbai Warehouse,383,2026-07-01,,,,,,,,,,,,,,
70,17,70,2024-07-26,2024-07-30,2024-08-04,478,Delivered,Excepturi Product,Automotive,4641.9,16,"Sule, Jaggi and Char",Pallavaram,6.39,3.52,70,Bangalore Warehouse,802,2026-06-20,,,,,,,,,,,,,,
71,3,49,2026-05-05,2026-05-14,2026-05-13,465,Cancelled,Alias Product,Furniture,4769.64,3,"Balan, Virk and Mangal",Bangalore,3.73,4.49,49,Bangalore Warehouse,842,2026-07-01,,,,,,,,,,,,,,
72,19,65,2026-07-04,2026-07-12,2026-07-10,396,Cancelled,Ut Product,Groceries,3277.06,2,"Nagar, Hari and Chada",Munger,9.42,4.61,65,Delhi Warehouse,911,2026-07-06,,,,,,,,,,,,,,
73,13,59,2024-12-18,2024-12-21,2024-12-25,331,Cancelled,Omnis Product,Electronics,2194.29,10,"Borah, Gill and Varma",Dehri,6.15,3.78,59,Chennai Warehouse,265,2026-07-01,,,,,,,,,,,,,,
74,18,83,2025-12-16,2025-12-20,2025-12-21,289,Delayed,Deserunt Product,Automotive,990.39,6,Raju and Sons,Etawah,3.81,4.27,83,Delhi Warehouse,294,2026-07-15,,,,,,,,,,,,,,
75,1,144,2024-10-23,2024-11-01,2024-11-04,398,Cancelled,Ipsam Product,Electronics,744.79,2,"Balasubramanian, Gara and Memon",Nadiad,5.69,4.88,144,Mumbai Warehouse,720,2026-06-29,,,,,,,,,,,,,,
76,12,9,2024-08-04,2024-08-08,2024-08-07,133,Delayed,Alias Product,Groceries,1305.18,16,Thakur and Sons,Kanpur,5.83,3.5,9,Mumbai Warehouse,917,2026-07-04,,,,,,,,,,,,,,
77,10,119,2025-06-17,2025-06-19,2025-06-23,464,In Transit,Maxime Product,Furniture,4794.94,19,"Mitter, Srinivasan and Dixit",Shimoga,1.81,3.9,119,Mumbai Warehouse,383,2026-07-01,110.0,Machine Failure,High,Inventore consequuntur explicabo sed dolorum.,2025-09-19,110.0,Expedite Shipment,Rejected,2026-05-21,110.0,Resolved,0.0,-2328.06,Minor delay occurred
78,1,33,2024-09-30,2024-10-02,2024-10-06,227,Delayed,Facere Product,Medical,1997.29,4,"Balasubramanian, Gara and Memon",Nadiad,5.69,4.88,33,Delhi Warehouse,549,2026-07-12,,,,,,,,,,,,,,
79,15,28,2026-01-07,2026-01-11,2026-01-09,263,Delayed,Quidem Product,Groceries,4168.94,2,Sastry and Sons,Haldia,5.45,4.34,28,Hyderabad Warehouse,118,2026-06-24,,,,,,,,,,,,,,
80,13,63,2025-07-27,2025-08-03,2025-08-07,286,Cancelled,Minus Product,Electronics,1218.88,8,"Borah, Gill and Varma",Dehri,6.15,3.78,63,Hyderabad Warehouse,518,2026-06-17,,,,,,,,,,,,,,
81,19,102,2026-03-23,2026-04-01,2026-04-01,15,Cancelled,Molestias Product,Furniture,2262.92,3,"Nagar, Hari and Chada",Munger,9.42,4.61,102,Chennai Warehouse,835,2026-06-22,,,,,,,,,,,,,,
82,16,18,2026-04-26,2026-05-01,2026-05-01,340,Delivered,Commodi Product,Electronics,2870.64,11,Handa-Manda,Vijayanagaram,8.66,4.77,18,Mumbai Warehouse,611,2026-06-21,,,,,,,,,,,,,,
83,14,58,2024-09-20,2024-09-27,2024-10-02,315,Cancelled,Tempore Product,Groceries,4870.19,6,"Bahri, Dugar and Ratti",Kottayam,8.09,4.85,58,Bangalore Warehouse,328,2026-07-11,,,,,,,,,,,,,,
84,9,147,2025-01-02,2025-01-08,2025-01-10,461,In Transit,Sed Product,Medical,185.14,8,"Loyal, Varma and Tripathi",Firozabad,9.75,4.64,147,Chennai Warehouse,280,2026-06-17,,,,,,,,,,,,,,
85,10,85,2025-06-09,2025-06-14,2025-06-13,357,Delivered,Vero Product,Medical,287.27,20,"Mitter, Srinivasan and Dixit",Shimoga,1.81,3.9,85,Bangalore Warehouse,854,2026-06-21,,,,,,,,,,,,,,
86,9,123,2025-06-22,2025-06-28,2025-07-01,437,Delayed,Amet Product,Electronics,2966.03,9,"Loyal, Varma and Tripathi",Firozabad,9.75,4.64,123,Chennai Warehouse,249,2026-06-23,,,,,,,,,,,,,,
87,14,42,2024-09-11,2024-09-13,2024-09-11,256,Delivered,Exercitationem Product,Medical,980.26,5,"Bahri, Dugar and Ratti",Kottayam,8.09,4.85,42,Bangalore Warehouse,493,2026-07-01,286.0,Traffic,Low,Sit officia perspiciatis doloribus a.,2025-08-30,286.0,Increase Safety Stock,Implemented,2025-09-17,286.0,Pending,10.0,4247.38,Cost increased
87,14,42,2024-09-11,2024-09-13,2024-09-11,256,Delivered,Exercitationem Product,Medical,980.26,5,"Bahri, Dugar and Ratti",Kottayam,8.09,4.85,42,Bangalore Warehouse,493,2026-07-01,552.0,Supplier Delay,Low,Fuga neque minus laudantium nesciunt et.,2026-01-24,552.0,Change Transport Route,Rejected,2025-09-22,552.0,Failed,5.0,-1864.43,Minor delay occurred
88,8,65,2025-11-30,2025-12-04,2025-12-08,51,Delivered,Ut Product,Groceries,3277.06,2,Hans-Bir,Siliguri,2.43,4.68,65,Delhi Warehouse,911,2026-07-06,,,,,,,,,,,,,,
89,12,86,2024-12-16,2024-12-20,2024-12-19,111,Delivered,Aliquam Product,Electronics,2475.27,3,Thakur and Sons,Kanpur,5.83,3.5,86,Mumbai Warehouse,687,2026-06-23,,,,,,,,,,,,,,
90,9,129,2025-10-30,2025-11-01,2025-11-05,174,Delayed,Repellat Product,Clothing,772.83,16,"Loyal, Varma and Tripathi",Firozabad,9.75,4.64,129,Bangalore Warehouse,81,2026-07-01,,,,,,,,,,,,,,
91,7,67,2025-07-11,2025-07-20,2025-07-23,19,Delivered,Omnis Product,Clothing,1337.97,5,Wali PLC,Khandwa,2.76,4.43,67,Hyderabad Warehouse,994,2026-06-29,,,,,,,,,,,,,,
92,6,68,2025-09-13,2025-09-23,2025-09-23,231,In Transit,Delectus Product,Clothing,4916.43,20,Bhavsar-Sampath,Bangalore,2.52,3.72,68,Chennai Warehouse,660,2026-06-18,,,,,,,,,,,,,,
93,1,126,2025-08-01,2025-08-05,2025-08-08,365,Delayed,Nemo Product,Groceries,3018.63,8,"Balasubramanian, Gara and Memon",Nadiad,5.69,4.88,126,Chennai Warehouse,306,2026-07-05,,,,,,,,,,,,,,
94,4,30,2026-05-20,2026-05-23,2026-05-27,50,Cancelled,Voluptatem Product,Medical,3709.02,5,Rajagopal-Jayaraman,Jalna,1.0,3.51,30,Chennai Warehouse,472,2026-06-30,,,,,,,,,,,,,,
95,2,15,2025-10-08,2025-10-18,2025-10-17,246,Cancelled,Dolore Product,Automotive,1024.49,5,Gour Ltd,Bhilwara,8.05,3.83,15,Chennai Warehouse,343,2026-07-02,,,,,,,,,,,,,,
96,4,29,2025-05-23,2025-05-28,2025-05-29,15,Cancelled,Architecto Product,Furniture,4183.31,3,Rajagopal-Jayaraman,Jalna,1.0,3.51,29,Chennai Warehouse,981,2026-06-27,,,,,,,,,,,,,,
97,8,71,2026-07-13,2026-07-18,2026-07-18,63,Delivered,Aperiam Product,Clothing,4446.27,15,Hans-Bir,Siliguri,2.43,4.68,71,Delhi Warehouse,179,2026-07-05,,,,,,,,,,,,,,
98,15,97,2024-11-05,2024-11-14,2024-11-18,85,Delayed,Id Product,Electronics,4003.94,12,Sastry and Sons,Haldia,5.45,4.34,97,Bangalore Warehouse,353,2026-07-08,21.0,Machine Failure,Low,Cum dolore harum.,2025-10-06,21.0,Change Transport Route,Pending,2025-09-23,21.0,Resolved,11.0,12036.56,Cost increased
99,10,106,2025-10-21,2025-10-28,2025-11-01,12,Delivered,Officiis Product,Clothing,3586.71,17,"Mitter, Srinivasan and Dixit",Shimoga,1.81,3.9,106,Delhi Warehouse,595,2026-06-23,,,,,,,,,,,,,,
100,12,131,2025-11-02,2025-11-11,2025-11-14,438,Delivered,Nesciunt Product,Furniture,3585.42,1,Thakur and Sons,Kanpur,5.83,3.5,131,Hyderabad Warehouse,157,2026-06-24,495.0,Machine Failure,Low,Ipsam asperiores reiciendis vel accusamus quam ipsam qui.,2025-12-29,495.0,Change Transport Route,Approved,2025-09-07,495.0,Partially Resolved,14.0,7755.33,Cost increased
101,2,124,2024-12-18,2024-12-24,2024-12-26,306,Cancelled,Excepturi Product,Furniture,756.02,2,Gour Ltd,Bhilwara,8.05,3.83,124,Chennai Warehouse,123,2026-07-09,,,,,,,,,,,,,,
102,12,79,2026-04-09,2026-04-18,2026-04-22,243,Delayed,Officiis Product,Automotive,3036.4,6,Thakur and Sons,Kanpur,5.83,3.5,79,Bangalore Warehouse,898,2026-06-30,,,,,,,,,,,,,,
103,17,112,2026-01-19,2026-01-24,2026-01-26,18,In Transit,Modi Product,Electronics,2985.26,19,"Sule, Jaggi and Char",Pallavaram,6.39,3.52,112,Bangalore Warehouse,212,2026-06-25,,,,,,,,,,,,,,
104,2,82,2025-03-02,2025-03-07,2025-03-10,367,Delayed,Unde Product,Electronics,3347.22,1,Gour Ltd,Bhilwara,8.05,3.83,82,Hyderabad Warehouse,481,2026-07-04,,,,,,,,,,,,,,
105,9,74,2025-10-27,2025-11-06,2025-11-07,358,Cancelled,Cum Product,Clothing,3762.37,5,"Loyal, Varma and Tripathi",Firozabad,9.75,4.64,74,Hyderabad Warehouse,592,2026-06-21,,,,,,,,,,,,,,
106,4,8,2025-10-15,2025-10-25,2025-10-25,436,Cancelled,Voluptatem Product,Furniture,3535.61,12,Rajagopal-Jayaraman,Jalna,1.0,3.51,8,Chennai Warehouse,686,2026-07-07,,,,,,,,,,,,,,
107,4,15,2026-07-06,2026-07-13,2026-07-14,177,Cancelled,Dolore Product,Automotive,1024.49,5,Rajagopal-Jayaraman,Jalna,1.0,3.51,15,Chennai Warehouse,343,2026-07-02,,,,,,,,,,,,,,
108,19,94,2026-03-07,2026-03-13,2026-03-17,375,In Transit,Culpa Product,Clothing,4115.37,20,"Nagar, Hari and Chada",Munger,9.42,4.61,94,Delhi Warehouse,329,2026-07-15,,,,,,,,,,,,,,
109,4,49,2026-04-05,2026-04-08,2026-04-11,500,Delivered,Alias Product,Furniture,4769.64,3,Rajagopal-Jayaraman,Jalna,1.0,3.51,49,Bangalore Warehouse,842,2026-07-01,386.0,Supplier Delay,Medium,Iste officia laboriosam assumenda natus in voluptatum.,2026-01-03,386.0,Expedite Shipment,Implemented,2026-06-30,386.0,Partially Resolved,13.0,1332.24,Cost increased
110,8,5,2025-10-25,2025-11-02,2025-11-05,185,Cancelled,Occaecati Product,Medical,1257.97,15,Hans-Bir,Siliguri,2.43,4.68,5,Hyderabad Warehouse,892,2026-07-08,,,,,,,,,,,,,,
111,17,106,2025-12-09,2025-12-17,2025-12-18,487,Cancelled,Officiis Product,Clothing,3586.71,17,"Sule, Jaggi and Char",Pallavaram,6.39,3.52,106,Delhi Warehouse,595,2026-06-23,,,,,,,,,,,,,,
112,5,72,2025-11-04,2025-11-10,2025-11-13,99,Cancelled,Fuga Product,Groceries,160.42,9,Chander-Sibal,Kochi,6.81,4.37,72,Chennai Warehouse,359,2026-07-11,,,,,,,,,,,,,,
113,5,120,2024-08-27,2024-09-04,2024-09-06,476,Delivered,Magnam Product,Electronics,3329.48,19,Chander-Sibal,Kochi,6.81,4.37,120,Bangalore Warehouse,996,2026-07-07,,,,,,,,,,,,,,
114,5,134,2024-11-25,2024-12-02,2024-12-04,289,Delayed,Eligendi Product,Automotive,3447.14,10,Chander-Sibal,Kochi,6.81,4.37,134,Hyderabad Warehouse,699,2026-07-02,,,,,,,,,,,,,,
115,8,89,2026-04-09,2026-04-18,2026-04-16,269,Delayed,Fugiat Product,Electronics,4524.8,7,Hans-Bir,Siliguri,2.43,4.68,89,Bangalore Warehouse,597,2026-06-18,,,,,,,,,,,,,,
116,11,52,2025-03-01,2025-03-11,2025-03-14,488,In Transit,Architecto Product,Medical,1642.77,20,Banerjee Group,Alappuzha,8.52,4.3,52,Mumbai Warehouse,918,2026-06-30,,,,,,,,,,,,,,
117,13,143,2025-05-27,2025-06-05,2025-06-04,128,Delivered,Exercitationem Product,Furniture,2333.4,6,"Borah, Gill and Varma",Dehri,6.15,3.78,143,Hyderabad Warehouse,191,2026-07-12,,,,,,,,,,,,,,
118,12,32,2026-05-06,2026-05-10,2026-05-12,255,Cancelled,Quis Product,Groceries,4929.24,1,Thakur and Sons,Kanpur,5.83,3.5,32,Mumbai Warehouse,715,2026-07-01,,,,,,,,,,,,,,
119,15,18,2025-07-08,2025-07-18,2025-07-21,270,Cancelled,Commodi Product,Electronics,2870.64,11,Sastry and Sons,Haldia,5.45,4.34,18,Mumbai Warehouse,611,2026-06-21,,,,,,,,,,,,,,
120,2,72,2025-06-01,2025-06-03,2025-06-01,232,Cancelled,Fuga Product,Groceries,160.42,9,Gour Ltd,Bhilwara,8.05,3.83,72,Chennai Warehouse,359,2026-07-11,,,,,,,,,,,,,,
121,17,42,2026-03-20,2026-03-25,2026-03-29,397,Cancelled,Exercitationem Product,Medical,980.26,5,"Sule, Jaggi and Char",Pallavaram,6.39,3.52,42,Bangalore Warehouse,493,2026-07-01,,,,,,,,,,,,,,
122,15,10,2026-05-20,2026-05-24,2026-05-25,245,In Transit,Ratione Product,Medical,834.09,9,Sastry and Sons,Haldia,5.45,4.34,10,Hyderabad Warehouse,815,2026-07-09,572.0,Port Congestion,High,A deserunt aliquam assumenda saepe animi.,2026-01-19,572.0,Switch Supplier,Approved,2025-11-30,572.0,Resolved,11.0,14118.91,Shipment rerouted
123,20,98,2024-11-19,2024-11-28,2024-11-27,412,Cancelled,Quae Product,Clothing,2022.11,14,Chakraborty-Sengupta,Malda,5.0,3.56,98,Hyderabad Warehouse,832,2026-07-05,,,,,,,,,,,,,,
124,1,9,2026-04-10,2026-04-20,2026-04-24,141,Delayed,Alias Product,Groceries,1305.18,16,"Balasubramanian, Gara and Memon",Nadiad,5.69,4.88,9,Mumbai Warehouse,917,2026-07-04,567.0,Traffic,High,Quod esse voluptate aut asperiores.,2025-10-14,567.0,Change Transport Route,Implemented,2025-07-19,567.0,Pending,15.0,13303.09,Minor delay occurred
125,17,95,2025-06-17,2025-06-27,2025-06-25,85,In Transit,Temporibus Product,Automotive,2131.71,12,"Sule, Jaggi and Char",Pallavaram,6.39,3.52,95,Hyderabad Warehouse,870,2026-07-10,,,,,,,,,,,,,,
126,7,69,2024-10-01,2024-10-10,2024-10-08,324,Delayed,Ipsa Product,Groceries,1707.84,17,Wali PLC,Khandwa,2.76,4.43,69,Mumbai Warehouse,267,2026-07-09,,,,,,,,,,,,,,
127,14,131,2025-02-21,2025-03-02,2025-03-05,146,Delivered,Nesciunt Product,Furniture,3585.42,1,"Bahri, Dugar and Ratti",Kottayam,8.09,4.85,131,Hyderabad Warehouse,157,2026-06-24,163.0,Transport Strike,Medium,Consequuntur doloremque incidunt ad eligendi deleniti aliquam.,2025-12-21,163.0,Increase Safety Stock,Pending,2025-11-05,163.0,Pending,14.0,3484.0,Minor delay occurred
128,18,75,2025-11-28,2025-12-06,2025-12-11,496,Delivered,Recusandae Product,Automotive,4884.77,14,Raju and Sons,Etawah,3.81,4.27,75,Chennai Warehouse,450,2026-07-07,,,,,,,,,,,,,,
129,17,107,2025-05-07,2025-05-12,2025-05-11,10,Cancelled,Repudiandae Product,Automotive,609.59,11,"Sule, Jaggi and Char",Pallavaram,6.39,3.52,107,Delhi Warehouse,711,2026-07-01,,,,,,,,,,,,,,
130,19,23,2024-09-02,2024-09-07,2024-09-11,296,In Transit,Quibusdam Product,Furniture,2588.22,10,"Nagar, Hari and Chada",Munger,9.42,4.61,23,Delhi Warehouse,912,2026-06-19,,,,,,,,,,,,,,
131,12,136,2026-04-01,2026-04-10,2026-04-11,500,Delivered,Facilis Product,Groceries,4154.63,13,Thakur and Sons,Kanpur,5.83,3.5,136,Bangalore Warehouse,943,2026-07-08,,,,,,,,,,,,,,
132,8,146,2026-02-12,2026-02-16,2026-02-20,127,Delivered,Minus Product,Furniture,4540.31,18,Hans-Bir,Siliguri,2.43,4.68,146,Delhi Warehouse,858,2026-06-21,,,,,,,,,,,,,,
133,2,81,2024-09-18,2024-09-22,2024-09-26,198,Cancelled,Voluptatibus Product,Automotive,1958.75,1,Gour Ltd,Bhilwara,8.05,3.83,81,Chennai Warehouse,875,2026-06-17,,,,,,,,,,,,,,
134,18,97,2024-09-14,2024-09-17,2024-09-17,433,Cancelled,Id Product,Electronics,4003.94,12,Raju and Sons,Etawah,3.81,4.27,97,Bangalore Warehouse,353,2026-07-08,,,,,,,,,,,,,,
135,17,124,2024-10-07,2024-10-14,2024-10-18,15,Cancelled,Excepturi Product,Furniture,756.02,2,"Sule, Jaggi and Char",Pallavaram,6.39,3.52,124,Chennai Warehouse,123,2026-07-09,,,,,,,,,,,,,,
136,13,122,2025-04-15,2025-04-25,2025-04-24,323,In Transit,Expedita Product,Electronics,1957.13,8,"Borah, Gill and Varma",Dehri,6.15,3.78,122,Delhi Warehouse,394,2026-07-14,,,,,,,,,,,,,,
137,3,121,2025-01-10,2025-01-15,2025-01-13,98,Delivered,Veniam Product,Furniture,3093.62,19,"Balan, Virk and Mangal",Bangalore,3.73,4.49,121,Bangalore Warehouse,683,2026-06-20,,,,,,,,,,,,,,
138,5,138,2026-02-28,2026-03-09,2026-03-10,382,Delivered,Commodi Product,Groceries,4831.21,4,Chander-Sibal,Kochi,6.81,4.37,138,Bangalore Warehouse,589,2026-06-20,,,,,,,,,,,,,,
139,15,14,2024-09-05,2024-09-11,2024-09-10,361,Delayed,Nulla Product,Electronics,1235.72,15,Sastry and Sons,Haldia,5.45,4.34,14,Hyderabad Warehouse,453,2026-07-12,,,,,,,,,,,,,,
140,1,132,2025-01-27,2025-02-04,2025-02-04,279,Cancelled,Quisquam Product,Groceries,1498.72,7,"Balasubramanian, Gara and Memon",Nadiad,5.69,4.88,132,Mumbai Warehouse,860,2026-07-05,,,,,,,,,,,,,,
141,14,26,2025-03-15,2025-03-21,2025-03-20,153,In Transit,Ducimus Product,Medical,488.37,16,"Bahri, Dugar and Ratti",Kottayam,8.09,4.85,26,Mumbai Warehouse,280,2026-07-04,,,,,,,,,,,,,,
142,9,30,2026-01-16,2026-01-25,2026-01-26,388,In Transit,Voluptatem Product,Medical,3709.02,5,"Loyal, Varma and Tripathi",Firozabad,9.75,4.64,30,Chennai Warehouse,472,2026-06-30,,,,,,,,,,,,,,
143,9,23,2024-12-18,2024-12-20,2024-12-20,122,Delivered,Quibusdam Product,Furniture,2588.22,10,"Loyal, Varma and Tripathi",Firozabad,9.75,4.64,23,Delhi Warehouse,912,2026-06-19,,,,,,,,,,,,,,
144,19,69,2024-08-23,2024-08-28,2024-08-27,460,Delayed,Ipsa Product,Groceries,1707.84,17,"Nagar, Hari and Chada",Munger,9.42,4.61,69,Mumbai Warehouse,267,2026-07-09,,,,,,,,,,,,,,
145,11,85,2025-07-06,2025-07-12,2025-07-12,241,In Transit,Vero Product,Medical,287.27,20,Banerjee Group,Alappuzha,8.52,4.3,85,Bangalore Warehouse,854,2026-06-21,,,,,,,,,,,,,,
146,5,31,2025-08-26,2025-08-28,2025-09-01,58,Delivered,Non Product,Groceries,4067.09,17,Chander-Sibal,Kochi,6.81,4.37,31,Mumbai Warehouse,995,2026-06-28,,,,,,,,,,,,,,
147,14,55,2026-01-10,2026-01-20,2026-01-23,482,Delayed,Odio Product,Furniture,4563.23,5,"Bahri, Dugar and Ratti",Kottayam,8.09,4.85,55,Bangalore Warehouse,422,2026-07-01,,,,,,,,,,,,,,
148,11,24,2025-11-27,2025-12-07,2025-12-09,86,Delivered,Dolorem Product,Medical,3211.29,13,Banerjee Group,Alappuzha,8.52,4.3,24,Bangalore Warehouse,374,2026-06-27,376.0,Traffic,Low,In sunt ex.,2026-03-14,376.0,Increase Safety Stock,Implemented,2025-10-31,376.0,Failed,8.0,2829.32,Shipment rerouted
149,2,121,2025-03-29,2025-03-31,2025-03-30,77,In Transit,Veniam Product,Furniture,3093.62,19,Gour Ltd,Bhilwara,8.05,3.83,121,Bangalore Warehouse,683,2026-06-20,,,,,,,,,,,,,,
150,10,118,2025-03-19,2025-03-27,2025-03-28,32,Cancelled,Harum Product,Automotive,2602.93,16,"Mitter, Srinivasan and Dixit",Shimoga,1.81,3.9,118,Bangalore Warehouse,482,2026-06-18,,,,,,,,,,,,,,
151,9,105,2026-05-06,2026-05-10,2026-05-10,425,In Transit,Tenetur Product,Clothing,1337.9,1,"Loyal, Varma and Tripathi",Firozabad,9.75,4.64,105,Hyderabad Warehouse,84,2026-07-03,,,,,,,,,,,,,,
152,5,118,2026-03-30,2026-04-03,2026-04-08,105,Delivered,Harum Product,Automotive,2602.93,16,Chander-Sibal,Kochi,6.81,4.37,118,Bangalore Warehouse,482,2026-06-18,,,,,,,,,,,,,,
153,14,135,2025-04-15,2025-04-21,2025-04-20,68,In Transit,Nisi Product,Medical,1322.29,1,"Bahri, Dugar and Ratti",Kottayam,8.09,4.85,135,Delhi Warehouse,660,2026-06-19,,,,,,,,,,,,,,
154,16,148,2025-07-10,2025-07-16,2025-07-15,223,Delayed,Saepe Product,Groceries,920.71,10,Handa-Manda,Vijayanagaram,8.66,4.77,148,Delhi Warehouse,944,2026-06-16,,,,,,,,,,,,,,
155,13,12,2025-08-20,2025-08-27,2025-08-28,130,Delayed,Fugit Product,Clothing,1357.85,15,"Borah, Gill and Varma",Dehri,6.15,3.78,12,Hyderabad Warehouse,878,2026-06-22,,,,,,,,,,,,,,
156,4,109,2024-12-15,2024-12-22,2024-12-21,214,Delayed,Beatae Product,Automotive,1167.1,12,Rajagopal-Jayaraman,Jalna,1.0,3.51,109,Mumbai Warehouse,573,2026-06-17,,,,,,,,,,,,,,
157,13,52,2025-02-17,2025-02-19,2025-02-23,154,Delayed,Architecto Product,Medical,1642.77,20,"Borah, Gill and Varma",Dehri,6.15,3.78,52,Mumbai Warehouse,918,2026-06-30,,,,,,,,,,,,,,
158,2,17,2026-04-23,2026-04-29,2026-05-03,21,Delayed,Veniam Product,Clothing,2682.42,6,Gour Ltd,Bhilwara,8.05,3.83,17,Bangalore Warehouse,243,2026-07-06,381.0,Port Congestion,Low,Laudantium esse pariatur ab.,2025-10-18,381.0,Increase Safety Stock,Pending,2026-04-14,381.0,Resolved,15.0,10233.12,Minor delay occurred
159,2,93,2025-05-27,2025-06-01,2025-06-05,197,Cancelled,Nemo Product,Automotive,3838.07,10,Gour Ltd,Bhilwara,8.05,3.83,93,Mumbai Warehouse,413,2026-06-19,,,,,,,,,,,,,,
160,5,104,2026-06-06,2026-06-13,2026-06-11,214,Cancelled,Laboriosam Product,Clothing,2160.36,3,Chander-Sibal,Kochi,6.81,4.37,104,Delhi Warehouse,338,2026-06-24,,,,,,,,,,,,,,
161,14,33,2025-07-19,2025-07-22,2025-07-20,272,Delayed,Facere Product,Medical,1997.29,4,"Bahri, Dugar and Ratti",Kottayam,8.09,4.85,33,Delhi Warehouse,549,2026-07-12,,,,,,,,,,,,,,
162,2,32,2024-11-03,2024-11-05,2024-11-08,373,In Transit,Quis Product,Groceries,4929.24,1,Gour Ltd,Bhilwara,8.05,3.83,32,Mumbai Warehouse,715,2026-07-01,237.0,Supplier Delay,Medium,Quasi debitis molestiae quasi pariatur.,2025-11-03,237.0,Increase Safety Stock,Approved,2025-08-17,237.0,Pending,11.0,13681.69,Minor delay occurred
163,8,47,2025-01-20,2025-01-30,2025-01-28,203,Cancelled,Impedit Product,Clothing,4282.54,1,Hans-Bir,Siliguri,2.43,4.68,47,Chennai Warehouse,913,2026-06-30,,,,,,,,,,,,,,
164,8,9,2025-11-16,2025-11-26,2025-11-25,283,Cancelled,Alias Product,Groceries,1305.18,16,Hans-Bir,Siliguri,2.43,4.68,9,Mumbai Warehouse,917,2026-07-04,,,,,,,,,,,,,,
165,11,41,2025-12-20,2025-12-30,2025-12-29,278,Delivered,Architecto Product,Furniture,1703.5,1,Banerjee Group,Alappuzha,8.52,4.3,41,Hyderabad Warehouse,681,2026-06-26,,,,,,,,,,,,,,
166,17,11,2025-02-10,2025-02-17,2025-02-16,107,Delayed,Ducimus Product,Clothing,2306.22,11,"Sule, Jaggi and Char",Pallavaram,6.39,3.52,11,Delhi Warehouse,137,2026-06-19,377.0,Traffic,Low,Quia reiciendis veniam et cumque sapiente.,2026-03-02,377.0,Increase Safety Stock,Approved,2026-04-04,377.0,Partially Resolved,5.0,7520.01,Minor delay occurred
167,14,66,2025-07-08,2025-07-10,2025-07-10,276,Delayed,Quas Product,Groceries,4225.31,19,"Bahri, Dugar and Ratti",Kottayam,8.09,4.85,66,Bangalore Warehouse,853,2026-06-19,,,,,,,,,,,,,,
168,8,142,2025-09-17,2025-09-26,2025-09-29,445,Delivered,Dolorum Product,Groceries,1310.64,7,Hans-Bir,Siliguri,2.43,4.68,142,Mumbai Warehouse,982,2026-07-09,125.0,Machine Failure,Low,Provident tenetur in vel et nihil.,2025-08-29,125.0,Switch Supplier,Approved,2026-04-26,125.0,Partially Resolved,1.0,-3797.68,Cost increased
169,13,14,2024-12-30,2025-01-04,2025-01-05,90,Delayed,Nulla Product,Electronics,1235.72,15,"Borah, Gill and Varma",Dehri,6.15,3.78,14,Hyderabad Warehouse,453,2026-07-12,,,,,,,,,,,,,,
170,12,74,2025-02-15,2025-02-22,2025-02-26,157,Delivered,Cum Product,Clothing,3762.37,5,Thakur and Sons,Kanpur,5.83,3.5,74,Hyderabad Warehouse,592,2026-06-21,,,,,,,,,,,,,,
171,20,33,2026-03-31,2026-04-04,2026-04-04,289,Cancelled,Facere Product,Medical,1997.29,4,Chakraborty-Sengupta,Malda,5.0,3.56,33,Delhi Warehouse,549,2026-07-12,,,,,,,,,,,,,,
172,10,68,2025-11-19,2025-11-29,2025-11-27,135,Delayed,Delectus Product,Clothing,4916.43,20,"Mitter, Srinivasan and Dixit",Shimoga,1.81,3.9,68,Chennai Warehouse,660,2026-06-18,,,,,,,,,,,,,,
173,11,10,2025-08-26,2025-09-01,2025-09-05,409,Delayed,Ratione Product,Medical,834.09,9,Banerjee Group,Alappuzha,8.52,4.3,10,Hyderabad Warehouse,815,2026-07-09,,,,,,,,,,,,,,
174,12,6,2024-08-11,2024-08-14,2024-08-12,88,Delivered,Reiciendis Product,Furniture,3938.69,18,Thakur and Sons,Kanpur,5.83,3.5,6,Bangalore Warehouse,894,2026-06-26,,,,,,,,,,,,,,
175,2,32,2026-03-13,2026-03-16,2026-03-18,388,Delivered,Quis Product,Groceries,4929.24,1,Gour Ltd,Bhilwara,8.05,3.83,32,Mumbai Warehouse,715,2026-07-01,,,,,,,,,,,,,,
176,2,49,2026-02-01,2026-02-08,2026-02-08,82,Delivered,Alias Product,Furniture,4769.64,3,Gour Ltd,Bhilwara,8.05,3.83,49,Bangalore Warehouse,842,2026-07-01,,,,,,,,,,,,,,
177,20,31,2025-03-15,2025-03-25,2025-03-26,313,Delayed,Non Product,Groceries,4067.09,17,Chakraborty-Sengupta,Malda,5.0,3.56,31,Mumbai Warehouse,995,2026-06-28,,,,,,,,,,,,,,
178,14,149,2025-05-18,2025-05-28,2025-05-29,290,In Transit,Asperiores Product,Groceries,2199.52,9,"Bahri, Dugar and Ratti",Kottayam,8.09,4.85,149,Chennai Warehouse,331,2026-07-13,218.0,Traffic,High,Odit voluptatibus eaque vero quos pariatur.,2025-11-03,218.0,Change Transport Route,Approved,2025-12-01,218.0,Pending,3.0,5975.89,Shipment rerouted
179,19,83,2024-10-05,2024-10-08,2024-10-13,165,Cancelled,Deserunt Product,Automotive,990.39,6,"Nagar, Hari and Chada",Munger,9.42,4.61,83,Delhi Warehouse,294,2026-07-15,,,,,,,,,,,,,,
180,4,131,2024-12-09,2024-12-12,2024-12-10,281,Delivered,Nesciunt Product,Furniture,3585.42,1,Rajagopal-Jayaraman,Jalna,1.0,3.51,131,Hyderabad Warehouse,157,2026-06-24,,,,,,,,,,,,,,
181,14,122,2024-12-16,2024-12-21,2024-12-20,41,In Transit,Expedita Product,Electronics,1957.13,8,"Bahri, Dugar and Ratti",Kottayam,8.09,4.85,122,Delhi Warehouse,394,2026-07-14,,,,,,,,,,,,,,
182,15,12,2025-12-22,2025-12-28,2025-12-28,289,Delivered,Fugit Product,Clothing,1357.85,15,Sastry and Sons,Haldia,5.45,4.34,12,Hyderabad Warehouse,878,2026-06-22,,,,,,,,,,,,,,
183,14,149,2026-07-06,2026-07-15,2026-07-17,373,Delivered,Asperiores Product,Groceries,2199.52,9,"Bahri, Dugar and Ratti",Kottayam,8.09,4.85,149,Chennai Warehouse,331,2026-07-13,428.0,Supplier Delay,High,Deleniti dignissimos nesciunt cupiditate.,2026-03-08,428.0,Increase Safety Stock,Implemented,2026-04-06,428.0,Failed,1.0,6606.66,Issue resolved successfully
184,8,62,2025-06-26,2025-06-29,2025-06-30,68,Delayed,Officiis Product,Medical,3477.18,12,Hans-Bir,Siliguri,2.43,4.68,62,Chennai Warehouse,668,2026-07-05,,,,,,,,,,,,,,
185,18,101,2025-07-07,2025-07-16,2025-07-15,413,Delivered,Delectus Product,Automotive,1333.96,11,Raju and Sons,Etawah,3.81,4.27,101,Bangalore Warehouse,654,2026-06-16,,,,,,,,,,,,,,
186,13,147,2026-01-16,2026-01-23,2026-01-28,106,In Transit,Sed Product,Medical,185.14,8,"Borah, Gill and Varma",Dehri,6.15,3.78,147,Chennai Warehouse,280,2026-06-17,,,,,,,,,,,,,,
187,20,14,2025-04-08,2025-04-18,2025-04-17,220,In Transit,Nulla Product,Electronics,1235.72,15,Chakraborty-Sengupta,Malda,5.0,3.56,14,Hyderabad Warehouse,453,2026-07-12,,,,,,,,,,,,,,
188,8,54,2026-02-02,2026-02-11,2026-02-10,28,Cancelled,Voluptatem Product,Groceries,3641.55,2,Hans-Bir,Siliguri,2.43,4.68,54,Chennai Warehouse,842,2026-06-17,,,,,,,,,,,,,,
189,18,47,2025-02-01,2025-02-04,2025-02-03,410,In Transit,Impedit Product,Clothing,4282.54,1,Raju and Sons,Etawah,3.81,4.27,47,Chennai Warehouse,913,2026-06-30,,,,,,,,,,,,,,
190,1,134,2024-09-10,2024-09-18,2024-09-16,70,Delayed,Eligendi Product,Automotive,3447.14,10,"Balasubramanian, Gara and Memon",Nadiad,5.69,4.88,134,Hyderabad Warehouse,699,2026-07-02,,,,,,,,,,,,,,
191,19,59,2025-02-03,2025-02-12,2025-02-11,279,Cancelled,Omnis Product,Electronics,2194.29,10,"Nagar, Hari and Chada",Munger,9.42,4.61,59,Chennai Warehouse,265,2026-07-01,,,,,,,,,,,,,,
192,16,7,2025-11-30,2025-12-05,2025-12-07,367,In Transit,Expedita Product,Furniture,1401.54,17,Handa-Manda,Vijayanagaram,8.66,4.77,7,Delhi Warehouse,512,2026-06-28,,,,,,,,,,,,,,
193,20,38,2025-08-07,2025-08-12,2025-08-12,208,Delivered,Laborum Product,Groceries,3934.86,13,Chakraborty-Sengupta,Malda,5.0,3.56,38,Mumbai Warehouse,317,2026-07-03,,,,,,,,,,,,,,
194,15,98,2026-05-26,2026-05-29,2026-05-28,64,Cancelled,Quae Product,Clothing,2022.11,14,Sastry and Sons,Haldia,5.45,4.34,98,Hyderabad Warehouse,832,2026-07-05,,,,,,,,,,,,,,
195,15,28,2024-08-23,2024-08-25,2024-08-24,347,In Transit,Quidem Product,Groceries,4168.94,2,Sastry and Sons,Haldia,5.45,4.34,28,Hyderabad Warehouse,118,2026-06-24,,,,,,,,,,,,,,
196,15,136,2025-08-08,2025-08-15,2025-08-18,200,Delayed,Facilis Product,Groceries,4154.63,13,Sastry and Sons,Haldia,5.45,4.34,136,Bangalore Warehouse,943,2026-07-08,,,,,,,,,,,,,,
197,8,120,2024-09-21,2024-09-23,2024-09-21,127,Delivered,Magnam Product,Electronics,3329.48,19,Hans-Bir,Siliguri,2.43,4.68,120,Bangalore Warehouse,996,2026-07-07,275.0,Port Congestion,Low,Temporibus quam nemo doloribus molestiae delectus amet.,2026-01-06,275.0,Change Transport Route,Implemented,2026-01-18,275.0,Pending,10.0,-125.97,Cost increased
198,15,72,2025-10-30,2025-11-04,2025-11-03,448,Delivered,Fuga Product,Groceries,160.42,9,Sastry and Sons,Haldia,5.45,4.34,72,Chennai Warehouse,359,2026-07-11,,,,,,,,,,,,,,
199,19,40,2026-01-08,2026-01-14,2026-01-15,96,Delayed,Nemo Product,Groceries,2824.16,10,"Nagar, Hari and Chada",Munger,9.42,4.61,40,Hyderabad Warehouse,554,2026-06-27,,,,,,,,,,,,,,
200,20,91,2024-11-22,2024-11-26,2024-11-28,432,Delivered,Laudantium Product,Furniture,3665.32,5,Chakraborty-Sengupta,Malda,5.0,3.56,91,Hyderabad Warehouse,678,2026-07-12,,,,,,,,,,,,,,
201,17,138,2025-01-20,2025-01-24,2025-01-24,464,In Transit,Commodi Product,Groceries,4831.21,4,"Sule, Jaggi and Char",Pallavaram,6.39,3.52,138,Bangalore Warehouse,589,2026-06-20,,,,,,,,,,,,,,
202,6,2,2026-03-03,2026-03-07,2026-03-07,27,Delivered,Veniam Product,Furniture,880.89,5,Bhavsar-Sampath,Bangalore,2.52,3.72,2,Delhi Warehouse,824,2026-06-22,,,,,,,,,,,,,,
203,8,24,2025-02-03,2025-02-07,2025-02-09,46,Delayed,Dolorem Product,Medical,3211.29,13,Hans-Bir,Siliguri,2.43,4.68,24,Bangalore Warehouse,374,2026-06-27,,,,,,,,,,,,,,
204,10,39,2024-12-18,2024-12-24,2024-12-27,62,In Transit,Amet Product,Automotive,1228.36,6,"Mitter, Srinivasan and Dixit",Shimoga,1.81,3.9,39,Chennai Warehouse,720,2026-07-10,540.0,Supplier Delay,High,Repellat veniam saepe dignissimos.,2026-01-12,540.0,Change Transport Route,Implemented,2026-07-14,540.0,Failed,10.0,12306.51,Supplier changed
205,14,108,2025-03-16,2025-03-26,2025-03-28,138,Delivered,Debitis Product,Automotive,3133.95,9,"Bahri, Dugar and Ratti",Kottayam,8.09,4.85,108,Hyderabad Warehouse,767,2026-07-07,,,,,,,,,,,,,,
206,13,135,2024-09-13,2024-09-16,2024-09-19,46,Cancelled,Nisi Product,Medical,1322.29,1,"Borah, Gill and Varma",Dehri,6.15,3.78,135,Delhi Warehouse,660,2026-06-19,147.0,Transport Strike,High,Labore cum magnam modi nobis illo praesentium.,2025-10-13,147.0,Switch Supplier,Pending,2026-03-05,147.0,Failed,1.0,14127.81,Shipment rerouted
207,12,15,2025-09-02,2025-09-04,2025-09-07,299,In Transit,Dolore Product,Automotive,1024.49,5,Thakur and Sons,Kanpur,5.83,3.5,15,Chennai Warehouse,343,2026-07-02,,,,,,,,,,,,,,
208,2,55,2026-04-18,2026-04-25,2026-04-27,203,Delayed,Odio Product,Furniture,4563.23,5,Gour Ltd,Bhilwara,8.05,3.83,55,Bangalore Warehouse,422,2026-07-01,,,,,,,,,,,,,,
209,16,103,2026-06-12,2026-06-19,2026-06-17,352,Delivered,Sunt Product,Furniture,3330.94,12,Handa-Manda,Vijayanagaram,8.66,4.77,103,Chennai Warehouse,485,2026-07-13,,,,,,,,,,,,,,
210,14,144,2024-08-14,2024-08-21,2024-08-23,311,Cancelled,Ipsam Product,Electronics,744.79,2,"Bahri, Dugar and Ratti",Kottayam,8.09,4.85,144,Mumbai Warehouse,720,2026-06-29,,,,,,,,,,,,,,
211,6,79,2025-08-05,2025-08-07,2025-08-11,373,Cancelled,Officiis Product,Automotive,3036.4,6,Bhavsar-Sampath,Bangalore,2.52,3.72,79,Bangalore Warehouse,898,2026-06-30,,,,,,,,,,,,,,
212,16,14,2025-04-14,2025-04-21,2025-04-22,195,Delayed,Nulla Product,Electronics,1235.72,15,Handa-Manda,Vijayanagaram,8.66,4.77,14,Hyderabad Warehouse,453,2026-07-12,,,,,,,,,,,,,,
213,18,136,2025-04-05,2025-04-10,2025-04-13,244,Cancelled,Facilis Product,Groceries,4154.63,13,Raju and Sons,Etawah,3.81,4.27,136,Bangalore Warehouse,943,2026-07-08,,,,,,,,,,,,,,
214,9,133,2025-09-18,2025-09-27,2025-10-01,344,Delayed,Doloremque Product,Groceries,552.4,17,"Loyal, Varma and Tripathi",Firozabad,9.75,4.64,133,Hyderabad Warehouse,760,2026-06-27,,,,,,,,,,,,,,
215,15,92,2025-06-06,2025-06-12,2025-06-12,251,In Transit,Architecto Product,Furniture,4826.14,10,Sastry and Sons,Haldia,5.45,4.34,92,Mumbai Warehouse,215,2026-07-07,28.0,Weather,Low,Temporibus dolorum natus animi reiciendis sunt.,2025-08-22,28.0,Switch Supplier,Approved,2026-05-25,28.0,Partially Resolved,12.0,-3577.35,Minor delay occurred
216,17,119,2026-06-15,2026-06-24,2026-06-29,45,Delayed,Maxime Product,Furniture,4794.94,19,"Sule, Jaggi and Char",Pallavaram,6.39,3.52,119,Mumbai Warehouse,383,2026-07-01,,,,,,,,,,,,,,
217,17,12,2026-03-18,2026-03-28,2026-04-01,493,Delivered,Fugit Product,Clothing,1357.85,15,"Sule, Jaggi and Char",Pallavaram,6.39,3.52,12,Hyderabad Warehouse,878,2026-06-22,,,,,,,,,,,,,,
218,20,84,2025-02-03,2025-02-06,2025-02-09,122,Delivered,Ab Product,Clothing,1108.56,18,Chakraborty-Sengupta,Malda,5.0,3.56,84,Bangalore Warehouse,80,2026-06-28,,,,,,,,,,,,,,
219,17,18,2026-07-13,2026-07-15,2026-07-16,471,Delivered,Commodi Product,Electronics,2870.64,11,"Sule, Jaggi and Char",Pallavaram,6.39,3.52,18,Mumbai Warehouse,611,2026-06-21,425.0,Port Congestion,Medium,Unde animi blanditiis adipisci cumque velit quod.,2026-06-06,425.0,Increase Safety Stock,Rejected,2025-11-12,425.0,Resolved,5.0,13163.01,Cost increased
220,2,22,2025-11-22,2025-11-27,2025-11-28,404,Cancelled,Amet Product,Furniture,1453.32,6,Gour Ltd,Bhilwara,8.05,3.83,22,Delhi Warehouse,386,2026-07-10,,,,,,,,,,,,,,
221,4,128,2026-06-15,2026-06-24,2026-06-29,40,Delayed,Non Product,Clothing,4746.22,5,Rajagopal-Jayaraman,Jalna,1.0,3.51,128,Hyderabad Warehouse,464,2026-06-23,,,,,,,,,,,,,,
222,12,145,2026-06-05,2026-06-11,2026-06-16,304,Cancelled,Provident Product,Groceries,3598.65,5,Thakur and Sons,Kanpur,5.83,3.5,145,Bangalore Warehouse,739,2026-06-24,,,,,,,,,,,,,,
223,9,49,2025-05-14,2025-05-22,2025-05-22,481,Cancelled,Alias Product,Furniture,4769.64,3,"Loyal, Varma and Tripathi",Firozabad,9.75,4.64,49,Bangalore Warehouse,842,2026-07-01,,,,,,,,,,,,,,
224,20,20,2024-10-06,2024-10-16,2024-10-18,123,Delivered,Laborum Product,Electronics,563.85,5,Chakraborty-Sengupta,Malda,5.0,3.56,20,Bangalore Warehouse,426,2026-07-15,,,,,,,,,,,,,,
225,7,124,2024-11-09,2024-11-11,2024-11-16,195,Cancelled,Excepturi Product,Furniture,756.02,2,Wali PLC,Khandwa,2.76,4.43,124,Chennai Warehouse,123,2026-07-09,,,,,,,,,,,,,,
226,14,3,2024-07-17,2024-07-24,2024-07-29,253,Delivered,Iure Product,Medical,1939.35,19,"Bahri, Dugar and Ratti",Kottayam,8.09,4.85,3,Mumbai Warehouse,584,2026-07-06,,,,,,,,,,,,,,
227,9,40,2026-02-25,2026-02-27,2026-02-25,364,Delayed,Nemo Product,Groceries,2824.16,10,"Loyal, Varma and Tripathi",Firozabad,9.75,4.64,40,Hyderabad Warehouse,554,2026-06-27,,,,,,,,,,,,,,
228,6,11,2025-09-22,2025-10-01,2025-10-03,169,Delivered,Ducimus Product,Clothing,2306.22,11,Bhavsar-Sampath,Bangalore,2.52,3.72,11,Delhi Warehouse,137,2026-06-19,,,,,,,,,,,,,,
229,9,148,2025-05-12,2025-05-22,2025-05-22,484,In Transit,Saepe Product,Groceries,920.71,10,"Loyal, Varma and Tripathi",Firozabad,9.75,4.64,148,Delhi Warehouse,944,2026-06-16,,,,,,,,,,,,,,
230,7,25,2024-07-20,2024-07-22,2024-07-24,372,Cancelled,Vel Product,Automotive,3265.92,1,Wali PLC,Khandwa,2.76,4.43,25,Bangalore Warehouse,437,2026-07-06,,,,,,,,,,,,,,
231,3,22,2025-01-03,2025-01-12,2025-01-17,20,Cancelled,Amet Product,Furniture,1453.32,6,"Balan, Virk and Mangal",Bangalore,3.73,4.49,22,Delhi Warehouse,386,2026-07-10,,,,,,,,,,,,,,
232,19,140,2025-06-23,2025-06-25,2025-06-25,171,Cancelled,Recusandae Product,Groceries,2705.55,15,"Nagar, Hari and Chada",Munger,9.42,4.61,140,Hyderabad Warehouse,927,2026-06-18,169.0,Supplier Delay,Low,Eum facilis eum explicabo est quis dignissimos.,2025-10-09,169.0,Switch Supplier,Pending,2026-02-11,169.0,Partially Resolved,1.0,3935.41,Minor delay occurred
233,8,118,2025-10-08,2025-10-16,2025-10-18,453,Delayed,Harum Product,Automotive,2602.93,16,Hans-Bir,Siliguri,2.43,4.68,118,Bangalore Warehouse,482,2026-06-18,,,,,,,,,,,,,,
234,4,87,2025-05-11,2025-05-21,2025-05-26,268,Cancelled,Vitae Product,Clothing,4295.55,19,Rajagopal-Jayaraman,Jalna,1.0,3.51,87,Delhi Warehouse,423,2026-06-26,,,,,,,,,,,,,,
235,7,31,2025-05-28,2025-06-01,2025-06-05,257,Cancelled,Non Product,Groceries,4067.09,17,Wali PLC,Khandwa,2.76,4.43,31,Mumbai Warehouse,995,2026-06-28,,,,,,,,,,,,,,
236,2,116,2025-01-10,2025-01-18,2025-01-22,68,In Transit,Architecto Product,Groceries,763.04,10,Gour Ltd,Bhilwara,8.05,3.83,116,Bangalore Warehouse,102,2026-07-04,,,,,,,,,,,,,,
237,14,10,2026-05-26,2026-05-29,2026-06-02,91,In Transit,Ratione Product,Medical,834.09,9,"Bahri, Dugar and Ratti",Kottayam,8.09,4.85,10,Hyderabad Warehouse,815,2026-07-09,,,,,,,,,,,,,,
238,14,37,2024-10-03,2024-10-13,2024-10-18,249,Cancelled,Earum Product,Groceries,442.22,11,"Bahri, Dugar and Ratti",Kottayam,8.09,4.85,37,Mumbai Warehouse,198,2026-06-16,408.0,Supplier Delay,High,Ab eveniet in debitis quasi rem consequuntur.,2026-05-13,408.0,Increase Safety Stock,Approved,2026-04-15,408.0,Pending,5.0,9565.61,Supplier changed
239,2,32,2024-10-07,2024-10-17,2024-10-21,494,In Transit,Quis Product,Groceries,4929.24,1,Gour Ltd,Bhilwara,8.05,3.83,32,Mumbai Warehouse,715,2026-07-01,,,,,,,,,,,,,,
240,17,31,2026-04-12,2026-04-18,2026-04-17,345,In Transit,Non Product,Groceries,4067.09,17,"Sule, Jaggi and Char",Pallavaram,6.39,3.52,31,Mumbai Warehouse,995,2026-06-28,126.0,Weather,Medium,Ea officia odio ipsa.,2025-08-19,126.0,Switch Supplier,Rejected,2026-06-16,126.0,Resolved,6.0,9321.8,Cost increased
241,9,113,2025-04-16,2025-04-24,2025-04-29,445,Delayed,Placeat Product,Groceries,4202.62,15,"Loyal, Varma and Tripathi",Firozabad,9.75,4.64,113,Mumbai Warehouse,228,2026-07-12,,,,,,,,,,,,,,
242,11,144,2025-03-01,2025-03-07,2025-03-12,107,In Transit,Ipsam Product,Electronics,744.79,2,Banerjee Group,Alappuzha,8.52,4.3,144,Mumbai Warehouse,720,2026-06-29,,,,,,,,,,,,,,
243,13,38,2024-11-27,2024-12-04,2024-12-02,163,Delivered,Laborum Product,Groceries,3934.86,13,"Borah, Gill and Varma",Dehri,6.15,3.78,38,Mumbai Warehouse,317,2026-07-03,,,,,,,,,,,,,,
244,5,20,2025-11-07,2025-11-13,2025-11-11,242,Delayed,Laborum Product,Electronics,563.85,5,Chander-Sibal,Kochi,6.81,4.37,20,Bangalore Warehouse,426,2026-07-15,,,,,,,,,,,,,,
245,3,46,2024-10-14,2024-10-20,2024-10-22,445,Delayed,Impedit Product,Electronics,1574.36,7,"Balan, Virk and Mangal",Bangalore,3.73,4.49,46,Chennai Warehouse,372,2026-06-23,573.0,Weather,Medium,Quidem quod porro ex incidunt velit.,2026-02-06,573.0,Increase Safety Stock,Pending,2026-02-25,573.0,Failed,13.0,9872.59,Supplier changed
246,19,92,2025-07-29,2025-08-03,2025-08-05,365,Cancelled,Architecto Product,Furniture,4826.14,10,"Nagar, Hari and Chada",Munger,9.42,4.61,92,Mumbai Warehouse,215,2026-07-07,,,,,,,,,,,,,,
247,17,59,2025-05-06,2025-05-09,2025-05-12,419,Delivered,Omnis Product,Electronics,2194.29,10,"Sule, Jaggi and Char",Pallavaram,6.39,3.52,59,Chennai Warehouse,265,2026-07-01,,,,,,,,,,,,,,
248,12,41,2024-12-13,2024-12-19,2024-12-21,359,Delivered,Architecto Product,Furniture,1703.5,1,Thakur and Sons,Kanpur,5.83,3.5,41,Hyderabad Warehouse,681,2026-06-26,,,,,,,,,,,,,,
249,15,37,2025-10-02,2025-10-11,2025-10-09,335,Delayed,Earum Product,Groceries,442.22,11,Sastry and Sons,Haldia,5.45,4.34,37,Mumbai Warehouse,198,2026-06-16,,,,,,,,,,,,,,
250,3,7,2026-05-21,2026-05-26,2026-05-25,66,Delivered,Expedita Product,Furniture,1401.54,17,"Balan, Virk and Mangal",Bangalore,3.73,4.49,7,Delhi Warehouse,512,2026-06-28,,,,,,,,,,,,,,
251,17,58,2025-08-03,2025-08-12,2025-08-13,352,In Transit,Tempore Product,Groceries,4870.19,6,"Sule, Jaggi and Char",Pallavaram,6.39,3.52,58,Bangalore Warehouse,328,2026-07-11,,,,,,,,,,,,,,
252,10,74,2026-04-13,2026-04-23,2026-04-22,172,Delivered,Cum Product,Clothing,3762.37,5,"Mitter, Srinivasan and Dixit",Shimoga,1.81,3.9,74,Hyderabad Warehouse,592,2026-06-21,,,,,,,,,,,,,,
253,19,116,2025-03-21,2025-03-29,2025-03-27,307,Delayed,Architecto Product,Groceries,763.04,10,"Nagar, Hari and Chada",Munger,9.42,4.61,116,Bangalore Warehouse,102,2026-07-04,,,,,,,,,,,,,,
254,5,85,2025-02-12,2025-02-20,2025-02-21,76,Delayed,Vero Product,Medical,287.27,20,Chander-Sibal,Kochi,6.81,4.37,85,Bangalore Warehouse,854,2026-06-21,285.0,Port Congestion,High,Enim sequi pariatur.,2025-11-26,285.0,Switch Supplier,Approved,2025-12-04,285.0,Pending,13.0,-1701.03,Issue resolved successfully
255,3,45,2026-05-10,2026-05-17,2026-05-17,383,Delivered,Nobis Product,Medical,164.54,6,"Balan, Virk and Mangal",Bangalore,3.73,4.49,45,Bangalore Warehouse,567,2026-07-04,,,,,,,,,,,,,,
256,9,48,2025-09-08,2025-09-17,2025-09-17,327,In Transit,Neque Product,Medical,518.28,5,"Loyal, Varma and Tripathi",Firozabad,9.75,4.64,48,Delhi Warehouse,626,2026-06-27,,,,,,,,,,,,,,
257,1,146,2024-11-20,2024-11-26,2024-11-25,267,In Transit,Minus Product,Furniture,4540.31,18,"Balasubramanian, Gara and Memon",Nadiad,5.69,4.88,146,Delhi Warehouse,858,2026-06-21,,,,,,,,,,,,,,
258,12,125,2024-10-10,2024-10-14,2024-10-12,297,Delivered,Consectetur Product,Clothing,1221.23,13,Thakur and Sons,Kanpur,5.83,3.5,125,Chennai Warehouse,72,2026-06-29,,,,,,,,,,,,,,
259,15,20,2026-03-21,2026-03-31,2026-04-01,91,Cancelled,Laborum Product,Electronics,563.85,5,Sastry and Sons,Haldia,5.45,4.34,20,Bangalore Warehouse,426,2026-07-15,,,,,,,,,,,,,,
260,6,34,2024-10-12,2024-10-20,2024-10-19,473,In Transit,Consequatur Product,Automotive,4834.5,8,Bhavsar-Sampath,Bangalore,2.52,3.72,34,Delhi Warehouse,280,2026-06-18,,,,,,,,,,,,,,
261,13,83,2026-03-25,2026-04-03,2026-04-08,33,In Transit,Deserunt Product,Automotive,990.39,6,"Borah, Gill and Varma",Dehri,6.15,3.78,83,Delhi Warehouse,294,2026-07-15,,,,,,,,,,,,,,
262,17,6,2025-03-23,2025-04-01,2025-03-31,101,In Transit,Reiciendis Product,Furniture,3938.69,18,"Sule, Jaggi and Char",Pallavaram,6.39,3.52,6,Bangalore Warehouse,894,2026-06-26,,,,,,,,,,,,,,
263,7,86,2025-09-11,2025-09-15,2025-09-19,25,In Transit,Aliquam Product,Electronics,2475.27,3,Wali PLC,Khandwa,2.76,4.43,86,Mumbai Warehouse,687,2026-06-23,,,,,,,,,,,,,,
264,6,5,2025-10-13,2025-10-16,2025-10-14,322,Cancelled,Occaecati Product,Medical,1257.97,15,Bhavsar-Sampath,Bangalore,2.52,3.72,5,Hyderabad Warehouse,892,2026-07-08,,,,,,,,,,,,,,
265,1,83,2025-08-14,2025-08-23,2025-08-27,254,Delayed,Deserunt Product,Automotive,990.39,6,"Balasubramanian, Gara and Memon",Nadiad,5.69,4.88,83,Delhi Warehouse,294,2026-07-15,,,,,,,,,,,,,,
266,16,99,2024-11-13,2024-11-19,2024-11-21,56,Delayed,Quia Product,Furniture,677.17,19,Handa-Manda,Vijayanagaram,8.66,4.77,99,Hyderabad Warehouse,72,2026-06-26,,,,,,,,,,,,,,
267,18,56,2024-11-30,2024-12-02,2024-12-05,263,Delivered,Error Product,Electronics,333.18,11,Raju and Sons,Etawah,3.81,4.27,56,Chennai Warehouse,777,2026-07-07,340.0,Machine Failure,High,Inventore debitis ullam quas illo magni.,2026-02-13,340.0,Expedite Shipment,Approved,2026-05-13,340.0,Partially Resolved,6.0,8761.63,Minor delay occurred
268,19,32,2025-04-10,2025-04-15,2025-04-17,305,In Transit,Quis Product,Groceries,4929.24,1,"Nagar, Hari and Chada",Munger,9.42,4.61,32,Mumbai Warehouse,715,2026-07-01,,,,,,,,,,,,,,
269,4,112,2024-10-06,2024-10-14,2024-10-14,163,Delivered,Modi Product,Electronics,2985.26,19,Rajagopal-Jayaraman,Jalna,1.0,3.51,112,Bangalore Warehouse,212,2026-06-25,,,,,,,,,,,,,,
270,1,137,2026-05-01,2026-05-08,2026-05-07,468,Cancelled,Aliquid Product,Medical,3630.8,13,"Balasubramanian, Gara and Memon",Nadiad,5.69,4.88,137,Delhi Warehouse,82,2026-07-03,,,,,,,,,,,,,,
271,6,46,2025-07-08,2025-07-16,2025-07-20,208,Cancelled,Impedit Product,Electronics,1574.36,7,Bhavsar-Sampath,Bangalore,2.52,3.72,46,Chennai Warehouse,372,2026-06-23,,,,,,,,,,,,,,
272,2,109,2024-07-26,2024-08-02,2024-08-07,56,Delivered,Beatae Product,Automotive,1167.1,12,Gour Ltd,Bhilwara,8.05,3.83,109,Mumbai Warehouse,573,2026-06-17,,,,,,,,,,,,,,
273,5,102,2024-11-20,2024-11-26,2024-11-29,454,In Transit,Molestias Product,Furniture,2262.92,3,Chander-Sibal,Kochi,6.81,4.37,102,Chennai Warehouse,835,2026-06-22,,,,,,,,,,,,,,
274,9,5,2025-11-14,2025-11-22,2025-11-21,53,Delayed,Occaecati Product,Medical,1257.97,15,"Loyal, Varma and Tripathi",Firozabad,9.75,4.64,5,Hyderabad Warehouse,892,2026-07-08,217.0,Supplier Delay,High,Illum tempora cumque quos possimus.,2026-05-28,217.0,Switch Supplier,Approved,2025-09-06,217.0,Resolved,8.0,-1230.19,Shipment rerouted
275,2,29,2026-01-15,2026-01-24,2026-01-22,138,Cancelled,Architecto Product,Furniture,4183.31,3,Gour Ltd,Bhilwara,8.05,3.83,29,Chennai Warehouse,981,2026-06-27,,,,,,,,,,,,,,
276,4,39,2025-12-06,2025-12-14,2025-12-18,157,In Transit,Amet Product,Automotive,1228.36,6,Rajagopal-Jayaraman,Jalna,1.0,3.51,39,Chennai Warehouse,720,2026-07-10,,,,,,,,,,,,,,
277,6,105,2025-04-24,2025-04-27,2025-05-01,285,Cancelled,Tenetur Product,Clothing,1337.9,1,Bhavsar-Sampath,Bangalore,2.52,3.72,105,Hyderabad Warehouse,84,2026-07-03,,,,,,,,,,,,,,
278,8,15,2025-03-18,2025-03-21,2025-03-20,451,In Transit,Dolore Product,Automotive,1024.49,5,Hans-Bir,Siliguri,2.43,4.68,15,Chennai Warehouse,343,2026-07-02,,,,,,,,,,,,,,
279,17,78,2025-08-02,2025-08-07,2025-08-12,41,Delayed,Quam Product,Clothing,1593.13,4,"Sule, Jaggi and Char",Pallavaram,6.39,3.52,78,Hyderabad Warehouse,637,2026-07-09,,,,,,,,,,,,,,
280,11,140,2026-06-09,2026-06-18,2026-06-17,289,Delivered,Recusandae Product,Groceries,2705.55,15,Banerjee Group,Alappuzha,8.52,4.3,140,Hyderabad Warehouse,927,2026-06-18,,,,,,,,,,,,,,
281,1,125,2024-12-03,2024-12-13,2024-12-15,156,Cancelled,Consectetur Product,Clothing,1221.23,13,"Balasubramanian, Gara and Memon",Nadiad,5.69,4.88,125,Chennai Warehouse,72,2026-06-29,8.0,Port Congestion,Medium,Doloribus recusandae sit eveniet explicabo quisquam dolore.,2025-12-19,8.0,Switch Supplier,Approved,2026-05-09,8.0,Failed,1.0,14006.02,Cost increased
282,17,100,2024-09-25,2024-09-29,2024-10-04,488,Delivered,Fugit Product,Clothing,465.64,12,"Sule, Jaggi and Char",Pallavaram,6.39,3.52,100,Bangalore Warehouse,276,2026-06-20,,,,,,,,,,,,,,
283,9,71,2025-03-17,2025-03-26,2025-03-31,45,Delayed,Aperiam Product,Clothing,4446.27,15,"Loyal, Varma and Tripathi",Firozabad,9.75,4.64,71,Delhi Warehouse,179,2026-07-05,,,,,,,,,,,,,,
284,20,57,2025-10-30,2025-11-07,2025-11-11,37,In Transit,Distinctio Product,Automotive,863.84,19,Chakraborty-Sengupta,Malda,5.0,3.56,57,Hyderabad Warehouse,848,2026-06-28,,,,,,,,,,,,,,
285,3,42,2024-11-16,2024-11-20,2024-11-25,84,Delivered,Exercitationem Product,Medical,980.26,5,"Balan, Virk and Mangal",Bangalore,3.73,4.49,42,Bangalore Warehouse,493,2026-07-01,,,,,,,,,,,,,,
286,11,130,2025-06-29,2025-07-08,2025-07-12,432,In Transit,Rerum Product,Clothing,379.31,9,Banerjee Group,Alappuzha,8.52,4.3,130,Bangalore Warehouse,702,2026-06-28,,,,,,,,,,,,,,
287,14,148,2025-09-16,2025-09-26,2025-09-24,250,Delivered,Saepe Product,Groceries,920.71,10,"Bahri, Dugar and Ratti",Kottayam,8.09,4.85,148,Delhi Warehouse,944,2026-06-16,,,,,,,,,,,,,,
288,6,142,2025-12-20,2025-12-29,2025-12-27,232,Delayed,Dolorum Product,Groceries,1310.64,7,Bhavsar-Sampath,Bangalore,2.52,3.72,142,Mumbai Warehouse,982,2026-07-09,,,,,,,,,,,,,,
289,6,37,2024-11-22,2024-11-30,2024-11-29,487,Delivered,Earum Product,Groceries,442.22,11,Bhavsar-Sampath,Bangalore,2.52,3.72,37,Mumbai Warehouse,198,2026-06-16,,,,,,,,,,,,,,
290,18,32,2024-11-24,2024-11-28,2024-11-28,375,Delivered,Quis Product,Groceries,4929.24,1,Raju and Sons,Etawah,3.81,4.27,32,Mumbai Warehouse,715,2026-07-01,476.0,Traffic,Low,Voluptatibus ipsam corporis consequatur.,2025-09-03,476.0,Change Transport Route,Pending,2025-08-03,476.0,Pending,14.0,1462.07,Issue resolved successfully
291,10,149,2026-07-15,2026-07-25,2026-07-28,345,Delayed,Asperiores Product,Groceries,2199.52,9,"Mitter, Srinivasan and Dixit",Shimoga,1.81,3.9,149,Chennai Warehouse,331,2026-07-13,,,,,,,,,,,,,,
292,18,80,2025-01-28,2025-01-31,2025-02-02,353,In Transit,Corporis Product,Medical,4255.47,15,Raju and Sons,Etawah,3.81,4.27,80,Mumbai Warehouse,656,2026-07-08,595.0,Machine Failure,Low,Est quia earum.,2025-12-02,595.0,Switch Supplier,Rejected,2026-03-11,595.0,Resolved,3.0,6790.32,Cost increased
293,7,40,2024-11-21,2024-11-26,2024-11-29,266,In Transit,Nemo Product,Groceries,2824.16,10,Wali PLC,Khandwa,2.76,4.43,40,Hyderabad Warehouse,554,2026-06-27,,,,,,,,,,,,,,
294,13,30,2026-04-07,2026-04-15,2026-04-16,100,Delayed,Voluptatem Product,Medical,3709.02,5,"Borah, Gill and Varma",Dehri,6.15,3.78,30,Chennai Warehouse,472,2026-06-30,,,,,,,,,,,,,,
295,3,55,2024-12-28,2025-01-06,2025-01-08,28,In Transit,Odio Product,Furniture,4563.23,5,"Balan, Virk and Mangal",Bangalore,3.73,4.49,55,Bangalore Warehouse,422,2026-07-01,,,,,,,,,,,,,,
296,16,144,2026-04-11,2026-04-21,2026-04-21,134,Delivered,Ipsam Product,Electronics,744.79,2,Handa-Manda,Vijayanagaram,8.66,4.77,144,Mumbai Warehouse,720,2026-06-29,,,,,,,,,,,,,,
297,8,112,2026-02-25,2026-02-28,2026-02-26,79,Delivered,Modi Product,Electronics,2985.26,19,Hans-Bir,Siliguri,2.43,4.68,112,Bangalore Warehouse,212,2026-06-25,,,,,,,,,,,,,,
298,2,17,2026-07-06,2026-07-11,2026-07-16,85,Cancelled,Veniam Product,Clothing,2682.42,6,Gour Ltd,Bhilwara,8.05,3.83,17,Bangalore Warehouse,243,2026-07-06,,,,,,,,,,,,,,
299,9,27,2026-01-09,2026-01-18,2026-01-23,202,In Transit,Vero Product,Furniture,4788.07,19,"Loyal, Varma and Tripathi",Firozabad,9.75,4.64,27,Delhi Warehouse,91,2026-07-05,,,,,,,,,,,,,,
300,20,6,2025-11-10,2025-11-17,2025-11-18,452,Delayed,Reiciendis Product,Furniture,3938.69,18,Chakraborty-Sengupta,Malda,5.0,3.56,6,Bangalore Warehouse,894,2026-06-26,,,,,,,,,,,,,,
301,14,132,2026-04-12,2026-04-22,2026-04-25,341,In Transit,Quisquam Product,Groceries,1498.72,7,"Bahri, Dugar and Ratti",Kottayam,8.09,4.85,132,Mumbai Warehouse,860,2026-07-05,,,,,,,,,,,,,,
302,2,118,2025-12-19,2025-12-21,2025-12-22,58,In Transit,Harum Product,Automotive,2602.93,16,Gour Ltd,Bhilwara,8.05,3.83,118,Bangalore Warehouse,482,2026-06-18,539.0,Transport Strike,Low,Quam sint reiciendis accusamus non vero reprehenderit.,2026-03-30,539.0,Change Transport Route,Pending,2025-07-18,539.0,Partially Resolved,14.0,-3971.56,Shipment rerouted
303,6,46,2025-04-16,2025-04-18,2025-04-17,235,In Transit,Impedit Product,Electronics,1574.36,7,Bhavsar-Sampath,Bangalore,2.52,3.72,46,Chennai Warehouse,372,2026-06-23,,,,,,,,,,,,,,
304,15,139,2026-01-13,2026-01-20,2026-01-21,303,In Transit,Vero Product,Furniture,4054.68,9,Sastry and Sons,Haldia,5.45,4.34,139,Mumbai Warehouse,185,2026-07-15,,,,,,,,,,,,,,
305,15,97,2024-09-07,2024-09-12,2024-09-15,93,Delayed,Id Product,Electronics,4003.94,12,Sastry and Sons,Haldia,5.45,4.34,97,Bangalore Warehouse,353,2026-07-08,,,,,,,,,,,,,,
306,5,119,2025-09-21,2025-09-23,2025-09-26,111,Cancelled,Maxime Product,Furniture,4794.94,19,Chander-Sibal,Kochi,6.81,4.37,119,Mumbai Warehouse,383,2026-07-01,533.0,Machine Failure,High,Voluptatum necessitatibus rerum minima aliquid fuga cum.,2025-08-08,533.0,Change Transport Route,Rejected,2025-08-04,533.0,Pending,8.0,8291.91,Shipment rerouted
307,12,33,2025-01-27,2025-01-31,2025-02-05,81,Delayed,Facere Product,Medical,1997.29,4,Thakur and Sons,Kanpur,5.83,3.5,33,Delhi Warehouse,549,2026-07-12,,,,,,,,,,,,,,
308,14,45,2026-01-27,2026-01-30,2026-01-31,105,In Transit,Nobis Product,Medical,164.54,6,"Bahri, Dugar and Ratti",Kottayam,8.09,4.85,45,Bangalore Warehouse,567,2026-07-04,195.0,Weather,Medium,Sint recusandae in officia dolorum molestias.,2025-11-12,195.0,Switch Supplier,Pending,2026-06-25,195.0,Resolved,15.0,14158.93,Issue resolved successfully
309,5,9,2024-10-05,2024-10-13,2024-10-14,179,Delayed,Alias Product,Groceries,1305.18,16,Chander-Sibal,Kochi,6.81,4.37,9,Mumbai Warehouse,917,2026-07-04,46.0,Machine Failure,Low,Beatae dignissimos illum totam voluptates nostrum amet.,2026-07-14,46.0,Increase Safety Stock,Implemented,2026-06-25,46.0,Failed,8.0,10144.14,Cost increased
310,1,141,2026-06-09,2026-06-14,2026-06-19,29,Cancelled,Provident Product,Automotive,4798.63,6,"Balasubramanian, Gara and Memon",Nadiad,5.69,4.88,141,Delhi Warehouse,291,2026-07-10,,,,,,,,,,,,,,
311,1,30,2025-06-04,2025-06-11,2025-06-10,99,In Transit,Voluptatem Product,Medical,3709.02,5,"Balasubramanian, Gara and Memon",Nadiad,5.69,4.88,30,Chennai Warehouse,472,2026-06-30,348.0,Supplier Delay,High,Labore eaque architecto maxime placeat.,2026-02-20,348.0,Increase Safety Stock,Pending,2025-11-02,348.0,Resolved,8.0,9254.39,Issue resolved successfully
312,4,114,2026-07-04,2026-07-11,2026-07-09,284,Cancelled,Dicta Product,Clothing,1943.15,20,Rajagopal-Jayaraman,Jalna,1.0,3.51,114,Hyderabad Warehouse,822,2026-07-08,,,,,,,,,,,,,,
313,10,59,2026-04-02,2026-04-06,2026-04-11,197,Delivered,Omnis Product,Electronics,2194.29,10,"Mitter, Srinivasan and Dixit",Shimoga,1.81,3.9,59,Chennai Warehouse,265,2026-07-01,327.0,Port Congestion,Medium,Dolore occaecati dolores sapiente.,2026-04-08,327.0,Increase Safety Stock,Rejected,2025-12-15,327.0,Failed,4.0,3179.22,Supplier changed
314,19,128,2025-03-16,2025-03-25,2025-03-23,324,Cancelled,Non Product,Clothing,4746.22,5,"Nagar, Hari and Chada",Munger,9.42,4.61,128,Hyderabad Warehouse,464,2026-06-23,,,,,,,,,,,,,,
315,2,142,2024-09-13,2024-09-21,2024-09-21,439,In Transit,Dolorum Product,Groceries,1310.64,7,Gour Ltd,Bhilwara,8.05,3.83,142,Mumbai Warehouse,982,2026-07-09,,,,,,,,,,,,,,
316,9,137,2024-08-21,2024-08-24,2024-08-22,414,In Transit,Aliquid Product,Medical,3630.8,13,"Loyal, Varma and Tripathi",Firozabad,9.75,4.64,137,Delhi Warehouse,82,2026-07-03,,,,,,,,,,,,,,
317,3,73,2025-02-14,2025-02-18,2025-02-19,255,Delayed,Debitis Product,Furniture,1718.5,11,"Balan, Virk and Mangal",Bangalore,3.73,4.49,73,Mumbai Warehouse,263,2026-07-09,,,,,,,,,,,,,,
318,4,84,2026-01-27,2026-02-04,2026-02-09,42,Delivered,Ab Product,Clothing,1108.56,18,Rajagopal-Jayaraman,Jalna,1.0,3.51,84,Bangalore Warehouse,80,2026-06-28,182.0,Supplier Delay,Low,Cupiditate laboriosam quasi maiores.,2025-11-06,182.0,Increase Safety Stock,Implemented,2026-01-14,182.0,Resolved,15.0,-4303.1,Issue resolved successfully
319,10,60,2025-03-30,2025-04-09,2025-04-13,97,Delayed,Ipsa Product,Furniture,2536.82,19,"Mitter, Srinivasan and Dixit",Shimoga,1.81,3.9,60,Bangalore Warehouse,753,2026-07-14,,,,,,,,,,,,,,
320,6,72,2025-11-26,2025-12-02,2025-12-07,98,Delivered,Fuga Product,Groceries,160.42,9,Bhavsar-Sampath,Bangalore,2.52,3.72,72,Chennai Warehouse,359,2026-07-11,,,,,,,,,,,,,,
321,5,103,2024-11-18,2024-11-27,2024-11-27,83,Delayed,Sunt Product,Furniture,3330.94,12,Chander-Sibal,Kochi,6.81,4.37,103,Chennai Warehouse,485,2026-07-13,,,,,,,,,,,,,,
322,14,149,2025-07-19,2025-07-22,2025-07-21,435,Cancelled,Asperiores Product,Groceries,2199.52,9,"Bahri, Dugar and Ratti",Kottayam,8.09,4.85,149,Chennai Warehouse,331,2026-07-13,,,,,,,,,,,,,,
323,14,24,2025-05-11,2025-05-18,2025-05-21,162,Cancelled,Dolorem Product,Medical,3211.29,13,"Bahri, Dugar and Ratti",Kottayam,8.09,4.85,24,Bangalore Warehouse,374,2026-06-27,,,,,,,,,,,,,,
324,16,17,2024-12-12,2024-12-18,2024-12-19,437,Delivered,Veniam Product,Clothing,2682.42,6,Handa-Manda,Vijayanagaram,8.66,4.77,17,Bangalore Warehouse,243,2026-07-06,,,,,,,,,,,,,,
325,2,18,2025-02-10,2025-02-16,2025-02-14,270,Cancelled,Commodi Product,Electronics,2870.64,11,Gour Ltd,Bhilwara,8.05,3.83,18,Mumbai Warehouse,611,2026-06-21,,,,,,,,,,,,,,
326,4,133,2025-01-22,2025-01-26,2025-01-31,238,Cancelled,Doloremque Product,Groceries,552.4,17,Rajagopal-Jayaraman,Jalna,1.0,3.51,133,Hyderabad Warehouse,760,2026-06-27,,,,,,,,,,,,,,
327,15,69,2024-09-12,2024-09-17,2024-09-17,449,Delivered,Ipsa Product,Groceries,1707.84,17,Sastry and Sons,Haldia,5.45,4.34,69,Mumbai Warehouse,267,2026-07-09,407.0,Weather,Medium,Eveniet cumque reiciendis sapiente tenetur praesentium officiis.,2026-06-23,407.0,Change Transport Route,Pending,2025-10-25,407.0,Resolved,6.0,4635.84,Minor delay occurred
328,10,73,2025-10-21,2025-10-30,2025-10-28,299,Delivered,Debitis Product,Furniture,1718.5,11,"Mitter, Srinivasan and Dixit",Shimoga,1.81,3.9,73,Mumbai Warehouse,263,2026-07-09,,,,,,,,,,,,,,
329,3,90,2026-04-03,2026-04-10,2026-04-09,24,Delayed,Quo Product,Electronics,4661.14,19,"Balan, Virk and Mangal",Bangalore,3.73,4.49,90,Delhi Warehouse,466,2026-06-28,,,,,,,,,,,,,,
330,16,80,2025-12-06,2025-12-13,2025-12-16,347,Delivered,Corporis Product,Medical,4255.47,15,Handa-Manda,Vijayanagaram,8.66,4.77,80,Mumbai Warehouse,656,2026-07-08,,,,,,,,,,,,,,
331,17,27,2025-09-10,2025-09-14,2025-09-14,19,Delayed,Vero Product,Furniture,4788.07,19,"Sule, Jaggi and Char",Pallavaram,6.39,3.52,27,Delhi Warehouse,91,2026-07-05,,,,,,,,,,,,,,
332,13,26,2025-04-22,2025-04-30,2025-04-28,131,Delayed,Ducimus Product,Medical,488.37,16,"Borah, Gill and Varma",Dehri,6.15,3.78,26,Mumbai Warehouse,280,2026-07-04,,,,,,,,,,,,,,
333,19,60,2025-09-16,2025-09-21,2025-09-25,226,Delivered,Ipsa Product,Furniture,2536.82,19,"Nagar, Hari and Chada",Munger,9.42,4.61,60,Bangalore Warehouse,753,2026-07-14,30.0,Supplier Delay,Medium,Totam aut nesciunt nesciunt veritatis.,2025-10-10,30.0,Change Transport Route,Implemented,2026-02-04,30.0,Partially Resolved,11.0,-2593.92,Cost increased
333,19,60,2025-09-16,2025-09-21,2025-09-25,226,Delivered,Ipsa Product,Furniture,2536.82,19,"Nagar, Hari and Chada",Munger,9.42,4.61,60,Bangalore Warehouse,753,2026-07-14,441.0,Machine Failure,High,Odit inventore eum.,2026-02-21,441.0,Change Transport Route,Rejected,2026-05-17,441.0,Pending,9.0,9268.08,Cost increased
334,20,44,2026-02-10,2026-02-15,2026-02-20,98,Delayed,Voluptatum Product,Groceries,3216.56,15,Chakraborty-Sengupta,Malda,5.0,3.56,44,Chennai Warehouse,740,2026-07-04,,,,,,,,,,,,,,
335,15,30,2025-07-24,2025-08-02,2025-08-02,347,Delivered,Voluptatem Product,Medical,3709.02,5,Sastry and Sons,Haldia,5.45,4.34,30,Chennai Warehouse,472,2026-06-30,,,,,,,,,,,,,,
336,5,75,2025-12-19,2025-12-23,2025-12-26,57,Delivered,Recusandae Product,Automotive,4884.77,14,Chander-Sibal,Kochi,6.81,4.37,75,Chennai Warehouse,450,2026-07-07,,,,,,,,,,,,,,
337,4,6,2024-12-12,2024-12-19,2024-12-20,462,Cancelled,Reiciendis Product,Furniture,3938.69,18,Rajagopal-Jayaraman,Jalna,1.0,3.51,6,Bangalore Warehouse,894,2026-06-26,,,,,,,,,,,,,,
338,10,78,2025-09-17,2025-09-23,2025-09-26,198,In Transit,Quam Product,Clothing,1593.13,4,"Mitter, Srinivasan and Dixit",Shimoga,1.81,3.9,78,Hyderabad Warehouse,637,2026-07-09,,,,,,,,,,,,,,
339,18,75,2025-12-24,2025-12-28,2026-01-02,266,Cancelled,Recusandae Product,Automotive,4884.77,14,Raju and Sons,Etawah,3.81,4.27,75,Chennai Warehouse,450,2026-07-07,,,,,,,,,,,,,,
340,16,32,2025-12-05,2025-12-09,2025-12-14,333,In Transit,Quis Product,Groceries,4929.24,1,Handa-Manda,Vijayanagaram,8.66,4.77,32,Mumbai Warehouse,715,2026-07-01,,,,,,,,,,,,,,
341,4,48,2026-04-04,2026-04-08,2026-04-06,12,Delivered,Neque Product,Medical,518.28,5,Rajagopal-Jayaraman,Jalna,1.0,3.51,48,Delhi Warehouse,626,2026-06-27,,,,,,,,,,,,,,
342,20,50,2024-08-11,2024-08-21,2024-08-24,404,Cancelled,Quae Product,Automotive,939.97,7,Chakraborty-Sengupta,Malda,5.0,3.56,50,Chennai Warehouse,576,2026-07-06,,,,,,,,,,,,,,
343,17,74,2026-06-26,2026-07-05,2026-07-09,67,Delivered,Cum Product,Clothing,3762.37,5,"Sule, Jaggi and Char",Pallavaram,6.39,3.52,74,Hyderabad Warehouse,592,2026-06-21,,,,,,,,,,,,,,
344,16,95,2024-08-28,2024-08-31,2024-08-29,406,Delayed,Temporibus Product,Automotive,2131.71,12,Handa-Manda,Vijayanagaram,8.66,4.77,95,Hyderabad Warehouse,870,2026-07-10,,,,,,,,,,,,,,
345,19,68,2025-06-30,2025-07-02,2025-07-04,308,In Transit,Delectus Product,Clothing,4916.43,20,"Nagar, Hari and Chada",Munger,9.42,4.61,68,Chennai Warehouse,660,2026-06-18,,,,,,,,,,,,,,
346,6,73,2025-04-22,2025-04-27,2025-05-01,248,Delivered,Debitis Product,Furniture,1718.5,11,Bhavsar-Sampath,Bangalore,2.52,3.72,73,Mumbai Warehouse,263,2026-07-09,,,,,,,,,,,,,,
347,15,9,2026-01-02,2026-01-04,2026-01-07,44,Cancelled,Alias Product,Groceries,1305.18,16,Sastry and Sons,Haldia,5.45,4.34,9,Mumbai Warehouse,917,2026-07-04,,,,,,,,,,,,,,
348,12,116,2026-07-09,2026-07-17,2026-07-18,102,In Transit,Architecto Product,Groceries,763.04,10,Thakur and Sons,Kanpur,5.83,3.5,116,Bangalore Warehouse,102,2026-07-04,,,,,,,,,,,,,,
349,18,142,2026-06-14,2026-06-16,2026-06-17,32,Delivered,Dolorum Product,Groceries,1310.64,7,Raju and Sons,Etawah,3.81,4.27,142,Mumbai Warehouse,982,2026-07-09,,,,,,,,,,,,,,
350,16,88,2024-08-31,2024-09-05,2024-09-05,193,Delayed,Ab Product,Medical,441.59,19,Handa-Manda,Vijayanagaram,8.66,4.77,88,Bangalore Warehouse,70,2026-07-10,,,,,,,,,,,,,,
351,11,49,2026-04-04,2026-04-06,2026-04-11,247,Cancelled,Alias Product,Furniture,4769.64,3,Banerjee Group,Alappuzha,8.52,4.3,49,Bangalore Warehouse,842,2026-07-01,,,,,,,,,,,,,,
352,12,87,2024-11-06,2024-11-15,2024-11-13,483,Delayed,Vitae Product,Clothing,4295.55,19,Thakur and Sons,Kanpur,5.83,3.5,87,Delhi Warehouse,423,2026-06-26,,,,,,,,,,,,,,
353,16,134,2025-03-30,2025-04-02,2025-04-05,261,In Transit,Eligendi Product,Automotive,3447.14,10,Handa-Manda,Vijayanagaram,8.66,4.77,134,Hyderabad Warehouse,699,2026-07-02,,,,,,,,,,,,,,
354,15,85,2026-05-18,2026-05-22,2026-05-24,340,Delayed,Vero Product,Medical,287.27,20,Sastry and Sons,Haldia,5.45,4.34,85,Bangalore Warehouse,854,2026-06-21,,,,,,,,,,,,,,
355,20,128,2026-01-16,2026-01-18,2026-01-21,336,Delayed,Non Product,Clothing,4746.22,5,Chakraborty-Sengupta,Malda,5.0,3.56,128,Hyderabad Warehouse,464,2026-06-23,,,,,,,,,,,,,,
356,4,121,2026-01-10,2026-01-14,2026-01-16,53,Delayed,Veniam Product,Furniture,3093.62,19,Rajagopal-Jayaraman,Jalna,1.0,3.51,121,Bangalore Warehouse,683,2026-06-20,,,,,,,,,,,,,,
357,8,45,2025-08-09,2025-08-12,2025-08-10,397,Delayed,Nobis Product,Medical,164.54,6,Hans-Bir,Siliguri,2.43,4.68,45,Bangalore Warehouse,567,2026-07-04,389.0,Supplier Delay,Low,Dolorem officiis atque totam eos odio dolore iusto.,2026-01-16,389.0,Expedite Shipment,Pending,2026-07-13,389.0,Failed,13.0,6678.9,Supplier changed
358,11,89,2024-10-04,2024-10-13,2024-10-13,30,Delivered,Fugiat Product,Electronics,4524.8,7,Banerjee Group,Alappuzha,8.52,4.3,89,Bangalore Warehouse,597,2026-06-18,193.0,Weather,High,Amet cumque esse.,2025-09-28,193.0,Expedite Shipment,Pending,2025-12-11,193.0,Failed,7.0,2949.95,Issue resolved successfully
359,17,47,2024-11-08,2024-11-13,2024-11-11,324,Delayed,Impedit Product,Clothing,4282.54,1,"Sule, Jaggi and Char",Pallavaram,6.39,3.52,47,Chennai Warehouse,913,2026-06-30,,,,,,,,,,,,,,
360,8,40,2025-12-06,2025-12-10,2025-12-11,175,Delayed,Nemo Product,Groceries,2824.16,10,Hans-Bir,Siliguri,2.43,4.68,40,Hyderabad Warehouse,554,2026-06-27,,,,,,,,,,,,,,
361,1,94,2025-08-10,2025-08-13,2025-08-13,474,Delivered,Culpa Product,Clothing,4115.37,20,"Balasubramanian, Gara and Memon",Nadiad,5.69,4.88,94,Delhi Warehouse,329,2026-07-15,517.0,Weather,Medium,Dolorum deserunt quod recusandae nostrum.,2025-08-09,517.0,Increase Safety Stock,Implemented,2026-06-06,517.0,Partially Resolved,13.0,-4723.13,Minor delay occurred
362,8,52,2025-01-07,2025-01-16,2025-01-20,146,Delivered,Architecto Product,Medical,1642.77,20,Hans-Bir,Siliguri,2.43,4.68,52,Mumbai Warehouse,918,2026-06-30,,,,,,,,,,,,,,
363,18,82,2025-11-21,2025-11-27,2025-11-25,189,Delivered,Unde Product,Electronics,3347.22,1,Raju and Sons,Etawah,3.81,4.27,82,Hyderabad Warehouse,481,2026-07-04,,,,,,,,,,,,,,
364,9,16,2025-02-14,2025-02-18,2025-02-21,337,Delivered,Vel Product,Medical,4239.68,2,"Loyal, Varma and Tripathi",Firozabad,9.75,4.64,16,Hyderabad Warehouse,928,2026-07-01,,,,,,,,,,,,,,
365,4,76,2025-03-19,2025-03-27,2025-03-28,202,Delayed,Sunt Product,Electronics,2690.2,2,Rajagopal-Jayaraman,Jalna,1.0,3.51,76,Delhi Warehouse,630,2026-06-16,,,,,,,,,,,,,,
366,9,121,2025-05-24,2025-05-28,2025-05-31,140,Delayed,Veniam Product,Furniture,3093.62,19,"Loyal, Varma and Tripathi",Firozabad,9.75,4.64,121,Bangalore Warehouse,683,2026-06-20,,,,,,,,,,,,,,
367,12,20,2026-03-15,2026-03-17,2026-03-15,39,Delayed,Laborum Product,Electronics,563.85,5,Thakur and Sons,Kanpur,5.83,3.5,20,Bangalore Warehouse,426,2026-07-15,,,,,,,,,,,,,,
368,9,148,2025-07-05,2025-07-14,2025-07-14,172,Delayed,Saepe Product,Groceries,920.71,10,"Loyal, Varma and Tripathi",Firozabad,9.75,4.64,148,Delhi Warehouse,944,2026-06-16,,,,,,,,,,,,,,
369,7,118,2026-05-27,2026-06-04,2026-06-03,432,Cancelled,Harum Product,Automotive,2602.93,16,Wali PLC,Khandwa,2.76,4.43,118,Bangalore Warehouse,482,2026-06-18,,,,,,,,,,,,,,
370,9,101,2026-05-06,2026-05-14,2026-05-13,310,Delayed,Delectus Product,Automotive,1333.96,11,"Loyal, Varma and Tripathi",Firozabad,9.75,4.64,101,Bangalore Warehouse,654,2026-06-16,,,,,,,,,,,,,,
371,4,3,2024-11-22,2024-11-27,2024-11-30,374,In Transit,Iure Product,Medical,1939.35,19,Rajagopal-Jayaraman,Jalna,1.0,3.51,3,Mumbai Warehouse,584,2026-07-06,,,,,,,,,,,,,,
372,14,93,2025-01-08,2025-01-17,2025-01-15,113,Cancelled,Nemo Product,Automotive,3838.07,10,"Bahri, Dugar and Ratti",Kottayam,8.09,4.85,93,Mumbai Warehouse,413,2026-06-19,,,,,,,,,,,,,,
373,2,115,2025-09-29,2025-10-03,2025-10-07,347,Delayed,Accusamus Product,Clothing,1194.04,7,Gour Ltd,Bhilwara,8.05,3.83,115,Chennai Warehouse,832,2026-06-27,,,,,,,,,,,,,,
374,12,148,2025-02-26,2025-03-05,2025-03-06,392,Cancelled,Saepe Product,Groceries,920.71,10,Thakur and Sons,Kanpur,5.83,3.5,148,Delhi Warehouse,944,2026-06-16,,,,,,,,,,,,,,
375,4,118,2026-02-11,2026-02-18,2026-02-20,149,In Transit,Harum Product,Automotive,2602.93,16,Rajagopal-Jayaraman,Jalna,1.0,3.51,118,Bangalore Warehouse,482,2026-06-18,,,,,,,,,,,,,,
376,4,97,2025-09-27,2025-10-06,2025-10-08,210,Delivered,Id Product,Electronics,4003.94,12,Rajagopal-Jayaraman,Jalna,1.0,3.51,97,Bangalore Warehouse,353,2026-07-08,,,,,,,,,,,,,,
377,12,28,2026-01-17,2026-01-24,2026-01-23,103,Delayed,Quidem Product,Groceries,4168.94,2,Thakur and Sons,Kanpur,5.83,3.5,28,Hyderabad Warehouse,118,2026-06-24,,,,,,,,,,,,,,
378,10,44,2024-10-27,2024-11-01,2024-11-03,358,Cancelled,Voluptatum Product,Groceries,3216.56,15,"Mitter, Srinivasan and Dixit",Shimoga,1.81,3.9,44,Chennai Warehouse,740,2026-07-04,,,,,,,,,,,,,,
379,2,71,2024-11-18,2024-11-20,2024-11-18,73,Delivered,Aperiam Product,Clothing,4446.27,15,Gour Ltd,Bhilwara,8.05,3.83,71,Delhi Warehouse,179,2026-07-05,,,,,,,,,,,,,,
380,9,35,2025-04-13,2025-04-20,2025-04-19,493,Delayed,Dolores Product,Electronics,4034.14,20,"Loyal, Varma and Tripathi",Firozabad,9.75,4.64,35,Chennai Warehouse,804,2026-07-11,,,,,,,,,,,,,,
381,3,26,2025-03-05,2025-03-14,2025-03-15,150,In Transit,Ducimus Product,Medical,488.37,16,"Balan, Virk and Mangal",Bangalore,3.73,4.49,26,Mumbai Warehouse,280,2026-07-04,,,,,,,,,,,,,,
382,9,44,2026-07-01,2026-07-10,2026-07-12,244,Cancelled,Voluptatum Product,Groceries,3216.56,15,"Loyal, Varma and Tripathi",Firozabad,9.75,4.64,44,Chennai Warehouse,740,2026-07-04,,,,,,,,,,,,,,
383,16,42,2025-11-10,2025-11-18,2025-11-17,470,In Transit,Exercitationem Product,Medical,980.26,5,Handa-Manda,Vijayanagaram,8.66,4.77,42,Bangalore Warehouse,493,2026-07-01,,,,,,,,,,,,,,
384,1,61,2025-11-09,2025-11-12,2025-11-14,284,Delivered,Eveniet Product,Furniture,3258.29,8,"Balasubramanian, Gara and Memon",Nadiad,5.69,4.88,61,Mumbai Warehouse,725,2026-06-20,,,,,,,,,,,,,,
385,10,30,2026-04-03,2026-04-09,2026-04-10,405,Delayed,Voluptatem Product,Medical,3709.02,5,"Mitter, Srinivasan and Dixit",Shimoga,1.81,3.9,30,Chennai Warehouse,472,2026-06-30,,,,,,,,,,,,,,
386,11,97,2025-07-14,2025-07-17,2025-07-18,401,Cancelled,Id Product,Electronics,4003.94,12,Banerjee Group,Alappuzha,8.52,4.3,97,Bangalore Warehouse,353,2026-07-08,,,,,,,,,,,,,,
387,13,35,2025-03-12,2025-03-21,2025-03-24,107,Delivered,Dolores Product,Electronics,4034.14,20,"Borah, Gill and Varma",Dehri,6.15,3.78,35,Chennai Warehouse,804,2026-07-11,,,,,,,,,,,,,,
388,1,41,2024-12-03,2024-12-07,2024-12-09,30,Cancelled,Architecto Product,Furniture,1703.5,1,"Balasubramanian, Gara and Memon",Nadiad,5.69,4.88,41,Hyderabad Warehouse,681,2026-06-26,,,,,,,,,,,,,,
389,12,50,2025-05-09,2025-05-16,2025-05-15,61,Delayed,Quae Product,Automotive,939.97,7,Thakur and Sons,Kanpur,5.83,3.5,50,Chennai Warehouse,576,2026-07-06,,,,,,,,,,,,,,
390,4,51,2025-03-22,2025-03-24,2025-03-28,482,In Transit,Corrupti Product,Medical,1864.29,15,Rajagopal-Jayaraman,Jalna,1.0,3.51,51,Chennai Warehouse,926,2026-07-02,121.0,Weather,Medium,Temporibus ea repellendus.,2025-07-24,121.0,Increase Safety Stock,Implemented,2026-01-29,121.0,Pending,12.0,13478.58,Cost increased
391,14,150,2025-02-07,2025-02-11,2025-02-12,479,Cancelled,Harum Product,Furniture,1928.91,14,"Bahri, Dugar and Ratti",Kottayam,8.09,4.85,150,Bangalore Warehouse,533,2026-07-09,,,,,,,,,,,,,,
392,14,41,2025-11-23,2025-11-26,2025-11-30,418,Cancelled,Architecto Product,Furniture,1703.5,1,"Bahri, Dugar and Ratti",Kottayam,8.09,4.85,41,Hyderabad Warehouse,681,2026-06-26,,,,,,,,,,,,,,
393,5,84,2025-12-09,2025-12-17,2025-12-20,404,Cancelled,Ab Product,Clothing,1108.56,18,Chander-Sibal,Kochi,6.81,4.37,84,Bangalore Warehouse,80,2026-06-28,282.0,Port Congestion,Low,Laboriosam ullam modi magni ut soluta.,2025-08-29,282.0,Change Transport Route,Approved,2026-05-19,282.0,Resolved,3.0,-2484.27,Minor delay occurred
394,18,6,2026-02-16,2026-02-26,2026-03-02,383,Cancelled,Reiciendis Product,Furniture,3938.69,18,Raju and Sons,Etawah,3.81,4.27,6,Bangalore Warehouse,894,2026-06-26,,,,,,,,,,,,,,
395,3,44,2024-07-21,2024-07-24,2024-07-26,384,Delivered,Voluptatum Product,Groceries,3216.56,15,"Balan, Virk and Mangal",Bangalore,3.73,4.49,44,Chennai Warehouse,740,2026-07-04,,,,,,,,,,,,,,
396,15,24,2025-11-24,2025-12-04,2025-12-08,384,Delivered,Dolorem Product,Medical,3211.29,13,Sastry and Sons,Haldia,5.45,4.34,24,Bangalore Warehouse,374,2026-06-27,,,,,,,,,,,,,,
397,11,114,2025-09-05,2025-09-15,2025-09-18,487,Cancelled,Dicta Product,Clothing,1943.15,20,Banerjee Group,Alappuzha,8.52,4.3,114,Hyderabad Warehouse,822,2026-07-08,,,,,,,,,,,,,,
398,11,122,2026-05-16,2026-05-24,2026-05-22,364,Delayed,Expedita Product,Electronics,1957.13,8,Banerjee Group,Alappuzha,8.52,4.3,122,Delhi Warehouse,394,2026-07-14,,,,,,,,,,,,,,
399,4,5,2025-08-11,2025-08-21,2025-08-22,353,Delayed,Occaecati Product,Medical,1257.97,15,Rajagopal-Jayaraman,Jalna,1.0,3.51,5,Hyderabad Warehouse,892,2026-07-08,,,,,,,,,,,,,,
400,1,113,2026-03-15,2026-03-22,2026-03-23,188,Cancelled,Placeat Product,Groceries,4202.62,15,"Balasubramanian, Gara and Memon",Nadiad,5.69,4.88,113,Mumbai Warehouse,228,2026-07-12,,,,,,,,,,,,,,
401,7,27,2026-07-09,2026-07-14,2026-07-13,310,In Transit,Vero Product,Furniture,4788.07,19,Wali PLC,Khandwa,2.76,4.43,27,Delhi Warehouse,91,2026-07-05,130.0,Port Congestion,Medium,Nihil sapiente numquam.,2026-06-29,130.0,Change Transport Route,Implemented,2026-03-04,130.0,Pending,4.0,7956.65,Supplier changed
402,9,143,2025-11-04,2025-11-10,2025-11-11,14,Cancelled,Exercitationem Product,Furniture,2333.4,6,"Loyal, Varma and Tripathi",Firozabad,9.75,4.64,143,Hyderabad Warehouse,191,2026-07-12,,,,,,,,,,,,,,
403,14,146,2025-09-02,2025-09-08,2025-09-09,45,In Transit,Minus Product,Furniture,4540.31,18,"Bahri, Dugar and Ratti",Kottayam,8.09,4.85,146,Delhi Warehouse,858,2026-06-21,,,,,,,,,,,,,,
404,6,135,2026-05-07,2026-05-13,2026-05-14,105,In Transit,Nisi Product,Medical,1322.29,1,Bhavsar-Sampath,Bangalore,2.52,3.72,135,Delhi Warehouse,660,2026-06-19,,,,,,,,,,,,,,
405,11,3,2025-07-14,2025-07-17,2025-07-16,451,Cancelled,Iure Product,Medical,1939.35,19,Banerjee Group,Alappuzha,8.52,4.3,3,Mumbai Warehouse,584,2026-07-06,,,,,,,,,,,,,,
406,17,1,2025-01-01,2025-01-10,2025-01-13,93,Cancelled,Sint Product,Clothing,2204.33,20,"Sule, Jaggi and Char",Pallavaram,6.39,3.52,1,Mumbai Warehouse,324,2026-07-01,,,,,,,,,,,,,,
407,18,63,2024-07-23,2024-07-28,2024-07-31,179,Delivered,Minus Product,Electronics,1218.88,8,Raju and Sons,Etawah,3.81,4.27,63,Hyderabad Warehouse,518,2026-06-17,,,,,,,,,,,,,,
408,1,101,2025-02-26,2025-03-03,2025-03-01,23,Delivered,Delectus Product,Automotive,1333.96,11,"Balasubramanian, Gara and Memon",Nadiad,5.69,4.88,101,Bangalore Warehouse,654,2026-06-16,,,,,,,,,,,,,,
409,8,127,2026-07-04,2026-07-09,2026-07-12,159,In Transit,Eum Product,Automotive,1710.79,7,Hans-Bir,Siliguri,2.43,4.68,127,Delhi Warehouse,588,2026-07-12,,,,,,,,,,,,,,
410,19,14,2026-07-15,2026-07-21,2026-07-21,102,In Transit,Nulla Product,Electronics,1235.72,15,"Nagar, Hari and Chada",Munger,9.42,4.61,14,Hyderabad Warehouse,453,2026-07-12,,,,,,,,,,,,,,
411,20,109,2024-09-11,2024-09-18,2024-09-22,53,Cancelled,Beatae Product,Automotive,1167.1,12,Chakraborty-Sengupta,Malda,5.0,3.56,109,Mumbai Warehouse,573,2026-06-17,362.0,Port Congestion,Low,Debitis inventore beatae dolor rem cupiditate.,2025-12-20,362.0,Increase Safety Stock,Implemented,2026-04-21,362.0,Partially Resolved,7.0,1460.88,Cost increased
412,11,141,2025-08-30,2025-09-09,2025-09-12,257,In Transit,Provident Product,Automotive,4798.63,6,Banerjee Group,Alappuzha,8.52,4.3,141,Delhi Warehouse,291,2026-07-10,,,,,,,,,,,,,,
413,17,4,2026-01-02,2026-01-07,2026-01-12,190,Cancelled,Dignissimos Product,Clothing,2106.24,6,"Sule, Jaggi and Char",Pallavaram,6.39,3.52,4,Bangalore Warehouse,473,2026-06-30,,,,,,,,,,,,,,
414,20,117,2026-05-07,2026-05-10,2026-05-14,189,Cancelled,Quisquam Product,Medical,1461.86,8,Chakraborty-Sengupta,Malda,5.0,3.56,117,Hyderabad Warehouse,793,2026-06-16,,,,,,,,,,,,,,
415,5,148,2026-05-04,2026-05-08,2026-05-09,195,Cancelled,Saepe Product,Groceries,920.71,10,Chander-Sibal,Kochi,6.81,4.37,148,Delhi Warehouse,944,2026-06-16,,,,,,,,,,,,,,
416,20,19,2024-08-18,2024-08-28,2024-08-28,162,In Transit,Officia Product,Electronics,667.17,9,Chakraborty-Sengupta,Malda,5.0,3.56,19,Bangalore Warehouse,273,2026-06-24,,,,,,,,,,,,,,
417,18,5,2025-07-02,2025-07-10,2025-07-15,170,Delivered,Occaecati Product,Medical,1257.97,15,Raju and Sons,Etawah,3.81,4.27,5,Hyderabad Warehouse,892,2026-07-08,,,,,,,,,,,,,,
418,20,10,2026-02-02,2026-02-08,2026-02-06,370,Delayed,Ratione Product,Medical,834.09,9,Chakraborty-Sengupta,Malda,5.0,3.56,10,Hyderabad Warehouse,815,2026-07-09,,,,,,,,,,,,,,
419,11,147,2024-11-24,2024-11-27,2024-11-27,426,Cancelled,Sed Product,Medical,185.14,8,Banerjee Group,Alappuzha,8.52,4.3,147,Chennai Warehouse,280,2026-06-17,,,,,,,,,,,,,,
420,6,78,2025-04-18,2025-04-23,2025-04-25,69,Cancelled,Quam Product,Clothing,1593.13,4,Bhavsar-Sampath,Bangalore,2.52,3.72,78,Hyderabad Warehouse,637,2026-07-09,,,,,,,,,,,,,,
421,2,94,2024-07-21,2024-07-29,2024-07-28,299,In Transit,Culpa Product,Clothing,4115.37,20,Gour Ltd,Bhilwara,8.05,3.83,94,Delhi Warehouse,329,2026-07-15,,,,,,,,,,,,,,
422,17,1,2025-09-12,2025-09-22,2025-09-27,492,Delivered,Sint Product,Clothing,2204.33,20,"Sule, Jaggi and Char",Pallavaram,6.39,3.52,1,Mumbai Warehouse,324,2026-07-01,,,,,,,,,,,,,,
423,15,44,2025-10-22,2025-10-25,2025-10-23,89,Delayed,Voluptatum Product,Groceries,3216.56,15,Sastry and Sons,Haldia,5.45,4.34,44,Chennai Warehouse,740,2026-07-04,,,,,,,,,,,,,,
424,8,112,2025-01-21,2025-01-26,2025-01-30,497,Cancelled,Modi Product,Electronics,2985.26,19,Hans-Bir,Siliguri,2.43,4.68,112,Bangalore Warehouse,212,2026-06-25,,,,,,,,,,,,,,
425,11,101,2025-03-17,2025-03-25,2025-03-30,458,In Transit,Delectus Product,Automotive,1333.96,11,Banerjee Group,Alappuzha,8.52,4.3,101,Bangalore Warehouse,654,2026-06-16,302.0,Supplier Delay,Medium,Numquam vel ipsum laudantium illo.,2026-06-07,302.0,Change Transport Route,Implemented,2025-10-03,302.0,Resolved,4.0,7236.7,Minor delay occurred
426,10,10,2025-07-10,2025-07-16,2025-07-15,289,Delayed,Ratione Product,Medical,834.09,9,"Mitter, Srinivasan and Dixit",Shimoga,1.81,3.9,10,Hyderabad Warehouse,815,2026-07-09,324.0,Port Congestion,High,Ratione laboriosam magni.,2025-07-27,324.0,Switch Supplier,Approved,2025-08-27,324.0,Failed,11.0,3947.83,Minor delay occurred
427,2,110,2025-07-23,2025-07-27,2025-07-29,263,In Transit,Assumenda Product,Furniture,4904.71,9,Gour Ltd,Bhilwara,8.05,3.83,110,Chennai Warehouse,817,2026-06-23,,,,,,,,,,,,,,
428,8,43,2025-12-13,2025-12-16,2025-12-18,366,In Transit,Exercitationem Product,Furniture,2754.15,12,Hans-Bir,Siliguri,2.43,4.68,43,Delhi Warehouse,560,2026-06-21,,,,,,,,,,,,,,
429,8,92,2025-01-18,2025-01-21,2025-01-26,450,Cancelled,Architecto Product,Furniture,4826.14,10,Hans-Bir,Siliguri,2.43,4.68,92,Mumbai Warehouse,215,2026-07-07,240.0,Traffic,High,Facere sunt quaerat nulla laudantium.,2026-05-27,240.0,Change Transport Route,Rejected,2025-12-13,240.0,Failed,13.0,5665.87,Issue resolved successfully
430,19,97,2025-01-24,2025-01-27,2025-01-29,410,Delayed,Id Product,Electronics,4003.94,12,"Nagar, Hari and Chada",Munger,9.42,4.61,97,Bangalore Warehouse,353,2026-07-08,,,,,,,,,,,,,,
431,20,23,2025-01-09,2025-01-16,2025-01-16,204,In Transit,Quibusdam Product,Furniture,2588.22,10,Chakraborty-Sengupta,Malda,5.0,3.56,23,Delhi Warehouse,912,2026-06-19,,,,,,,,,,,,,,
432,20,52,2025-05-09,2025-05-19,2025-05-23,148,Delayed,Architecto Product,Medical,1642.77,20,Chakraborty-Sengupta,Malda,5.0,3.56,52,Mumbai Warehouse,918,2026-06-30,,,,,,,,,,,,,,
433,17,90,2026-01-04,2026-01-06,2026-01-04,430,Cancelled,Quo Product,Electronics,4661.14,19,"Sule, Jaggi and Char",Pallavaram,6.39,3.52,90,Delhi Warehouse,466,2026-06-28,,,,,,,,,,,,,,
434,5,38,2024-08-31,2024-09-02,2024-09-04,28,Delivered,Laborum Product,Groceries,3934.86,13,Chander-Sibal,Kochi,6.81,4.37,38,Mumbai Warehouse,317,2026-07-03,,,,,,,,,,,,,,
435,13,33,2025-01-23,2025-01-26,2025-01-31,173,Delayed,Facere Product,Medical,1997.29,4,"Borah, Gill and Varma",Dehri,6.15,3.78,33,Delhi Warehouse,549,2026-07-12,,,,,,,,,,,,,,
436,9,92,2026-01-07,2026-01-11,2026-01-14,96,Cancelled,Architecto Product,Furniture,4826.14,10,"Loyal, Varma and Tripathi",Firozabad,9.75,4.64,92,Mumbai Warehouse,215,2026-07-07,,,,,,,,,,,,,,
437,7,24,2024-09-27,2024-10-01,2024-10-03,334,In Transit,Dolorem Product,Medical,3211.29,13,Wali PLC,Khandwa,2.76,4.43,24,Bangalore Warehouse,374,2026-06-27,,,,,,,,,,,,,,
438,9,127,2024-09-03,2024-09-09,2024-09-12,339,Delayed,Eum Product,Automotive,1710.79,7,"Loyal, Varma and Tripathi",Firozabad,9.75,4.64,127,Delhi Warehouse,588,2026-07-12,,,,,,,,,,,,,,
439,8,33,2024-08-31,2024-09-02,2024-09-05,171,Cancelled,Facere Product,Medical,1997.29,4,Hans-Bir,Siliguri,2.43,4.68,33,Delhi Warehouse,549,2026-07-12,,,,,,,,,,,,,,
440,15,65,2025-07-10,2025-07-14,2025-07-18,336,In Transit,Ut Product,Groceries,3277.06,2,Sastry and Sons,Haldia,5.45,4.34,65,Delhi Warehouse,911,2026-07-06,,,,,,,,,,,,,,
441,11,51,2026-05-24,2026-06-03,2026-06-08,374,Cancelled,Corrupti Product,Medical,1864.29,15,Banerjee Group,Alappuzha,8.52,4.3,51,Chennai Warehouse,926,2026-07-02,,,,,,,,,,,,,,
442,13,72,2026-04-22,2026-04-30,2026-05-05,229,In Transit,Fuga Product,Groceries,160.42,9,"Borah, Gill and Varma",Dehri,6.15,3.78,72,Chennai Warehouse,359,2026-07-11,,,,,,,,,,,,,,
443,3,10,2025-03-28,2025-04-05,2025-04-06,312,Cancelled,Ratione Product,Medical,834.09,9,"Balan, Virk and Mangal",Bangalore,3.73,4.49,10,Hyderabad Warehouse,815,2026-07-09,,,,,,,,,,,,,,
444,14,124,2025-07-14,2025-07-16,2025-07-20,198,Delayed,Excepturi Product,Furniture,756.02,2,"Bahri, Dugar and Ratti",Kottayam,8.09,4.85,124,Chennai Warehouse,123,2026-07-09,,,,,,,,,,,,,,
445,9,79,2025-05-04,2025-05-13,2025-05-17,480,Delivered,Officiis Product,Automotive,3036.4,6,"Loyal, Varma and Tripathi",Firozabad,9.75,4.64,79,Bangalore Warehouse,898,2026-06-30,,,,,,,,,,,,,,
446,11,30,2024-07-25,2024-07-29,2024-07-29,320,Delayed,Voluptatem Product,Medical,3709.02,5,Banerjee Group,Alappuzha,8.52,4.3,30,Chennai Warehouse,472,2026-06-30,255.0,Traffic,Medium,Voluptatem temporibus deserunt fugiat pariatur.,2026-01-01,255.0,Increase Safety Stock,Pending,2026-04-10,255.0,Partially Resolved,13.0,-50.1,Shipment rerouted
447,10,141,2026-01-05,2026-01-11,2026-01-09,470,Cancelled,Provident Product,Automotive,4798.63,6,"Mitter, Srinivasan and Dixit",Shimoga,1.81,3.9,141,Delhi Warehouse,291,2026-07-10,,,,,,,,,,,,,,
448,15,90,2025-11-24,2025-11-26,2025-12-01,175,Cancelled,Quo Product,Electronics,4661.14,19,Sastry and Sons,Haldia,5.45,4.34,90,Delhi Warehouse,466,2026-06-28,,,,,,,,,,,,,,
449,3,132,2025-12-17,2025-12-26,2025-12-24,281,Delayed,Quisquam Product,Groceries,1498.72,7,"Balan, Virk and Mangal",Bangalore,3.73,4.49,132,Mumbai Warehouse,860,2026-07-05,,,,,,,,,,,,,,
450,10,67,2025-03-22,2025-03-27,2025-03-31,482,Delivered,Omnis Product,Clothing,1337.97,5,"Mitter, Srinivasan and Dixit",Shimoga,1.81,3.9,67,Hyderabad Warehouse,994,2026-06-29,,,,,,,,,,,,,,
451,4,81,2024-11-08,2024-11-11,2024-11-16,145,Delayed,Voluptatibus Product,Automotive,1958.75,1,Rajagopal-Jayaraman,Jalna,1.0,3.51,81,Chennai Warehouse,875,2026-06-17,256.0,Weather,Low,Magni placeat corporis.,2026-02-22,256.0,Increase Safety Stock,Rejected,2026-03-14,256.0,Resolved,5.0,7872.41,Cost increased
452,13,98,2026-06-15,2026-06-17,2026-06-19,483,In Transit,Quae Product,Clothing,2022.11,14,"Borah, Gill and Varma",Dehri,6.15,3.78,98,Hyderabad Warehouse,832,2026-07-05,,,,,,,,,,,,,,
453,8,43,2026-06-27,2026-07-06,2026-07-08,295,Cancelled,Exercitationem Product,Furniture,2754.15,12,Hans-Bir,Siliguri,2.43,4.68,43,Delhi Warehouse,560,2026-06-21,,,,,,,,,,,,,,
454,8,1,2025-10-04,2025-10-10,2025-10-11,426,Cancelled,Sint Product,Clothing,2204.33,20,Hans-Bir,Siliguri,2.43,4.68,1,Mumbai Warehouse,324,2026-07-01,,,,,,,,,,,,,,
455,9,83,2026-06-07,2026-06-15,2026-06-20,83,Cancelled,Deserunt Product,Automotive,990.39,6,"Loyal, Varma and Tripathi",Firozabad,9.75,4.64,83,Delhi Warehouse,294,2026-07-15,,,,,,,,,,,,,,
456,7,96,2024-08-11,2024-08-13,2024-08-16,265,Delivered,Laborum Product,Medical,3501.37,20,Wali PLC,Khandwa,2.76,4.43,96,Mumbai Warehouse,471,2026-06-19,,,,,,,,,,,,,,
457,9,84,2026-06-11,2026-06-18,2026-06-23,426,Delivered,Ab Product,Clothing,1108.56,18,"Loyal, Varma and Tripathi",Firozabad,9.75,4.64,84,Bangalore Warehouse,80,2026-06-28,,,,,,,,,,,,,,
458,13,39,2025-01-25,2025-02-03,2025-02-02,415,Delayed,Amet Product,Automotive,1228.36,6,"Borah, Gill and Varma",Dehri,6.15,3.78,39,Chennai Warehouse,720,2026-07-10,,,,,,,,,,,,,,
459,15,36,2024-07-22,2024-07-27,2024-07-25,16,In Transit,Suscipit Product,Electronics,2750.46,10,Sastry and Sons,Haldia,5.45,4.34,36,Hyderabad Warehouse,271,2026-07-15,,,,,,,,,,,,,,
460,11,119,2024-08-19,2024-08-27,2024-08-26,64,In Transit,Maxime Product,Furniture,4794.94,19,Banerjee Group,Alappuzha,8.52,4.3,119,Mumbai Warehouse,383,2026-07-01,,,,,,,,,,,,,,
461,2,85,2025-04-03,2025-04-11,2025-04-15,181,In Transit,Vero Product,Medical,287.27,20,Gour Ltd,Bhilwara,8.05,3.83,85,Bangalore Warehouse,854,2026-06-21,,,,,,,,,,,,,,
462,20,148,2025-03-09,2025-03-19,2025-03-20,270,Cancelled,Saepe Product,Groceries,920.71,10,Chakraborty-Sengupta,Malda,5.0,3.56,148,Delhi Warehouse,944,2026-06-16,,,,,,,,,,,,,,
463,4,69,2026-06-21,2026-06-30,2026-07-04,413,Delayed,Ipsa Product,Groceries,1707.84,17,Rajagopal-Jayaraman,Jalna,1.0,3.51,69,Mumbai Warehouse,267,2026-07-09,,,,,,,,,,,,,,
464,3,19,2025-09-15,2025-09-25,2025-09-24,326,Delivered,Officia Product,Electronics,667.17,9,"Balan, Virk and Mangal",Bangalore,3.73,4.49,19,Bangalore Warehouse,273,2026-06-24,,,,,,,,,,,,,,
465,12,17,2026-01-25,2026-01-27,2026-01-26,453,Cancelled,Veniam Product,Clothing,2682.42,6,Thakur and Sons,Kanpur,5.83,3.5,17,Bangalore Warehouse,243,2026-07-06,,,,,,,,,,,,,,
466,12,53,2025-07-05,2025-07-11,2025-07-14,318,In Transit,Ea Product,Clothing,3005.08,10,Thakur and Sons,Kanpur,5.83,3.5,53,Delhi Warehouse,480,2026-06-28,,,,,,,,,,,,,,
467,8,110,2024-08-13,2024-08-16,2024-08-19,42,Delayed,Assumenda Product,Furniture,4904.71,9,Hans-Bir,Siliguri,2.43,4.68,110,Chennai Warehouse,817,2026-06-23,,,,,,,,,,,,,,
468,11,49,2025-10-29,2025-11-01,2025-11-02,58,Delayed,Alias Product,Furniture,4769.64,3,Banerjee Group,Alappuzha,8.52,4.3,49,Bangalore Warehouse,842,2026-07-01,,,,,,,,,,,,,,
469,20,113,2024-09-27,2024-10-06,2024-10-06,436,Cancelled,Placeat Product,Groceries,4202.62,15,Chakraborty-Sengupta,Malda,5.0,3.56,113,Mumbai Warehouse,228,2026-07-12,,,,,,,,,,,,,,
470,11,29,2025-07-14,2025-07-21,2025-07-23,147,Delayed,Architecto Product,Furniture,4183.31,3,Banerjee Group,Alappuzha,8.52,4.3,29,Chennai Warehouse,981,2026-06-27,,,,,,,,,,,,,,
471,8,45,2025-07-02,2025-07-07,2025-07-12,159,Delayed,Nobis Product,Medical,164.54,6,Hans-Bir,Siliguri,2.43,4.68,45,Bangalore Warehouse,567,2026-07-04,,,,,,,,,,,,,,
472,19,10,2025-01-08,2025-01-11,2025-01-16,500,Delayed,Ratione Product,Medical,834.09,9,"Nagar, Hari and Chada",Munger,9.42,4.61,10,Hyderabad Warehouse,815,2026-07-09,,,,,,,,,,,,,,
473,4,42,2025-08-15,2025-08-20,2025-08-20,48,Delivered,Exercitationem Product,Medical,980.26,5,Rajagopal-Jayaraman,Jalna,1.0,3.51,42,Bangalore Warehouse,493,2026-07-01,,,,,,,,,,,,,,
474,2,109,2026-02-17,2026-02-23,2026-02-28,414,In Transit,Beatae Product,Automotive,1167.1,12,Gour Ltd,Bhilwara,8.05,3.83,109,Mumbai Warehouse,573,2026-06-17,,,,,,,,,,,,,,
475,11,61,2026-04-24,2026-05-04,2026-05-05,474,Cancelled,Eveniet Product,Furniture,3258.29,8,Banerjee Group,Alappuzha,8.52,4.3,61,Mumbai Warehouse,725,2026-06-20,,,,,,,,,,,,,,
476,15,69,2024-09-22,2024-09-25,2024-09-29,341,In Transit,Ipsa Product,Groceries,1707.84,17,Sastry and Sons,Haldia,5.45,4.34,69,Mumbai Warehouse,267,2026-07-09,,,,,,,,,,,,,,
477,9,88,2026-05-11,2026-05-13,2026-05-11,482,In Transit,Ab Product,Medical,441.59,19,"Loyal, Varma and Tripathi",Firozabad,9.75,4.64,88,Bangalore Warehouse,70,2026-07-10,,,,,,,,,,,,,,
478,7,136,2025-01-31,2025-02-07,2025-02-12,83,In Transit,Facilis Product,Groceries,4154.63,13,Wali PLC,Khandwa,2.76,4.43,136,Bangalore Warehouse,943,2026-07-08,,,,,,,,,,,,,,
479,7,150,2025-01-12,2025-01-19,2025-01-19,264,Cancelled,Harum Product,Furniture,1928.91,14,Wali PLC,Khandwa,2.76,4.43,150,Bangalore Warehouse,533,2026-07-09,,,,,,,,,,,,,,
480,6,2,2024-12-29,2025-01-06,2025-01-11,249,Delayed,Veniam Product,Furniture,880.89,5,Bhavsar-Sampath,Bangalore,2.52,3.72,2,Delhi Warehouse,824,2026-06-22,,,,,,,,,,,,,,
481,2,98,2025-08-26,2025-09-05,2025-09-09,149,Delivered,Quae Product,Clothing,2022.11,14,Gour Ltd,Bhilwara,8.05,3.83,98,Hyderabad Warehouse,832,2026-07-05,,,,,,,,,,,,,,
482,1,138,2026-06-28,2026-07-06,2026-07-08,261,Delayed,Commodi Product,Groceries,4831.21,4,"Balasubramanian, Gara and Memon",Nadiad,5.69,4.88,138,Bangalore Warehouse,589,2026-06-20,,,,,,,,,,,,,,
483,4,66,2026-02-22,2026-02-25,2026-02-24,165,In Transit,Quas Product,Groceries,4225.31,19,Rajagopal-Jayaraman,Jalna,1.0,3.51,66,Bangalore Warehouse,853,2026-06-19,,,,,,,,,,,,,,
484,4,103,2025-04-08,2025-04-10,2025-04-14,103,Delayed,Sunt Product,Furniture,3330.94,12,Rajagopal-Jayaraman,Jalna,1.0,3.51,103,Chennai Warehouse,485,2026-07-13,,,,,,,,,,,,,,
485,2,110,2026-01-26,2026-01-30,2026-02-04,56,In Transit,Assumenda Product,Furniture,4904.71,9,Gour Ltd,Bhilwara,8.05,3.83,110,Chennai Warehouse,817,2026-06-23,,,,,,,,,,,,,,
486,3,69,2025-03-13,2025-03-20,2025-03-25,213,Delayed,Ipsa Product,Groceries,1707.84,17,"Balan, Virk and Mangal",Bangalore,3.73,4.49,69,Mumbai Warehouse,267,2026-07-09,,,,,,,,,,,,,,
487,7,35,2026-06-29,2026-07-03,2026-07-08,429,Cancelled,Dolores Product,Electronics,4034.14,20,Wali PLC,Khandwa,2.76,4.43,35,Chennai Warehouse,804,2026-07-11,,,,,,,,,,,,,,
488,14,19,2024-11-12,2024-11-16,2024-11-21,122,Cancelled,Officia Product,Electronics,667.17,9,"Bahri, Dugar and Ratti",Kottayam,8.09,4.85,19,Bangalore Warehouse,273,2026-06-24,,,,,,,,,,,,,,
489,9,56,2026-03-12,2026-03-14,2026-03-13,64,Cancelled,Error Product,Electronics,333.18,11,"Loyal, Varma and Tripathi",Firozabad,9.75,4.64,56,Chennai Warehouse,777,2026-07-07,,,,,,,,,,,,,,
490,7,41,2025-04-20,2025-04-27,2025-05-01,472,Delayed,Architecto Product,Furniture,1703.5,1,Wali PLC,Khandwa,2.76,4.43,41,Hyderabad Warehouse,681,2026-06-26,,,,,,,,,,,,,,
491,14,140,2024-08-20,2024-08-28,2024-08-31,271,Cancelled,Recusandae Product,Groceries,2705.55,15,"Bahri, Dugar and Ratti",Kottayam,8.09,4.85,140,Hyderabad Warehouse,927,2026-06-18,,,,,,,,,,,,,,
492,5,104,2025-04-30,2025-05-08,2025-05-11,128,Delayed,Laboriosam Product,Clothing,2160.36,3,Chander-Sibal,Kochi,6.81,4.37,104,Delhi Warehouse,338,2026-06-24,,,,,,,,,,,,,,
493,14,29,2025-11-10,2025-11-15,2025-11-19,416,Delayed,Architecto Product,Furniture,4183.31,3,"Bahri, Dugar and Ratti",Kottayam,8.09,4.85,29,Chennai Warehouse,981,2026-06-27,,,,,,,,,,,,,,
494,19,17,2024-08-21,2024-08-30,2024-09-03,494,In Transit,Veniam Product,Clothing,2682.42,6,"Nagar, Hari and Chada",Munger,9.42,4.61,17,Bangalore Warehouse,243,2026-07-06,276.0,Machine Failure,Medium,Commodi rem voluptas autem atque.,2025-10-04,276.0,Switch Supplier,Pending,2025-07-15,276.0,Resolved,4.0,373.71,Shipment rerouted
495,4,48,2025-04-18,2025-04-20,2025-04-19,261,Cancelled,Neque Product,Medical,518.28,5,Rajagopal-Jayaraman,Jalna,1.0,3.51,48,Delhi Warehouse,626,2026-06-27,,,,,,,,,,,,,,
496,1,35,2026-02-24,2026-02-26,2026-03-02,124,Delivered,Dolores Product,Electronics,4034.14,20,"Balasubramanian, Gara and Memon",Nadiad,5.69,4.88,35,Chennai Warehouse,804,2026-07-11,,,,,,,,,,,,,,
497,9,55,2024-10-03,2024-10-08,2024-10-11,101,Delivered,Odio Product,Furniture,4563.23,5,"Loyal, Varma and Tripathi",Firozabad,9.75,4.64,55,Bangalore Warehouse,422,2026-07-01,,,,,,,,,,,,,,
498,3,52,2024-07-25,2024-07-29,2024-08-02,214,In Transit,Architecto Product,Medical,1642.77,20,"Balan, Virk and Mangal",Bangalore,3.73,4.49,52,Mumbai Warehouse,918,2026-06-30,,,,,,,,,,,,,,
499,10,10,2026-02-01,2026-02-05,2026-02-03,122,Cancelled,Ratione Product,Medical,834.09,9,"Mitter, Srinivasan and Dixit",Shimoga,1.81,3.9,10,Hyderabad Warehouse,815,2026-07-09,,,,,,,,,,,,,,
500,15,88,2025-01-12,2025-01-20,2025-01-20,105,Cancelled,Ab Product,Medical,441.59,19,Sastry and Sons,Haldia,5.45,4.34,88,Bangalore Warehouse,70,2026-07-10,,,,,,,,,,,,,,
501,8,137,2026-02-11,2026-02-15,2026-02-17,258,In Transit,Aliquid Product,Medical,3630.8,13,Hans-Bir,Siliguri,2.43,4.68,137,Delhi Warehouse,82,2026-07-03,404.0,Weather,Medium,Minus voluptatem assumenda delectus.,2025-09-13,404.0,Change Transport Route,Implemented,2025-08-31,404.0,Pending,8.0,2568.92,Shipment rerouted
502,1,83,2026-03-18,2026-03-26,2026-03-25,385,Delivered,Deserunt Product,Automotive,990.39,6,"Balasubramanian, Gara and Memon",Nadiad,5.69,4.88,83,Delhi Warehouse,294,2026-07-15,,,,,,,,,,,,,,
503,7,72,2024-12-13,2024-12-23,2024-12-24,176,Delayed,Fuga Product,Groceries,160.42,9,Wali PLC,Khandwa,2.76,4.43,72,Chennai Warehouse,359,2026-07-11,,,,,,,,,,,,,,
504,6,80,2025-06-16,2025-06-23,2025-06-23,417,Delivered,Corporis Product,Medical,4255.47,15,Bhavsar-Sampath,Bangalore,2.52,3.72,80,Mumbai Warehouse,656,2026-07-08,,,,,,,,,,,,,,
505,19,13,2025-04-15,2025-04-20,2025-04-18,135,Delayed,Reiciendis Product,Automotive,3971.98,6,"Nagar, Hari and Chada",Munger,9.42,4.61,13,Mumbai Warehouse,352,2026-07-10,356.0,Machine Failure,Low,Consequuntur aliquid aut iste molestias ut.,2025-12-03,356.0,Change Transport Route,Implemented,2026-07-08,356.0,Resolved,7.0,8182.57,Cost increased
505,19,13,2025-04-15,2025-04-20,2025-04-18,135,Delayed,Reiciendis Product,Automotive,3971.98,6,"Nagar, Hari and Chada",Munger,9.42,4.61,13,Mumbai Warehouse,352,2026-07-10,437.0,Machine Failure,Medium,Esse voluptate corrupti aliquam.,2026-05-03,437.0,Increase Safety Stock,Rejected,2026-05-11,437.0,Resolved,8.0,6659.93,Supplier changed
506,12,51,2026-02-10,2026-02-16,2026-02-21,404,Delivered,Corrupti Product,Medical,1864.29,15,Thakur and Sons,Kanpur,5.83,3.5,51,Chennai Warehouse,926,2026-07-02,,,,,,,,,,,,,,
507,6,1,2025-02-17,2025-02-23,2025-02-22,93,Cancelled,Sint Product,Clothing,2204.33,20,Bhavsar-Sampath,Bangalore,2.52,3.72,1,Mumbai Warehouse,324,2026-07-01,,,,,,,,,,,,,,
508,7,61,2025-02-05,2025-02-10,2025-02-08,70,Delayed,Eveniet Product,Furniture,3258.29,8,Wali PLC,Khandwa,2.76,4.43,61,Mumbai Warehouse,725,2026-06-20,232.0,Transport Strike,Low,Quisquam aliquid aperiam.,2026-06-06,232.0,Change Transport Route,Implemented,2026-01-13,232.0,Resolved,6.0,1884.31,Minor delay occurred
509,12,45,2025-09-28,2025-10-06,2025-10-05,277,Cancelled,Nobis Product,Medical,164.54,6,Thakur and Sons,Kanpur,5.83,3.5,45,Bangalore Warehouse,567,2026-07-04,,,,,,,,,,,,,,
510,18,32,2025-04-04,2025-04-11,2025-04-16,192,Cancelled,Quis Product,Groceries,4929.24,1,Raju and Sons,Etawah,3.81,4.27,32,Mumbai Warehouse,715,2026-07-01,,,,,,,,,,,,,,
511,2,77,2025-03-25,2025-03-30,2025-03-28,444,Delayed,Dolorum Product,Clothing,4786.13,4,Gour Ltd,Bhilwara,8.05,3.83,77,Hyderabad Warehouse,307,2026-07-05,,,,,,,,,,,,,,
512,6,17,2024-12-16,2024-12-24,2024-12-23,379,In Transit,Veniam Product,Clothing,2682.42,6,Bhavsar-Sampath,Bangalore,2.52,3.72,17,Bangalore Warehouse,243,2026-07-06,,,,,,,,,,,,,,
513,11,111,2025-03-05,2025-03-12,2025-03-14,473,Cancelled,Quaerat Product,Clothing,218.68,3,Banerjee Group,Alappuzha,8.52,4.3,111,Hyderabad Warehouse,662,2026-07-13,,,,,,,,,,,,,,
514,19,97,2025-06-07,2025-06-17,2025-06-19,123,In Transit,Id Product,Electronics,4003.94,12,"Nagar, Hari and Chada",Munger,9.42,4.61,97,Bangalore Warehouse,353,2026-07-08,,,,,,,,,,,,,,
515,6,125,2025-06-15,2025-06-24,2025-06-29,181,Delayed,Consectetur Product,Clothing,1221.23,13,Bhavsar-Sampath,Bangalore,2.52,3.72,125,Chennai Warehouse,72,2026-06-29,,,,,,,,,,,,,,
516,6,81,2024-09-16,2024-09-25,2024-09-27,163,Delayed,Voluptatibus Product,Automotive,1958.75,1,Bhavsar-Sampath,Bangalore,2.52,3.72,81,Chennai Warehouse,875,2026-06-17,574.0,Machine Failure,Medium,Quas quidem quam dolorum.,2026-06-13,574.0,Increase Safety Stock,Implemented,2026-05-15,574.0,Resolved,14.0,8793.3,Minor delay occurred
517,7,47,2025-03-19,2025-03-25,2025-03-25,480,Delayed,Impedit Product,Clothing,4282.54,1,Wali PLC,Khandwa,2.76,4.43,47,Chennai Warehouse,913,2026-06-30,,,,,,,,,,,,,,
518,17,83,2026-04-22,2026-04-29,2026-05-04,434,In Transit,Deserunt Product,Automotive,990.39,6,"Sule, Jaggi and Char",Pallavaram,6.39,3.52,83,Delhi Warehouse,294,2026-07-15,,,,,,,,,,,,,,
519,19,1,2026-06-24,2026-07-02,2026-07-04,18,Cancelled,Sint Product,Clothing,2204.33,20,"Nagar, Hari and Chada",Munger,9.42,4.61,1,Mumbai Warehouse,324,2026-07-01,,,,,,,,,,,,,,
520,7,149,2025-08-25,2025-09-03,2025-09-08,432,In Transit,Asperiores Product,Groceries,2199.52,9,Wali PLC,Khandwa,2.76,4.43,149,Chennai Warehouse,331,2026-07-13,,,,,,,,,,,,,,
521,19,149,2026-04-11,2026-04-13,2026-04-15,51,Delayed,Asperiores Product,Groceries,2199.52,9,"Nagar, Hari and Chada",Munger,9.42,4.61,149,Chennai Warehouse,331,2026-07-13,,,,,,,,,,,,,,
522,8,102,2026-04-13,2026-04-16,2026-04-21,266,Delayed,Molestias Product,Furniture,2262.92,3,Hans-Bir,Siliguri,2.43,4.68,102,Chennai Warehouse,835,2026-06-22,15.0,Machine Failure,High,Numquam facilis distinctio occaecati fuga rerum qui.,2026-04-10,15.0,Expedite Shipment,Pending,2026-04-20,15.0,Failed,13.0,-1507.57,Minor delay occurred
523,17,20,2025-05-21,2025-05-24,2025-05-24,166,Cancelled,Laborum Product,Electronics,563.85,5,"Sule, Jaggi and Char",Pallavaram,6.39,3.52,20,Bangalore Warehouse,426,2026-07-15,,,,,,,,,,,,,,
524,18,65,2024-08-25,2024-09-02,2024-09-06,400,Cancelled,Ut Product,Groceries,3277.06,2,Raju and Sons,Etawah,3.81,4.27,65,Delhi Warehouse,911,2026-07-06,,,,,,,,,,,,,,
525,1,124,2025-08-12,2025-08-14,2025-08-16,339,In Transit,Excepturi Product,Furniture,756.02,2,"Balasubramanian, Gara and Memon",Nadiad,5.69,4.88,124,Chennai Warehouse,123,2026-07-09,,,,,,,,,,,,,,
526,5,52,2026-06-01,2026-06-09,2026-06-08,292,Delivered,Architecto Product,Medical,1642.77,20,Chander-Sibal,Kochi,6.81,4.37,52,Mumbai Warehouse,918,2026-06-30,,,,,,,,,,,,,,
527,18,16,2026-03-16,2026-03-19,2026-03-20,126,Cancelled,Vel Product,Medical,4239.68,2,Raju and Sons,Etawah,3.81,4.27,16,Hyderabad Warehouse,928,2026-07-01,,,,,,,,,,,,,,
528,19,102,2025-03-09,2025-03-18,2025-03-17,331,In Transit,Molestias Product,Furniture,2262.92,3,"Nagar, Hari and Chada",Munger,9.42,4.61,102,Chennai Warehouse,835,2026-06-22,,,,,,,,,,,,,,
529,17,110,2025-11-14,2025-11-23,2025-11-21,205,Delayed,Assumenda Product,Furniture,4904.71,9,"Sule, Jaggi and Char",Pallavaram,6.39,3.52,110,Chennai Warehouse,817,2026-06-23,,,,,,,,,,,,,,
530,20,132,2024-10-14,2024-10-21,2024-10-19,267,Delayed,Quisquam Product,Groceries,1498.72,7,Chakraborty-Sengupta,Malda,5.0,3.56,132,Mumbai Warehouse,860,2026-07-05,,,,,,,,,,,,,,
531,13,124,2026-02-15,2026-02-23,2026-02-25,435,Cancelled,Excepturi Product,Furniture,756.02,2,"Borah, Gill and Varma",Dehri,6.15,3.78,124,Chennai Warehouse,123,2026-07-09,,,,,,,,,,,,,,
532,19,93,2025-12-02,2025-12-11,2025-12-10,92,Delayed,Nemo Product,Automotive,3838.07,10,"Nagar, Hari and Chada",Munger,9.42,4.61,93,Mumbai Warehouse,413,2026-06-19,,,,,,,,,,,,,,
533,3,4,2025-10-23,2025-10-29,2025-11-03,337,In Transit,Dignissimos Product,Clothing,2106.24,6,"Balan, Virk and Mangal",Bangalore,3.73,4.49,4,Bangalore Warehouse,473,2026-06-30,,,,,,,,,,,,,,
534,11,77,2024-09-19,2024-09-22,2024-09-23,500,In Transit,Dolorum Product,Clothing,4786.13,4,Banerjee Group,Alappuzha,8.52,4.3,77,Hyderabad Warehouse,307,2026-07-05,,,,,,,,,,,,,,
535,19,134,2025-07-17,2025-07-27,2025-07-29,352,In Transit,Eligendi Product,Automotive,3447.14,10,"Nagar, Hari and Chada",Munger,9.42,4.61,134,Hyderabad Warehouse,699,2026-07-02,519.0,Supplier Delay,Low,Expedita assumenda quae aut nemo sint nesciunt.,2025-12-17,519.0,Change Transport Route,Implemented,2025-09-13,519.0,Partially Resolved,5.0,1355.97,Minor delay occurred
536,8,64,2025-07-31,2025-08-09,2025-08-11,290,Delayed,Officia Product,Automotive,1852.17,1,Hans-Bir,Siliguri,2.43,4.68,64,Hyderabad Warehouse,751,2026-06-19,,,,,,,,,,,,,,
537,9,100,2026-01-14,2026-01-24,2026-01-24,186,Delivered,Fugit Product,Clothing,465.64,12,"Loyal, Varma and Tripathi",Firozabad,9.75,4.64,100,Bangalore Warehouse,276,2026-06-20,316.0,Port Congestion,Low,Eligendi quis consectetur provident quas commodi.,2025-08-08,316.0,Switch Supplier,Rejected,2026-03-09,316.0,Resolved,8.0,4005.52,Cost increased
538,16,102,2026-06-24,2026-06-29,2026-06-27,463,Cancelled,Molestias Product,Furniture,2262.92,3,Handa-Manda,Vijayanagaram,8.66,4.77,102,Chennai Warehouse,835,2026-06-22,,,,,,,,,,,,,,
539,3,34,2025-12-30,2026-01-07,2026-01-05,355,Delivered,Consequatur Product,Automotive,4834.5,8,"Balan, Virk and Mangal",Bangalore,3.73,4.49,34,Delhi Warehouse,280,2026-06-18,,,,,,,,,,,,,,
540,11,38,2025-10-08,2025-10-13,2025-10-17,488,Cancelled,Laborum Product,Groceries,3934.86,13,Banerjee Group,Alappuzha,8.52,4.3,38,Mumbai Warehouse,317,2026-07-03,,,,,,,,,,,,,,
541,7,57,2025-09-13,2025-09-22,2025-09-20,424,In Transit,Distinctio Product,Automotive,863.84,19,Wali PLC,Khandwa,2.76,4.43,57,Hyderabad Warehouse,848,2026-06-28,,,,,,,,,,,,,,
542,3,22,2025-09-21,2025-09-30,2025-09-29,152,In Transit,Amet Product,Furniture,1453.32,6,"Balan, Virk and Mangal",Bangalore,3.73,4.49,22,Delhi Warehouse,386,2026-07-10,,,,,,,,,,,,,,
543,8,59,2024-08-27,2024-08-31,2024-09-03,209,Delivered,Omnis Product,Electronics,2194.29,10,Hans-Bir,Siliguri,2.43,4.68,59,Chennai Warehouse,265,2026-07-01,,,,,,,,,,,,,,
544,12,49,2025-12-13,2025-12-21,2025-12-19,207,Delivered,Alias Product,Furniture,4769.64,3,Thakur and Sons,Kanpur,5.83,3.5,49,Bangalore Warehouse,842,2026-07-01,,,,,,,,,,,,,,
545,18,137,2025-05-05,2025-05-09,2025-05-14,275,Cancelled,Aliquid Product,Medical,3630.8,13,Raju and Sons,Etawah,3.81,4.27,137,Delhi Warehouse,82,2026-07-03,,,,,,,,,,,,,,
546,18,90,2025-01-27,2025-02-03,2025-02-05,218,Delayed,Quo Product,Electronics,4661.14,19,Raju and Sons,Etawah,3.81,4.27,90,Delhi Warehouse,466,2026-06-28,,,,,,,,,,,,,,
547,11,64,2025-11-16,2025-11-25,2025-11-28,216,Cancelled,Officia Product,Automotive,1852.17,1,Banerjee Group,Alappuzha,8.52,4.3,64,Hyderabad Warehouse,751,2026-06-19,,,,,,,,,,,,,,
548,20,58,2026-06-27,2026-07-06,2026-07-10,147,Delayed,Tempore Product,Groceries,4870.19,6,Chakraborty-Sengupta,Malda,5.0,3.56,58,Bangalore Warehouse,328,2026-07-11,,,,,,,,,,,,,,
549,7,28,2024-11-23,2024-11-25,2024-11-26,243,Cancelled,Quidem Product,Groceries,4168.94,2,Wali PLC,Khandwa,2.76,4.43,28,Hyderabad Warehouse,118,2026-06-24,,,,,,,,,,,,,,
550,5,150,2025-04-03,2025-04-11,2025-04-13,99,Delivered,Harum Product,Furniture,1928.91,14,Chander-Sibal,Kochi,6.81,4.37,150,Bangalore Warehouse,533,2026-07-09,,,,,,,,,,,,,,
551,13,97,2025-06-05,2025-06-14,2025-06-12,167,Cancelled,Id Product,Electronics,4003.94,12,"Borah, Gill and Varma",Dehri,6.15,3.78,97,Bangalore Warehouse,353,2026-07-08,,,,,,,,,,,,,,
552,3,16,2025-10-15,2025-10-21,2025-10-20,496,Delayed,Vel Product,Medical,4239.68,2,"Balan, Virk and Mangal",Bangalore,3.73,4.49,16,Hyderabad Warehouse,928,2026-07-01,268.0,Port Congestion,Medium,Quas odio a ut cumque doloremque est.,2025-11-04,268.0,Expedite Shipment,Rejected,2026-03-13,268.0,Resolved,2.0,7919.33,Supplier changed
553,13,96,2026-02-21,2026-03-02,2026-03-05,196,Cancelled,Laborum Product,Medical,3501.37,20,"Borah, Gill and Varma",Dehri,6.15,3.78,96,Mumbai Warehouse,471,2026-06-19,,,,,,,,,,,,,,
554,2,65,2025-08-18,2025-08-26,2025-08-27,426,Delivered,Ut Product,Groceries,3277.06,2,Gour Ltd,Bhilwara,8.05,3.83,65,Delhi Warehouse,911,2026-07-06,,,,,,,,,,,,,,
555,6,34,2026-02-25,2026-03-04,2026-03-09,130,Cancelled,Consequatur Product,Automotive,4834.5,8,Bhavsar-Sampath,Bangalore,2.52,3.72,34,Delhi Warehouse,280,2026-06-18,,,,,,,,,,,,,,
556,10,146,2025-06-23,2025-06-28,2025-07-01,383,Delayed,Minus Product,Furniture,4540.31,18,"Mitter, Srinivasan and Dixit",Shimoga,1.81,3.9,146,Delhi Warehouse,858,2026-06-21,,,,,,,,,,,,,,
557,3,31,2024-10-24,2024-10-27,2024-10-30,61,In Transit,Non Product,Groceries,4067.09,17,"Balan, Virk and Mangal",Bangalore,3.73,4.49,31,Mumbai Warehouse,995,2026-06-28,,,,,,,,,,,,,,
558,6,72,2025-06-30,2025-07-02,2025-06-30,384,Cancelled,Fuga Product,Groceries,160.42,9,Bhavsar-Sampath,Bangalore,2.52,3.72,72,Chennai Warehouse,359,2026-07-11,,,,,,,,,,,,,,
559,2,29,2025-02-19,2025-02-22,2025-02-22,13,Delayed,Architecto Product,Furniture,4183.31,3,Gour Ltd,Bhilwara,8.05,3.83,29,Chennai Warehouse,981,2026-06-27,351.0,Machine Failure,Low,Minus ex est doloribus dignissimos recusandae vitae velit.,2026-05-03,351.0,Switch Supplier,Rejected,2026-02-07,351.0,Resolved,3.0,7007.94,Shipment rerouted
560,19,101,2025-11-24,2025-11-29,2025-11-27,93,Cancelled,Delectus Product,Automotive,1333.96,11,"Nagar, Hari and Chada",Munger,9.42,4.61,101,Bangalore Warehouse,654,2026-06-16,,,,,,,,,,,,,,
561,20,39,2025-03-29,2025-04-08,2025-04-07,384,Cancelled,Amet Product,Automotive,1228.36,6,Chakraborty-Sengupta,Malda,5.0,3.56,39,Chennai Warehouse,720,2026-07-10,,,,,,,,,,,,,,
562,1,69,2026-02-01,2026-02-08,2026-02-13,340,In Transit,Ipsa Product,Groceries,1707.84,17,"Balasubramanian, Gara and Memon",Nadiad,5.69,4.88,69,Mumbai Warehouse,267,2026-07-09,,,,,,,,,,,,,,
563,6,51,2025-08-20,2025-08-25,2025-08-27,433,Delivered,Corrupti Product,Medical,1864.29,15,Bhavsar-Sampath,Bangalore,2.52,3.72,51,Chennai Warehouse,926,2026-07-02,,,,,,,,,,,,,,
564,15,43,2025-04-29,2025-05-03,2025-05-06,16,In Transit,Exercitationem Product,Furniture,2754.15,12,Sastry and Sons,Haldia,5.45,4.34,43,Delhi Warehouse,560,2026-06-21,,,,,,,,,,,,,,
565,6,89,2025-09-20,2025-09-29,2025-09-29,297,In Transit,Fugiat Product,Electronics,4524.8,7,Bhavsar-Sampath,Bangalore,2.52,3.72,89,Bangalore Warehouse,597,2026-06-18,,,,,,,,,,,,,,
566,10,134,2024-09-09,2024-09-11,2024-09-15,228,Delayed,Eligendi Product,Automotive,3447.14,10,"Mitter, Srinivasan and Dixit",Shimoga,1.81,3.9,134,Hyderabad Warehouse,699,2026-07-02,,,,,,,,,,,,,,
567,6,59,2026-01-14,2026-01-21,2026-01-23,396,Cancelled,Omnis Product,Electronics,2194.29,10,Bhavsar-Sampath,Bangalore,2.52,3.72,59,Chennai Warehouse,265,2026-07-01,,,,,,,,,,,,,,
568,11,21,2025-12-08,2025-12-11,2025-12-14,307,Delayed,Animi Product,Automotive,3616.57,8,Banerjee Group,Alappuzha,8.52,4.3,21,Delhi Warehouse,666,2026-06-27,,,,,,,,,,,,,,
569,10,14,2025-07-12,2025-07-18,2025-07-21,316,Delayed,Nulla Product,Electronics,1235.72,15,"Mitter, Srinivasan and Dixit",Shimoga,1.81,3.9,14,Hyderabad Warehouse,453,2026-07-12,,,,,,,,,,,,,,
570,8,11,2025-11-15,2025-11-18,2025-11-21,266,Delivered,Ducimus Product,Clothing,2306.22,11,Hans-Bir,Siliguri,2.43,4.68,11,Delhi Warehouse,137,2026-06-19,,,,,,,,,,,,,,
571,6,35,2025-06-11,2025-06-14,2025-06-18,340,In Transit,Dolores Product,Electronics,4034.14,20,Bhavsar-Sampath,Bangalore,2.52,3.72,35,Chennai Warehouse,804,2026-07-11,,,,,,,,,,,,,,
572,15,121,2024-11-08,2024-11-14,2024-11-14,497,In Transit,Veniam Product,Furniture,3093.62,19,Sastry and Sons,Haldia,5.45,4.34,121,Bangalore Warehouse,683,2026-06-20,,,,,,,,,,,,,,
573,1,68,2024-07-18,2024-07-22,2024-07-27,32,In Transit,Delectus Product,Clothing,4916.43,20,"Balasubramanian, Gara and Memon",Nadiad,5.69,4.88,68,Chennai Warehouse,660,2026-06-18,,,,,,,,,,,,,,
574,18,2,2025-06-24,2025-06-28,2025-06-30,146,Cancelled,Veniam Product,Furniture,880.89,5,Raju and Sons,Etawah,3.81,4.27,2,Delhi Warehouse,824,2026-06-22,,,,,,,,,,,,,,
575,20,133,2026-01-24,2026-01-29,2026-02-03,345,Delayed,Doloremque Product,Groceries,552.4,17,Chakraborty-Sengupta,Malda,5.0,3.56,133,Hyderabad Warehouse,760,2026-06-27,,,,,,,,,,,,,,
576,7,80,2025-12-07,2025-12-11,2025-12-11,189,Delayed,Corporis Product,Medical,4255.47,15,Wali PLC,Khandwa,2.76,4.43,80,Mumbai Warehouse,656,2026-07-08,173.0,Weather,High,Aperiam eum porro similique ut ipsum exercitationem.,2026-05-04,173.0,Expedite Shipment,Rejected,2026-01-23,173.0,Partially Resolved,15.0,9525.63,Cost increased
577,6,122,2025-10-06,2025-10-10,2025-10-12,287,Delivered,Expedita Product,Electronics,1957.13,8,Bhavsar-Sampath,Bangalore,2.52,3.72,122,Delhi Warehouse,394,2026-07-14,,,,,,,,,,,,,,
578,16,24,2026-04-11,2026-04-21,2026-04-25,168,In Transit,Dolorem Product,Medical,3211.29,13,Handa-Manda,Vijayanagaram,8.66,4.77,24,Bangalore Warehouse,374,2026-06-27,,,,,,,,,,,,,,
579,13,19,2025-01-19,2025-01-29,2025-01-28,354,Cancelled,Officia Product,Electronics,667.17,9,"Borah, Gill and Varma",Dehri,6.15,3.78,19,Bangalore Warehouse,273,2026-06-24,,,,,,,,,,,,,,
580,6,109,2026-02-11,2026-02-18,2026-02-19,374,Cancelled,Beatae Product,Automotive,1167.1,12,Bhavsar-Sampath,Bangalore,2.52,3.72,109,Mumbai Warehouse,573,2026-06-17,,,,,,,,,,,,,,
581,12,119,2025-08-28,2025-09-05,2025-09-05,322,In Transit,Maxime Product,Furniture,4794.94,19,Thakur and Sons,Kanpur,5.83,3.5,119,Mumbai Warehouse,383,2026-07-01,499.0,Machine Failure,High,Quae cum vitae eos.,2026-04-11,499.0,Increase Safety Stock,Approved,2025-12-29,499.0,Failed,6.0,8682.66,Issue resolved successfully
582,2,52,2025-08-31,2025-09-06,2025-09-04,463,Delivered,Architecto Product,Medical,1642.77,20,Gour Ltd,Bhilwara,8.05,3.83,52,Mumbai Warehouse,918,2026-06-30,,,,,,,,,,,,,,
583,4,120,2025-06-02,2025-06-08,2025-06-06,241,Delivered,Magnam Product,Electronics,3329.48,19,Rajagopal-Jayaraman,Jalna,1.0,3.51,120,Bangalore Warehouse,996,2026-07-07,,,,,,,,,,,,,,
584,1,53,2024-10-21,2024-10-24,2024-10-23,287,Delayed,Ea Product,Clothing,3005.08,10,"Balasubramanian, Gara and Memon",Nadiad,5.69,4.88,53,Delhi Warehouse,480,2026-06-28,,,,,,,,,,,,,,
585,9,27,2026-03-22,2026-04-01,2026-04-04,79,In Transit,Vero Product,Furniture,4788.07,19,"Loyal, Varma and Tripathi",Firozabad,9.75,4.64,27,Delhi Warehouse,91,2026-07-05,,,,,,,,,,,,,,
586,14,69,2026-06-25,2026-07-05,2026-07-03,38,Delivered,Ipsa Product,Groceries,1707.84,17,"Bahri, Dugar and Ratti",Kottayam,8.09,4.85,69,Mumbai Warehouse,267,2026-07-09,,,,,,,,,,,,,,
587,1,33,2025-01-06,2025-01-16,2025-01-17,40,Delivered,Facere Product,Medical,1997.29,4,"Balasubramanian, Gara and Memon",Nadiad,5.69,4.88,33,Delhi Warehouse,549,2026-07-12,,,,,,,,,,,,,,
588,20,134,2026-04-13,2026-04-16,2026-04-15,467,Delayed,Eligendi Product,Automotive,3447.14,10,Chakraborty-Sengupta,Malda,5.0,3.56,134,Hyderabad Warehouse,699,2026-07-02,,,,,,,,,,,,,,
589,7,142,2025-02-16,2025-02-22,2025-02-27,197,In Transit,Dolorum Product,Groceries,1310.64,7,Wali PLC,Khandwa,2.76,4.43,142,Mumbai Warehouse,982,2026-07-09,,,,,,,,,,,,,,
590,12,84,2025-02-07,2025-02-09,2025-02-10,446,In Transit,Ab Product,Clothing,1108.56,18,Thakur and Sons,Kanpur,5.83,3.5,84,Bangalore Warehouse,80,2026-06-28,,,,,,,,,,,,,,
591,9,27,2025-05-31,2025-06-07,2025-06-09,463,In Transit,Vero Product,Furniture,4788.07,19,"Loyal, Varma and Tripathi",Firozabad,9.75,4.64,27,Delhi Warehouse,91,2026-07-05,,,,,,,,,,,,,,
592,13,91,2026-06-18,2026-06-20,2026-06-22,141,Delivered,Laudantium Product,Furniture,3665.32,5,"Borah, Gill and Varma",Dehri,6.15,3.78,91,Hyderabad Warehouse,678,2026-07-12,,,,,,,,,,,,,,
593,15,56,2024-09-01,2024-09-09,2024-09-12,322,Cancelled,Error Product,Electronics,333.18,11,Sastry and Sons,Haldia,5.45,4.34,56,Chennai Warehouse,777,2026-07-07,,,,,,,,,,,,,,
594,17,59,2025-12-24,2025-12-27,2026-01-01,243,Delayed,Omnis Product,Electronics,2194.29,10,"Sule, Jaggi and Char",Pallavaram,6.39,3.52,59,Chennai Warehouse,265,2026-07-01,,,,,,,,,,,,,,
595,19,80,2025-06-23,2025-06-27,2025-07-02,366,Delayed,Corporis Product,Medical,4255.47,15,"Nagar, Hari and Chada",Munger,9.42,4.61,80,Mumbai Warehouse,656,2026-07-08,,,,,,,,,,,,,,
596,8,125,2026-06-20,2026-06-22,2026-06-23,102,Cancelled,Consectetur Product,Clothing,1221.23,13,Hans-Bir,Siliguri,2.43,4.68,125,Chennai Warehouse,72,2026-06-29,,,,,,,,,,,,,,
597,15,70,2025-06-28,2025-07-05,2025-07-08,160,In Transit,Excepturi Product,Automotive,4641.9,16,Sastry and Sons,Haldia,5.45,4.34,70,Bangalore Warehouse,802,2026-06-20,,,,,,,,,,,,,,
598,10,10,2025-07-23,2025-07-26,2025-07-29,342,Delayed,Ratione Product,Medical,834.09,9,"Mitter, Srinivasan and Dixit",Shimoga,1.81,3.9,10,Hyderabad Warehouse,815,2026-07-09,,,,,,,,,,,,,,
599,12,27,2026-06-21,2026-06-25,2026-06-29,13,In Transit,Vero Product,Furniture,4788.07,19,Thakur and Sons,Kanpur,5.83,3.5,27,Delhi Warehouse,91,2026-07-05,,,,,,,,,,,,,,
600,5,144,2026-07-10,2026-07-17,2026-07-15,316,Cancelled,Ipsam Product,Electronics,744.79,2,Chander-Sibal,Kochi,6.81,4.37,144,Mumbai Warehouse,720,2026-06-29,,,,,,,,,,,,,,
601,3,40,2024-11-15,2024-11-17,2024-11-21,264,In Transit,Nemo Product,Groceries,2824.16,10,"Balan, Virk and Mangal",Bangalore,3.73,4.49,40,Hyderabad Warehouse,554,2026-06-27,,,,,,,,,,,,,,
602,3,132,2026-04-20,2026-04-23,2026-04-22,90,Delivered,Quisquam Product,Groceries,1498.72,7,"Balan, Virk and Mangal",Bangalore,3.73,4.49,132,Mumbai Warehouse,860,2026-07-05,,,,,,,,,,,,,,
603,12,104,2026-06-04,2026-06-12,2026-06-11,100,Delivered,Laboriosam Product,Clothing,2160.36,3,Thakur and Sons,Kanpur,5.83,3.5,104,Delhi Warehouse,338,2026-06-24,,,,,,,,,,,,,,
604,15,68,2026-01-10,2026-01-16,2026-01-19,370,Cancelled,Delectus Product,Clothing,4916.43,20,Sastry and Sons,Haldia,5.45,4.34,68,Chennai Warehouse,660,2026-06-18,,,,,,,,,,,,,,
605,14,104,2024-09-04,2024-09-07,2024-09-11,361,Cancelled,Laboriosam Product,Clothing,2160.36,3,"Bahri, Dugar and Ratti",Kottayam,8.09,4.85,104,Delhi Warehouse,338,2026-06-24,,,,,,,,,,,,,,
606,6,125,2024-08-29,2024-09-02,2024-09-05,482,Delivered,Consectetur Product,Clothing,1221.23,13,Bhavsar-Sampath,Bangalore,2.52,3.72,125,Chennai Warehouse,72,2026-06-29,,,,,,,,,,,,,,
607,6,114,2025-04-29,2025-05-06,2025-05-11,276,Delivered,Dicta Product,Clothing,1943.15,20,Bhavsar-Sampath,Bangalore,2.52,3.72,114,Hyderabad Warehouse,822,2026-07-08,,,,,,,,,,,,,,
608,2,16,2024-12-20,2024-12-22,2024-12-25,117,In Transit,Vel Product,Medical,4239.68,2,Gour Ltd,Bhilwara,8.05,3.83,16,Hyderabad Warehouse,928,2026-07-01,313.0,Transport Strike,Medium,Quia dolores non blanditiis modi.,2025-12-26,313.0,Expedite Shipment,Pending,2025-10-31,313.0,Resolved,7.0,7084.87,Shipment rerouted
609,10,119,2024-12-13,2024-12-17,2024-12-18,308,In Transit,Maxime Product,Furniture,4794.94,19,"Mitter, Srinivasan and Dixit",Shimoga,1.81,3.9,119,Mumbai Warehouse,383,2026-07-01,,,,,,,,,,,,,,
610,2,81,2025-03-20,2025-03-24,2025-03-28,323,Delayed,Voluptatibus Product,Automotive,1958.75,1,Gour Ltd,Bhilwara,8.05,3.83,81,Chennai Warehouse,875,2026-06-17,,,,,,,,,,,,,,
611,18,33,2025-01-20,2025-01-26,2025-01-26,48,Delayed,Facere Product,Medical,1997.29,4,Raju and Sons,Etawah,3.81,4.27,33,Delhi Warehouse,549,2026-07-12,,,,,,,,,,,,,,
612,11,130,2026-06-10,2026-06-20,2026-06-19,218,Cancelled,Rerum Product,Clothing,379.31,9,Banerjee Group,Alappuzha,8.52,4.3,130,Bangalore Warehouse,702,2026-06-28,,,,,,,,,,,,,,
613,14,49,2024-10-07,2024-10-12,2024-10-16,366,Delayed,Alias Product,Furniture,4769.64,3,"Bahri, Dugar and Ratti",Kottayam,8.09,4.85,49,Bangalore Warehouse,842,2026-07-01,,,,,,,,,,,,,,
614,20,142,2025-08-03,2025-08-11,2025-08-15,79,Delivered,Dolorum Product,Groceries,1310.64,7,Chakraborty-Sengupta,Malda,5.0,3.56,142,Mumbai Warehouse,982,2026-07-09,,,,,,,,,,,,,,
615,17,62,2025-05-26,2025-06-01,2025-05-30,465,Delayed,Officiis Product,Medical,3477.18,12,"Sule, Jaggi and Char",Pallavaram,6.39,3.52,62,Chennai Warehouse,668,2026-07-05,,,,,,,,,,,,,,
616,14,2,2025-01-25,2025-01-28,2025-01-27,252,Delayed,Veniam Product,Furniture,880.89,5,"Bahri, Dugar and Ratti",Kottayam,8.09,4.85,2,Delhi Warehouse,824,2026-06-22,,,,,,,,,,,,,,
617,17,25,2024-07-31,2024-08-09,2024-08-10,496,In Transit,Vel Product,Automotive,3265.92,1,"Sule, Jaggi and Char",Pallavaram,6.39,3.52,25,Bangalore Warehouse,437,2026-07-06,,,,,,,,,,,,,,
618,3,105,2026-05-04,2026-05-09,2026-05-11,165,In Transit,Tenetur Product,Clothing,1337.9,1,"Balan, Virk and Mangal",Bangalore,3.73,4.49,105,Hyderabad Warehouse,84,2026-07-03,,,,,,,,,,,,,,
619,9,17,2025-02-18,2025-02-22,2025-02-25,296,Cancelled,Veniam Product,Clothing,2682.42,6,"Loyal, Varma and Tripathi",Firozabad,9.75,4.64,17,Bangalore Warehouse,243,2026-07-06,,,,,,,,,,,,,,
620,20,101,2026-02-11,2026-02-21,2026-02-19,429,Cancelled,Delectus Product,Automotive,1333.96,11,Chakraborty-Sengupta,Malda,5.0,3.56,101,Bangalore Warehouse,654,2026-06-16,,,,,,,,,,,,,,
621,4,139,2026-06-04,2026-06-10,2026-06-09,282,In Transit,Vero Product,Furniture,4054.68,9,Rajagopal-Jayaraman,Jalna,1.0,3.51,139,Mumbai Warehouse,185,2026-07-15,,,,,,,,,,,,,,
622,11,94,2025-12-02,2025-12-08,2025-12-12,460,In Transit,Culpa Product,Clothing,4115.37,20,Banerjee Group,Alappuzha,8.52,4.3,94,Delhi Warehouse,329,2026-07-15,,,,,,,,,,,,,,
623,7,46,2025-01-01,2025-01-11,2025-01-09,304,In Transit,Impedit Product,Electronics,1574.36,7,Wali PLC,Khandwa,2.76,4.43,46,Chennai Warehouse,372,2026-06-23,,,,,,,,,,,,,,
624,6,116,2025-04-02,2025-04-08,2025-04-11,154,Delayed,Architecto Product,Groceries,763.04,10,Bhavsar-Sampath,Bangalore,2.52,3.72,116,Bangalore Warehouse,102,2026-07-04,,,,,,,,,,,,,,
625,19,6,2024-12-02,2024-12-05,2024-12-09,495,In Transit,Reiciendis Product,Furniture,3938.69,18,"Nagar, Hari and Chada",Munger,9.42,4.61,6,Bangalore Warehouse,894,2026-06-26,,,,,,,,,,,,,,
626,15,83,2024-07-28,2024-07-31,2024-07-30,307,In Transit,Deserunt Product,Automotive,990.39,6,Sastry and Sons,Haldia,5.45,4.34,83,Delhi Warehouse,294,2026-07-15,,,,,,,,,,,,,,
627,17,78,2026-06-25,2026-07-03,2026-07-01,464,In Transit,Quam Product,Clothing,1593.13,4,"Sule, Jaggi and Char",Pallavaram,6.39,3.52,78,Hyderabad Warehouse,637,2026-07-09,,,,,,,,,,,,,,
628,11,111,2025-11-22,2025-11-25,2025-11-28,386,Cancelled,Quaerat Product,Clothing,218.68,3,Banerjee Group,Alappuzha,8.52,4.3,111,Hyderabad Warehouse,662,2026-07-13,,,,,,,,,,,,,,
629,13,20,2024-08-26,2024-08-28,2024-08-27,309,Delivered,Laborum Product,Electronics,563.85,5,"Borah, Gill and Varma",Dehri,6.15,3.78,20,Bangalore Warehouse,426,2026-07-15,,,,,,,,,,,,,,
630,15,73,2026-06-27,2026-07-06,2026-07-09,104,Delayed,Debitis Product,Furniture,1718.5,11,Sastry and Sons,Haldia,5.45,4.34,73,Mumbai Warehouse,263,2026-07-09,,,,,,,,,,,,,,
631,14,110,2024-09-04,2024-09-12,2024-09-17,153,Delivered,Assumenda Product,Furniture,4904.71,9,"Bahri, Dugar and Ratti",Kottayam,8.09,4.85,110,Chennai Warehouse,817,2026-06-23,,,,,,,,,,,,,,
632,14,25,2025-02-12,2025-02-20,2025-02-25,283,In Transit,Vel Product,Automotive,3265.92,1,"Bahri, Dugar and Ratti",Kottayam,8.09,4.85,25,Bangalore Warehouse,437,2026-07-06,,,,,,,,,,,,,,
633,1,108,2026-04-07,2026-04-15,2026-04-18,166,Delivered,Debitis Product,Automotive,3133.95,9,"Balasubramanian, Gara and Memon",Nadiad,5.69,4.88,108,Hyderabad Warehouse,767,2026-07-07,,,,,,,,,,,,,,
634,17,27,2024-11-18,2024-11-28,2024-11-26,204,Delayed,Vero Product,Furniture,4788.07,19,"Sule, Jaggi and Char",Pallavaram,6.39,3.52,27,Delhi Warehouse,91,2026-07-05,,,,,,,,,,,,,,
635,14,30,2025-02-25,2025-02-28,2025-03-04,65,Cancelled,Voluptatem Product,Medical,3709.02,5,"Bahri, Dugar and Ratti",Kottayam,8.09,4.85,30,Chennai Warehouse,472,2026-06-30,,,,,,,,,,,,,,
636,9,47,2025-07-10,2025-07-15,2025-07-18,336,Delivered,Impedit Product,Clothing,4282.54,1,"Loyal, Varma and Tripathi",Firozabad,9.75,4.64,47,Chennai Warehouse,913,2026-06-30,,,,,,,,,,,,,,
637,17,65,2025-05-12,2025-05-19,2025-05-19,163,Cancelled,Ut Product,Groceries,3277.06,2,"Sule, Jaggi and Char",Pallavaram,6.39,3.52,65,Delhi Warehouse,911,2026-07-06,,,,,,,,,,,,,,
638,15,22,2025-12-15,2025-12-19,2025-12-18,242,Delivered,Amet Product,Furniture,1453.32,6,Sastry and Sons,Haldia,5.45,4.34,22,Delhi Warehouse,386,2026-07-10,,,,,,,,,,,,,,
639,16,96,2026-05-25,2026-05-29,2026-05-31,335,Delayed,Laborum Product,Medical,3501.37,20,Handa-Manda,Vijayanagaram,8.66,4.77,96,Mumbai Warehouse,471,2026-06-19,,,,,,,,,,,,,,
640,2,73,2026-06-29,2026-07-06,2026-07-06,351,Cancelled,Debitis Product,Furniture,1718.5,11,Gour Ltd,Bhilwara,8.05,3.83,73,Mumbai Warehouse,263,2026-07-09,,,,,,,,,,,,,,
641,13,29,2025-02-25,2025-03-01,2025-03-05,303,Delayed,Architecto Product,Furniture,4183.31,3,"Borah, Gill and Varma",Dehri,6.15,3.78,29,Chennai Warehouse,981,2026-06-27,222.0,Traffic,Low,Earum eius culpa magnam cum eius dolore.,2025-12-08,222.0,Switch Supplier,Approved,2025-11-24,222.0,Failed,0.0,3979.43,Issue resolved successfully
642,1,77,2025-07-30,2025-08-05,2025-08-06,433,Delivered,Dolorum Product,Clothing,4786.13,4,"Balasubramanian, Gara and Memon",Nadiad,5.69,4.88,77,Hyderabad Warehouse,307,2026-07-05,,,,,,,,,,,,,,
643,12,81,2025-07-10,2025-07-13,2025-07-16,228,Delivered,Voluptatibus Product,Automotive,1958.75,1,Thakur and Sons,Kanpur,5.83,3.5,81,Chennai Warehouse,875,2026-06-17,172.0,Machine Failure,High,In nostrum dolorem minus non.,2026-01-04,172.0,Expedite Shipment,Approved,2026-03-12,172.0,Failed,15.0,2338.27,Issue resolved successfully
644,6,125,2025-06-27,2025-07-07,2025-07-10,432,Delivered,Consectetur Product,Clothing,1221.23,13,Bhavsar-Sampath,Bangalore,2.52,3.72,125,Chennai Warehouse,72,2026-06-29,,,,,,,,,,,,,,
645,13,27,2024-11-23,2024-11-28,2024-12-02,285,Cancelled,Vero Product,Furniture,4788.07,19,"Borah, Gill and Varma",Dehri,6.15,3.78,27,Delhi Warehouse,91,2026-07-05,390.0,Machine Failure,Low,Cumque soluta sapiente reiciendis odit exercitationem.,2026-06-24,390.0,Change Transport Route,Rejected,2026-07-09,390.0,Pending,8.0,11724.76,Cost increased
646,5,98,2025-11-26,2025-12-04,2025-12-06,414,In Transit,Quae Product,Clothing,2022.11,14,Chander-Sibal,Kochi,6.81,4.37,98,Hyderabad Warehouse,832,2026-07-05,,,,,,,,,,,,,,
647,12,21,2025-07-17,2025-07-23,2025-07-24,133,Cancelled,Animi Product,Automotive,3616.57,8,Thakur and Sons,Kanpur,5.83,3.5,21,Delhi Warehouse,666,2026-06-27,,,,,,,,,,,,,,
648,5,124,2026-05-11,2026-05-13,2026-05-16,360,Delivered,Excepturi Product,Furniture,756.02,2,Chander-Sibal,Kochi,6.81,4.37,124,Chennai Warehouse,123,2026-07-09,,,,,,,,,,,,,,
649,15,25,2025-11-15,2025-11-18,2025-11-16,75,Cancelled,Vel Product,Automotive,3265.92,1,Sastry and Sons,Haldia,5.45,4.34,25,Bangalore Warehouse,437,2026-07-06,,,,,,,,,,,,,,
650,5,18,2025-01-15,2025-01-18,2025-01-17,71,Delayed,Commodi Product,Electronics,2870.64,11,Chander-Sibal,Kochi,6.81,4.37,18,Mumbai Warehouse,611,2026-06-21,,,,,,,,,,,,,,
651,8,12,2025-08-04,2025-08-08,2025-08-07,373,Delivered,Fugit Product,Clothing,1357.85,15,Hans-Bir,Siliguri,2.43,4.68,12,Hyderabad Warehouse,878,2026-06-22,14.0,Supplier Delay,Low,Blanditiis adipisci hic ipsam.,2025-07-25,14.0,Expedite Shipment,Pending,2026-04-26,14.0,Failed,9.0,11578.33,Cost increased
652,3,128,2024-09-10,2024-09-17,2024-09-19,178,Delivered,Non Product,Clothing,4746.22,5,"Balan, Virk and Mangal",Bangalore,3.73,4.49,128,Hyderabad Warehouse,464,2026-06-23,,,,,,,,,,,,,,
653,1,71,2026-04-03,2026-04-13,2026-04-17,384,Cancelled,Aperiam Product,Clothing,4446.27,15,"Balasubramanian, Gara and Memon",Nadiad,5.69,4.88,71,Delhi Warehouse,179,2026-07-05,,,,,,,,,,,,,,
654,20,24,2024-09-23,2024-09-27,2024-09-27,179,Delivered,Dolorem Product,Medical,3211.29,13,Chakraborty-Sengupta,Malda,5.0,3.56,24,Bangalore Warehouse,374,2026-06-27,,,,,,,,,,,,,,
655,15,118,2026-06-15,2026-06-22,2026-06-21,74,Cancelled,Harum Product,Automotive,2602.93,16,Sastry and Sons,Haldia,5.45,4.34,118,Bangalore Warehouse,482,2026-06-18,,,,,,,,,,,,,,
656,14,26,2025-02-02,2025-02-09,2025-02-13,245,In Transit,Ducimus Product,Medical,488.37,16,"Bahri, Dugar and Ratti",Kottayam,8.09,4.85,26,Mumbai Warehouse,280,2026-07-04,,,,,,,,,,,,,,
657,10,126,2026-04-08,2026-04-18,2026-04-18,308,Cancelled,Nemo Product,Groceries,3018.63,8,"Mitter, Srinivasan and Dixit",Shimoga,1.81,3.9,126,Chennai Warehouse,306,2026-07-05,,,,,,,,,,,,,,
658,17,32,2026-05-22,2026-05-26,2026-05-25,61,Delivered,Quis Product,Groceries,4929.24,1,"Sule, Jaggi and Char",Pallavaram,6.39,3.52,32,Mumbai Warehouse,715,2026-07-01,,,,,,,,,,,,,,
659,5,149,2024-08-18,2024-08-23,2024-08-28,313,Cancelled,Asperiores Product,Groceries,2199.52,9,Chander-Sibal,Kochi,6.81,4.37,149,Chennai Warehouse,331,2026-07-13,,,,,,,,,,,,,,
660,18,95,2024-11-01,2024-11-06,2024-11-09,495,Cancelled,Temporibus Product,Automotive,2131.71,12,Raju and Sons,Etawah,3.81,4.27,95,Hyderabad Warehouse,870,2026-07-10,,,,,,,,,,,,,,
661,16,20,2025-10-26,2025-11-04,2025-11-02,272,Delayed,Laborum Product,Electronics,563.85,5,Handa-Manda,Vijayanagaram,8.66,4.77,20,Bangalore Warehouse,426,2026-07-15,,,,,,,,,,,,,,
662,10,126,2024-08-18,2024-08-24,2024-08-22,182,Delayed,Nemo Product,Groceries,3018.63,8,"Mitter, Srinivasan and Dixit",Shimoga,1.81,3.9,126,Chennai Warehouse,306,2026-07-05,,,,,,,,,,,,,,
663,16,141,2026-05-30,2026-06-03,2026-06-05,414,Cancelled,Provident Product,Automotive,4798.63,6,Handa-Manda,Vijayanagaram,8.66,4.77,141,Delhi Warehouse,291,2026-07-10,,,,,,,,,,,,,,
664,20,64,2025-01-08,2025-01-13,2025-01-12,241,In Transit,Officia Product,Automotive,1852.17,1,Chakraborty-Sengupta,Malda,5.0,3.56,64,Hyderabad Warehouse,751,2026-06-19,,,,,,,,,,,,,,
665,14,7,2025-04-27,2025-05-04,2025-05-06,379,Cancelled,Expedita Product,Furniture,1401.54,17,"Bahri, Dugar and Ratti",Kottayam,8.09,4.85,7,Delhi Warehouse,512,2026-06-28,,,,,,,,,,,,,,
666,5,5,2025-05-13,2025-05-17,2025-05-22,245,Cancelled,Occaecati Product,Medical,1257.97,15,Chander-Sibal,Kochi,6.81,4.37,5,Hyderabad Warehouse,892,2026-07-08,,,,,,,,,,,,,,
667,18,141,2025-10-09,2025-10-16,2025-10-21,133,Delayed,Provident Product,Automotive,4798.63,6,Raju and Sons,Etawah,3.81,4.27,141,Delhi Warehouse,291,2026-07-10,252.0,Traffic,Low,Impedit ullam magnam vel enim explicabo.,2026-02-01,252.0,Expedite Shipment,Implemented,2026-04-04,252.0,Resolved,13.0,2583.57,Issue resolved successfully
668,1,39,2025-09-14,2025-09-18,2025-09-20,446,Delayed,Amet Product,Automotive,1228.36,6,"Balasubramanian, Gara and Memon",Nadiad,5.69,4.88,39,Chennai Warehouse,720,2026-07-10,,,,,,,,,,,,,,
669,15,68,2025-11-04,2025-11-08,2025-11-10,96,Delayed,Delectus Product,Clothing,4916.43,20,Sastry and Sons,Haldia,5.45,4.34,68,Chennai Warehouse,660,2026-06-18,,,,,,,,,,,,,,
670,4,73,2025-03-23,2025-03-25,2025-03-26,173,Cancelled,Debitis Product,Furniture,1718.5,11,Rajagopal-Jayaraman,Jalna,1.0,3.51,73,Mumbai Warehouse,263,2026-07-09,,,,,,,,,,,,,,
671,16,143,2024-12-14,2024-12-20,2024-12-18,297,Delivered,Exercitationem Product,Furniture,2333.4,6,Handa-Manda,Vijayanagaram,8.66,4.77,143,Hyderabad Warehouse,191,2026-07-12,,,,,,,,,,,,,,
672,14,85,2025-01-06,2025-01-10,2025-01-13,351,Cancelled,Vero Product,Medical,287.27,20,"Bahri, Dugar and Ratti",Kottayam,8.09,4.85,85,Bangalore Warehouse,854,2026-06-21,,,,,,,,,,,,,,
673,6,51,2025-09-19,2025-09-21,2025-09-20,195,Delivered,Corrupti Product,Medical,1864.29,15,Bhavsar-Sampath,Bangalore,2.52,3.72,51,Chennai Warehouse,926,2026-07-02,,,,,,,,,,,,,,
674,13,138,2025-03-27,2025-03-31,2025-04-01,215,Cancelled,Commodi Product,Groceries,4831.21,4,"Borah, Gill and Varma",Dehri,6.15,3.78,138,Bangalore Warehouse,589,2026-06-20,,,,,,,,,,,,,,
675,9,115,2025-06-28,2025-07-05,2025-07-03,28,Delayed,Accusamus Product,Clothing,1194.04,7,"Loyal, Varma and Tripathi",Firozabad,9.75,4.64,115,Chennai Warehouse,832,2026-06-27,,,,,,,,,,,,,,
676,8,33,2025-04-16,2025-04-23,2025-04-23,214,Delayed,Facere Product,Medical,1997.29,4,Hans-Bir,Siliguri,2.43,4.68,33,Delhi Warehouse,549,2026-07-12,,,,,,,,,,,,,,
677,3,28,2024-12-22,2024-12-26,2024-12-25,67,In Transit,Quidem Product,Groceries,4168.94,2,"Balan, Virk and Mangal",Bangalore,3.73,4.49,28,Hyderabad Warehouse,118,2026-06-24,,,,,,,,,,,,,,
678,8,44,2025-11-05,2025-11-13,2025-11-15,368,In Transit,Voluptatum Product,Groceries,3216.56,15,Hans-Bir,Siliguri,2.43,4.68,44,Chennai Warehouse,740,2026-07-04,,,,,,,,,,,,,,
679,17,28,2025-10-21,2025-10-31,2025-11-04,149,Cancelled,Quidem Product,Groceries,4168.94,2,"Sule, Jaggi and Char",Pallavaram,6.39,3.52,28,Hyderabad Warehouse,118,2026-06-24,465.0,Weather,High,Voluptas odit id accusantium.,2026-02-16,465.0,Increase Safety Stock,Rejected,2025-12-08,465.0,Resolved,8.0,796.98,Issue resolved successfully
680,8,89,2024-10-22,2024-10-24,2024-10-26,476,In Transit,Fugiat Product,Electronics,4524.8,7,Hans-Bir,Siliguri,2.43,4.68,89,Bangalore Warehouse,597,2026-06-18,,,,,,,,,,,,,,
681,11,149,2025-12-28,2026-01-02,2026-01-05,10,Cancelled,Asperiores Product,Groceries,2199.52,9,Banerjee Group,Alappuzha,8.52,4.3,149,Chennai Warehouse,331,2026-07-13,,,,,,,,,,,,,,
682,9,60,2025-10-04,2025-10-14,2025-10-13,311,Delivered,Ipsa Product,Furniture,2536.82,19,"Loyal, Varma and Tripathi",Firozabad,9.75,4.64,60,Bangalore Warehouse,753,2026-07-14,,,,,,,,,,,,,,
683,9,145,2024-08-09,2024-08-17,2024-08-20,356,Delivered,Provident Product,Groceries,3598.65,5,"Loyal, Varma and Tripathi",Firozabad,9.75,4.64,145,Bangalore Warehouse,739,2026-06-24,,,,,,,,,,,,,,
684,9,69,2024-07-24,2024-08-01,2024-08-02,284,Delivered,Ipsa Product,Groceries,1707.84,17,"Loyal, Varma and Tripathi",Firozabad,9.75,4.64,69,Mumbai Warehouse,267,2026-07-09,,,,,,,,,,,,,,
685,18,133,2025-06-04,2025-06-07,2025-06-06,354,Delivered,Doloremque Product,Groceries,552.4,17,Raju and Sons,Etawah,3.81,4.27,133,Hyderabad Warehouse,760,2026-06-27,,,,,,,,,,,,,,
686,19,59,2025-05-03,2025-05-11,2025-05-12,191,Delayed,Omnis Product,Electronics,2194.29,10,"Nagar, Hari and Chada",Munger,9.42,4.61,59,Chennai Warehouse,265,2026-07-01,,,,,,,,,,,,,,
687,18,57,2025-11-14,2025-11-20,2025-11-22,298,In Transit,Distinctio Product,Automotive,863.84,19,Raju and Sons,Etawah,3.81,4.27,57,Hyderabad Warehouse,848,2026-06-28,,,,,,,,,,,,,,
688,18,25,2024-11-01,2024-11-09,2024-11-10,223,Delayed,Vel Product,Automotive,3265.92,1,Raju and Sons,Etawah,3.81,4.27,25,Bangalore Warehouse,437,2026-07-06,,,,,,,,,,,,,,
689,7,147,2025-09-10,2025-09-17,2025-09-18,385,Cancelled,Sed Product,Medical,185.14,8,Wali PLC,Khandwa,2.76,4.43,147,Chennai Warehouse,280,2026-06-17,242.0,Supplier Delay,Medium,Laborum tempora laudantium nisi at perferendis vel minima.,2025-09-07,242.0,Change Transport Route,Implemented,2025-08-03,242.0,Partially Resolved,0.0,4952.33,Issue resolved successfully
690,16,68,2025-05-11,2025-05-21,2025-05-24,291,Delayed,Delectus Product,Clothing,4916.43,20,Handa-Manda,Vijayanagaram,8.66,4.77,68,Chennai Warehouse,660,2026-06-18,,,,,,,,,,,,,,
691,13,34,2025-06-15,2025-06-25,2025-06-29,181,Delivered,Consequatur Product,Automotive,4834.5,8,"Borah, Gill and Varma",Dehri,6.15,3.78,34,Delhi Warehouse,280,2026-06-18,,,,,,,,,,,,,,
692,10,6,2025-03-16,2025-03-18,2025-03-19,414,Cancelled,Reiciendis Product,Furniture,3938.69,18,"Mitter, Srinivasan and Dixit",Shimoga,1.81,3.9,6,Bangalore Warehouse,894,2026-06-26,,,,,,,,,,,,,,
693,8,130,2025-09-08,2025-09-17,2025-09-16,74,In Transit,Rerum Product,Clothing,379.31,9,Hans-Bir,Siliguri,2.43,4.68,130,Bangalore Warehouse,702,2026-06-28,,,,,,,,,,,,,,
694,5,123,2025-10-02,2025-10-07,2025-10-11,61,Delayed,Amet Product,Electronics,2966.03,9,Chander-Sibal,Kochi,6.81,4.37,123,Chennai Warehouse,249,2026-06-23,,,,,,,,,,,,,,
695,14,149,2025-09-30,2025-10-03,2025-10-04,306,In Transit,Asperiores Product,Groceries,2199.52,9,"Bahri, Dugar and Ratti",Kottayam,8.09,4.85,149,Chennai Warehouse,331,2026-07-13,311.0,Transport Strike,Low,Numquam earum quaerat nesciunt soluta.,2026-04-24,311.0,Switch Supplier,Approved,2026-03-12,311.0,Resolved,0.0,1567.19,Cost increased
696,11,9,2025-11-26,2025-11-30,2025-12-04,468,In Transit,Alias Product,Groceries,1305.18,16,Banerjee Group,Alappuzha,8.52,4.3,9,Mumbai Warehouse,917,2026-07-04,,,,,,,,,,,,,,
697,18,102,2025-05-17,2025-05-26,2025-05-30,302,Delayed,Molestias Product,Furniture,2262.92,3,Raju and Sons,Etawah,3.81,4.27,102,Chennai Warehouse,835,2026-06-22,,,,,,,,,,,,,,
698,9,4,2024-09-18,2024-09-25,2024-09-27,417,Delayed,Dignissimos Product,Clothing,2106.24,6,"Loyal, Varma and Tripathi",Firozabad,9.75,4.64,4,Bangalore Warehouse,473,2026-06-30,,,,,,,,,,,,,,
699,7,139,2025-04-11,2025-04-21,2025-04-24,66,Delayed,Vero Product,Furniture,4054.68,9,Wali PLC,Khandwa,2.76,4.43,139,Mumbai Warehouse,185,2026-07-15,,,,,,,,,,,,,,
700,6,119,2026-05-13,2026-05-17,2026-05-22,192,Delayed,Maxime Product,Furniture,4794.94,19,Bhavsar-Sampath,Bangalore,2.52,3.72,119,Mumbai Warehouse,383,2026-07-01,,,,,,,,,,,,,,
701,19,46,2025-11-12,2025-11-17,2025-11-17,197,Delayed,Impedit Product,Electronics,1574.36,7,"Nagar, Hari and Chada",Munger,9.42,4.61,46,Chennai Warehouse,372,2026-06-23,,,,,,,,,,,,,,
702,5,63,2025-03-08,2025-03-10,2025-03-13,25,In Transit,Minus Product,Electronics,1218.88,8,Chander-Sibal,Kochi,6.81,4.37,63,Hyderabad Warehouse,518,2026-06-17,486.0,Supplier Delay,High,Accusantium asperiores officiis voluptates veniam nobis facilis.,2026-03-23,486.0,Increase Safety Stock,Rejected,2025-11-16,486.0,Failed,11.0,1057.38,Issue resolved successfully
703,17,40,2025-10-26,2025-10-31,2025-11-05,453,Cancelled,Nemo Product,Groceries,2824.16,10,"Sule, Jaggi and Char",Pallavaram,6.39,3.52,40,Hyderabad Warehouse,554,2026-06-27,297.0,Traffic,Medium,Dolorum impedit ipsa commodi autem laborum voluptatum.,2025-09-30,297.0,Change Transport Route,Implemented,2026-03-24,297.0,Pending,5.0,3096.31,Shipment rerouted
704,4,59,2025-09-21,2025-09-23,2025-09-21,498,Cancelled,Omnis Product,Electronics,2194.29,10,Rajagopal-Jayaraman,Jalna,1.0,3.51,59,Chennai Warehouse,265,2026-07-01,,,,,,,,,,,,,,
705,6,19,2026-01-26,2026-01-29,2026-01-28,178,In Transit,Officia Product,Electronics,667.17,9,Bhavsar-Sampath,Bangalore,2.52,3.72,19,Bangalore Warehouse,273,2026-06-24,,,,,,,,,,,,,,
706,4,142,2025-06-22,2025-06-25,2025-06-30,237,Delayed,Dolorum Product,Groceries,1310.64,7,Rajagopal-Jayaraman,Jalna,1.0,3.51,142,Mumbai Warehouse,982,2026-07-09,,,,,,,,,,,,,,
707,15,52,2025-10-11,2025-10-19,2025-10-21,86,In Transit,Architecto Product,Medical,1642.77,20,Sastry and Sons,Haldia,5.45,4.34,52,Mumbai Warehouse,918,2026-06-30,,,,,,,,,,,,,,
708,3,89,2025-07-20,2025-07-25,2025-07-28,408,Cancelled,Fugiat Product,Electronics,4524.8,7,"Balan, Virk and Mangal",Bangalore,3.73,4.49,89,Bangalore Warehouse,597,2026-06-18,,,,,,,,,,,,,,
709,20,20,2024-08-20,2024-08-24,2024-08-25,328,In Transit,Laborum Product,Electronics,563.85,5,Chakraborty-Sengupta,Malda,5.0,3.56,20,Bangalore Warehouse,426,2026-07-15,511.0,Supplier Delay,Medium,Esse fuga provident dicta accusamus.,2026-03-14,511.0,Change Transport Route,Pending,2025-12-16,511.0,Failed,9.0,10754.79,Supplier changed
710,3,7,2025-12-03,2025-12-05,2025-12-05,420,Delivered,Expedita Product,Furniture,1401.54,17,"Balan, Virk and Mangal",Bangalore,3.73,4.49,7,Delhi Warehouse,512,2026-06-28,,,,,,,,,,,,,,
711,17,21,2025-05-14,2025-05-23,2025-05-22,117,In Transit,Animi Product,Automotive,3616.57,8,"Sule, Jaggi and Char",Pallavaram,6.39,3.52,21,Delhi Warehouse,666,2026-06-27,,,,,,,,,,,,,,
712,4,37,2024-12-29,2025-01-04,2025-01-07,187,Delayed,Earum Product,Groceries,442.22,11,Rajagopal-Jayaraman,Jalna,1.0,3.51,37,Mumbai Warehouse,198,2026-06-16,,,,,,,,,,,,,,
713,5,139,2025-07-01,2025-07-06,2025-07-11,288,Delayed,Vero Product,Furniture,4054.68,9,Chander-Sibal,Kochi,6.81,4.37,139,Mumbai Warehouse,185,2026-07-15,338.0,Machine Failure,Low,Aliquam a soluta fugit ducimus amet porro voluptates.,2026-07-09,338.0,Expedite Shipment,Rejected,2025-09-28,338.0,Partially Resolved,10.0,-529.22,Shipment rerouted
714,6,36,2025-12-05,2025-12-09,2025-12-14,127,In Transit,Suscipit Product,Electronics,2750.46,10,Bhavsar-Sampath,Bangalore,2.52,3.72,36,Hyderabad Warehouse,271,2026-07-15,24.0,Traffic,High,Animi quasi libero sit.,2026-03-12,24.0,Increase Safety Stock,Approved,2026-04-28,24.0,Resolved,2.0,5666.81,Supplier changed
715,1,60,2025-05-12,2025-05-20,2025-05-23,290,Delayed,Ipsa Product,Furniture,2536.82,19,"Balasubramanian, Gara and Memon",Nadiad,5.69,4.88,60,Bangalore Warehouse,753,2026-07-14,,,,,,,,,,,,,,
716,3,132,2026-01-05,2026-01-10,2026-01-12,46,Cancelled,Quisquam Product,Groceries,1498.72,7,"Balan, Virk and Mangal",Bangalore,3.73,4.49,132,Mumbai Warehouse,860,2026-07-05,579.0,Weather,High,Hic nostrum veritatis quae repellendus accusamus error.,2025-12-03,579.0,Change Transport Route,Implemented,2025-08-04,579.0,Resolved,7.0,11912.74,Shipment rerouted
717,6,64,2025-02-20,2025-02-25,2025-02-27,258,Delivered,Officia Product,Automotive,1852.17,1,Bhavsar-Sampath,Bangalore,2.52,3.72,64,Hyderabad Warehouse,751,2026-06-19,,,,,,,,,,,,,,
718,18,129,2025-05-30,2025-06-08,2025-06-07,362,Delivered,Repellat Product,Clothing,772.83,16,Raju and Sons,Etawah,3.81,4.27,129,Bangalore Warehouse,81,2026-07-01,,,,,,,,,,,,,,
719,15,10,2024-11-29,2024-12-04,2024-12-04,384,In Transit,Ratione Product,Medical,834.09,9,Sastry and Sons,Haldia,5.45,4.34,10,Hyderabad Warehouse,815,2026-07-09,,,,,,,,,,,,,,
720,11,10,2026-06-07,2026-06-17,2026-06-19,213,Cancelled,Ratione Product,Medical,834.09,9,Banerjee Group,Alappuzha,8.52,4.3,10,Hyderabad Warehouse,815,2026-07-09,,,,,,,,,,,,,,
721,3,2,2025-12-01,2025-12-04,2025-12-04,474,Cancelled,Veniam Product,Furniture,880.89,5,"Balan, Virk and Mangal",Bangalore,3.73,4.49,2,Delhi Warehouse,824,2026-06-22,,,,,,,,,,,,,,
722,3,109,2025-12-31,2026-01-10,2026-01-09,128,Delayed,Beatae Product,Automotive,1167.1,12,"Balan, Virk and Mangal",Bangalore,3.73,4.49,109,Mumbai Warehouse,573,2026-06-17,,,,,,,,,,,,,,
723,1,61,2025-04-30,2025-05-09,2025-05-10,112,Delayed,Eveniet Product,Furniture,3258.29,8,"Balasubramanian, Gara and Memon",Nadiad,5.69,4.88,61,Mumbai Warehouse,725,2026-06-20,,,,,,,,,,,,,,
724,17,138,2025-03-11,2025-03-21,2025-03-26,333,Delayed,Commodi Product,Groceries,4831.21,4,"Sule, Jaggi and Char",Pallavaram,6.39,3.52,138,Bangalore Warehouse,589,2026-06-20,,,,,,,,,,,,,,
725,15,85,2026-06-21,2026-06-26,2026-06-24,328,Delivered,Vero Product,Medical,287.27,20,Sastry and Sons,Haldia,5.45,4.34,85,Bangalore Warehouse,854,2026-06-21,243.0,Weather,Low,Aliquid molestiae tempora quisquam illo nam quos suscipit.,2025-11-23,243.0,Expedite Shipment,Approved,2026-04-29,243.0,Partially Resolved,12.0,11751.74,Shipment rerouted
726,1,42,2025-10-20,2025-10-24,2025-10-24,178,In Transit,Exercitationem Product,Medical,980.26,5,"Balasubramanian, Gara and Memon",Nadiad,5.69,4.88,42,Bangalore Warehouse,493,2026-07-01,,,,,,,,,,,,,,
727,12,150,2025-02-06,2025-02-11,2025-02-15,336,Delivered,Harum Product,Furniture,1928.91,14,Thakur and Sons,Kanpur,5.83,3.5,150,Bangalore Warehouse,533,2026-07-09,,,,,,,,,,,,,,
728,19,14,2025-07-20,2025-07-27,2025-07-26,469,In Transit,Nulla Product,Electronics,1235.72,15,"Nagar, Hari and Chada",Munger,9.42,4.61,14,Hyderabad Warehouse,453,2026-07-12,,,,,,,,,,,,,,
729,12,79,2025-09-17,2025-09-25,2025-09-29,344,Delayed,Officiis Product,Automotive,3036.4,6,Thakur and Sons,Kanpur,5.83,3.5,79,Bangalore Warehouse,898,2026-06-30,,,,,,,,,,,,,,
730,9,57,2026-06-03,2026-06-09,2026-06-07,374,In Transit,Distinctio Product,Automotive,863.84,19,"Loyal, Varma and Tripathi",Firozabad,9.75,4.64,57,Hyderabad Warehouse,848,2026-06-28,,,,,,,,,,,,,,
731,12,82,2024-09-17,2024-09-25,2024-09-26,115,Cancelled,Unde Product,Electronics,3347.22,1,Thakur and Sons,Kanpur,5.83,3.5,82,Hyderabad Warehouse,481,2026-07-04,,,,,,,,,,,,,,
732,20,56,2024-09-12,2024-09-16,2024-09-21,220,Delivered,Error Product,Electronics,333.18,11,Chakraborty-Sengupta,Malda,5.0,3.56,56,Chennai Warehouse,777,2026-07-07,,,,,,,,,,,,,,
733,11,15,2025-09-20,2025-09-27,2025-09-25,72,Delivered,Dolore Product,Automotive,1024.49,5,Banerjee Group,Alappuzha,8.52,4.3,15,Chennai Warehouse,343,2026-07-02,,,,,,,,,,,,,,
734,19,86,2026-01-08,2026-01-10,2026-01-08,286,Delivered,Aliquam Product,Electronics,2475.27,3,"Nagar, Hari and Chada",Munger,9.42,4.61,86,Mumbai Warehouse,687,2026-06-23,,,,,,,,,,,,,,
735,16,109,2025-12-19,2025-12-23,2025-12-28,456,In Transit,Beatae Product,Automotive,1167.1,12,Handa-Manda,Vijayanagaram,8.66,4.77,109,Mumbai Warehouse,573,2026-06-17,,,,,,,,,,,,,,
736,12,62,2025-11-05,2025-11-13,2025-11-13,477,In Transit,Officiis Product,Medical,3477.18,12,Thakur and Sons,Kanpur,5.83,3.5,62,Chennai Warehouse,668,2026-07-05,,,,,,,,,,,,,,
737,10,34,2025-12-07,2025-12-14,2025-12-12,360,In Transit,Consequatur Product,Automotive,4834.5,8,"Mitter, Srinivasan and Dixit",Shimoga,1.81,3.9,34,Delhi Warehouse,280,2026-06-18,,,,,,,,,,,,,,
738,20,71,2025-11-22,2025-11-24,2025-11-24,321,Delivered,Aperiam Product,Clothing,4446.27,15,Chakraborty-Sengupta,Malda,5.0,3.56,71,Delhi Warehouse,179,2026-07-05,,,,,,,,,,,,,,
739,10,34,2024-12-20,2024-12-23,2024-12-25,329,In Transit,Consequatur Product,Automotive,4834.5,8,"Mitter, Srinivasan and Dixit",Shimoga,1.81,3.9,34,Delhi Warehouse,280,2026-06-18,,,,,,,,,,,,,,
740,5,27,2025-01-23,2025-01-31,2025-02-02,429,In Transit,Vero Product,Furniture,4788.07,19,Chander-Sibal,Kochi,6.81,4.37,27,Delhi Warehouse,91,2026-07-05,,,,,,,,,,,,,,
741,5,78,2025-10-10,2025-10-15,2025-10-19,206,Delayed,Quam Product,Clothing,1593.13,4,Chander-Sibal,Kochi,6.81,4.37,78,Hyderabad Warehouse,637,2026-07-09,,,,,,,,,,,,,,
742,4,34,2025-01-18,2025-01-21,2025-01-22,93,Cancelled,Consequatur Product,Automotive,4834.5,8,Rajagopal-Jayaraman,Jalna,1.0,3.51,34,Delhi Warehouse,280,2026-06-18,,,,,,,,,,,,,,
743,2,31,2026-01-02,2026-01-09,2026-01-14,307,Cancelled,Non Product,Groceries,4067.09,17,Gour Ltd,Bhilwara,8.05,3.83,31,Mumbai Warehouse,995,2026-06-28,,,,,,,,,,,,,,
744,19,44,2026-01-02,2026-01-08,2026-01-11,306,Delivered,Voluptatum Product,Groceries,3216.56,15,"Nagar, Hari and Chada",Munger,9.42,4.61,44,Chennai Warehouse,740,2026-07-04,,,,,,,,,,,,,,
745,16,109,2024-08-23,2024-08-31,2024-09-03,221,Cancelled,Beatae Product,Automotive,1167.1,12,Handa-Manda,Vijayanagaram,8.66,4.77,109,Mumbai Warehouse,573,2026-06-17,,,,,,,,,,,,,,
746,10,92,2024-12-12,2024-12-21,2024-12-22,222,Delayed,Architecto Product,Furniture,4826.14,10,"Mitter, Srinivasan and Dixit",Shimoga,1.81,3.9,92,Mumbai Warehouse,215,2026-07-07,,,,,,,,,,,,,,
747,15,39,2024-12-07,2024-12-14,2024-12-19,447,Delivered,Amet Product,Automotive,1228.36,6,Sastry and Sons,Haldia,5.45,4.34,39,Chennai Warehouse,720,2026-07-10,,,,,,,,,,,,,,
748,20,34,2026-06-19,2026-06-26,2026-06-24,244,In Transit,Consequatur Product,Automotive,4834.5,8,Chakraborty-Sengupta,Malda,5.0,3.56,34,Delhi Warehouse,280,2026-06-18,,,,,,,,,,,,,,
749,6,149,2025-10-21,2025-10-24,2025-10-25,158,In Transit,Asperiores Product,Groceries,2199.52,9,Bhavsar-Sampath,Bangalore,2.52,3.72,149,Chennai Warehouse,331,2026-07-13,550.0,Supplier Delay,High,Ullam a quaerat pariatur inventore eaque praesentium.,2025-12-21,550.0,Increase Safety Stock,Pending,2026-04-02,550.0,Failed,12.0,14333.33,Cost increased
750,3,128,2024-10-13,2024-10-23,2024-10-25,54,In Transit,Non Product,Clothing,4746.22,5,"Balan, Virk and Mangal",Bangalore,3.73,4.49,128,Hyderabad Warehouse,464,2026-06-23,,,,,,,,,,,,,,
751,16,126,2025-12-19,2025-12-29,2025-12-30,153,In Transit,Nemo Product,Groceries,3018.63,8,Handa-Manda,Vijayanagaram,8.66,4.77,126,Chennai Warehouse,306,2026-07-05,,,,,,,,,,,,,,
752,16,24,2025-03-14,2025-03-16,2025-03-16,226,Delayed,Dolorem Product,Medical,3211.29,13,Handa-Manda,Vijayanagaram,8.66,4.77,24,Bangalore Warehouse,374,2026-06-27,,,,,,,,,,,,,,
753,7,68,2024-11-07,2024-11-17,2024-11-21,263,Cancelled,Delectus Product,Clothing,4916.43,20,Wali PLC,Khandwa,2.76,4.43,68,Chennai Warehouse,660,2026-06-18,,,,,,,,,,,,,,
754,20,128,2024-09-21,2024-10-01,2024-09-29,402,Delayed,Non Product,Clothing,4746.22,5,Chakraborty-Sengupta,Malda,5.0,3.56,128,Hyderabad Warehouse,464,2026-06-23,,,,,,,,,,,,,,
755,12,98,2025-02-03,2025-02-06,2025-02-10,85,In Transit,Quae Product,Clothing,2022.11,14,Thakur and Sons,Kanpur,5.83,3.5,98,Hyderabad Warehouse,832,2026-07-05,,,,,,,,,,,,,,
756,4,66,2024-09-13,2024-09-23,2024-09-28,200,Delivered,Quas Product,Groceries,4225.31,19,Rajagopal-Jayaraman,Jalna,1.0,3.51,66,Bangalore Warehouse,853,2026-06-19,,,,,,,,,,,,,,
757,3,61,2025-09-10,2025-09-15,2025-09-17,211,In Transit,Eveniet Product,Furniture,3258.29,8,"Balan, Virk and Mangal",Bangalore,3.73,4.49,61,Mumbai Warehouse,725,2026-06-20,,,,,,,,,,,,,,
758,17,54,2025-09-26,2025-10-02,2025-10-06,74,Delayed,Voluptatem Product,Groceries,3641.55,2,"Sule, Jaggi and Char",Pallavaram,6.39,3.52,54,Chennai Warehouse,842,2026-06-17,,,,,,,,,,,,,,
759,3,58,2025-06-29,2025-07-07,2025-07-08,327,Delayed,Tempore Product,Groceries,4870.19,6,"Balan, Virk and Mangal",Bangalore,3.73,4.49,58,Bangalore Warehouse,328,2026-07-11,,,,,,,,,,,,,,
760,18,105,2026-06-14,2026-06-23,2026-06-25,253,Delayed,Tenetur Product,Clothing,1337.9,1,Raju and Sons,Etawah,3.81,4.27,105,Hyderabad Warehouse,84,2026-07-03,,,,,,,,,,,,,,
761,9,107,2025-07-03,2025-07-13,2025-07-13,173,In Transit,Repudiandae Product,Automotive,609.59,11,"Loyal, Varma and Tripathi",Firozabad,9.75,4.64,107,Delhi Warehouse,711,2026-07-01,,,,,,,,,,,,,,
762,12,102,2026-01-01,2026-01-04,2026-01-09,234,In Transit,Molestias Product,Furniture,2262.92,3,Thakur and Sons,Kanpur,5.83,3.5,102,Chennai Warehouse,835,2026-06-22,,,,,,,,,,,,,,
763,3,106,2024-07-24,2024-08-02,2024-08-07,353,Delayed,Officiis Product,Clothing,3586.71,17,"Balan, Virk and Mangal",Bangalore,3.73,4.49,106,Delhi Warehouse,595,2026-06-23,,,,,,,,,,,,,,
764,8,17,2026-02-12,2026-02-20,2026-02-18,104,Cancelled,Veniam Product,Clothing,2682.42,6,Hans-Bir,Siliguri,2.43,4.68,17,Bangalore Warehouse,243,2026-07-06,,,,,,,,,,,,,,
765,13,38,2025-08-18,2025-08-21,2025-08-25,492,Delivered,Laborum Product,Groceries,3934.86,13,"Borah, Gill and Varma",Dehri,6.15,3.78,38,Mumbai Warehouse,317,2026-07-03,,,,,,,,,,,,,,
766,19,107,2026-04-22,2026-05-01,2026-05-02,500,Delayed,Repudiandae Product,Automotive,609.59,11,"Nagar, Hari and Chada",Munger,9.42,4.61,107,Delhi Warehouse,711,2026-07-01,452.0,Traffic,Medium,Exercitationem natus dolore nisi ipsum.,2026-01-04,452.0,Increase Safety Stock,Rejected,2026-06-20,452.0,Failed,11.0,8084.27,Supplier changed
767,2,95,2026-03-27,2026-03-29,2026-03-27,445,Delivered,Temporibus Product,Automotive,2131.71,12,Gour Ltd,Bhilwara,8.05,3.83,95,Hyderabad Warehouse,870,2026-07-10,440.0,Supplier Delay,Medium,Saepe accusamus dicta fuga illo voluptas.,2025-12-03,440.0,Expedite Shipment,Implemented,2025-10-22,440.0,Failed,11.0,13888.08,Supplier changed
768,2,63,2025-07-12,2025-07-16,2025-07-16,484,In Transit,Minus Product,Electronics,1218.88,8,Gour Ltd,Bhilwara,8.05,3.83,63,Hyderabad Warehouse,518,2026-06-17,,,,,,,,,,,,,,
769,18,55,2025-07-15,2025-07-25,2025-07-27,352,Delayed,Odio Product,Furniture,4563.23,5,Raju and Sons,Etawah,3.81,4.27,55,Bangalore Warehouse,422,2026-07-01,,,,,,,,,,,,,,
770,8,95,2025-08-21,2025-08-31,2025-08-30,168,Cancelled,Temporibus Product,Automotive,2131.71,12,Hans-Bir,Siliguri,2.43,4.68,95,Hyderabad Warehouse,870,2026-07-10,,,,,,,,,,,,,,
771,9,112,2026-05-28,2026-06-02,2026-06-01,495,In Transit,Modi Product,Electronics,2985.26,19,"Loyal, Varma and Tripathi",Firozabad,9.75,4.64,112,Bangalore Warehouse,212,2026-06-25,,,,,,,,,,,,,,
772,17,94,2024-09-02,2024-09-08,2024-09-13,436,Cancelled,Culpa Product,Clothing,4115.37,20,"Sule, Jaggi and Char",Pallavaram,6.39,3.52,94,Delhi Warehouse,329,2026-07-15,,,,,,,,,,,,,,
773,3,89,2025-07-06,2025-07-13,2025-07-11,292,Delayed,Fugiat Product,Electronics,4524.8,7,"Balan, Virk and Mangal",Bangalore,3.73,4.49,89,Bangalore Warehouse,597,2026-06-18,,,,,,,,,,,,,,
774,8,46,2025-04-22,2025-04-30,2025-05-04,14,Delivered,Impedit Product,Electronics,1574.36,7,Hans-Bir,Siliguri,2.43,4.68,46,Chennai Warehouse,372,2026-06-23,,,,,,,,,,,,,,
775,16,66,2024-08-24,2024-09-01,2024-09-02,421,Delayed,Quas Product,Groceries,4225.31,19,Handa-Manda,Vijayanagaram,8.66,4.77,66,Bangalore Warehouse,853,2026-06-19,368.0,Supplier Delay,Low,Pariatur rerum ab aperiam.,2025-12-25,368.0,Switch Supplier,Implemented,2026-06-20,368.0,Resolved,3.0,1047.9,Issue resolved successfully
776,13,24,2025-08-18,2025-08-24,2025-08-23,254,Cancelled,Dolorem Product,Medical,3211.29,13,"Borah, Gill and Varma",Dehri,6.15,3.78,24,Bangalore Warehouse,374,2026-06-27,,,,,,,,,,,,,,
777,12,143,2025-02-14,2025-02-24,2025-02-28,67,In Transit,Exercitationem Product,Furniture,2333.4,6,Thakur and Sons,Kanpur,5.83,3.5,143,Hyderabad Warehouse,191,2026-07-12,,,,,,,,,,,,,,
778,3,78,2025-08-08,2025-08-14,2025-08-16,224,Cancelled,Quam Product,Clothing,1593.13,4,"Balan, Virk and Mangal",Bangalore,3.73,4.49,78,Hyderabad Warehouse,637,2026-07-09,,,,,,,,,,,,,,
779,6,147,2025-05-23,2025-06-01,2025-06-05,139,In Transit,Sed Product,Medical,185.14,8,Bhavsar-Sampath,Bangalore,2.52,3.72,147,Chennai Warehouse,280,2026-06-17,419.0,Supplier Delay,Medium,Aspernatur eveniet debitis iure ex sunt.,2026-05-07,419.0,Switch Supplier,Implemented,2025-12-21,419.0,Pending,7.0,-1744.35,Cost increased
780,17,126,2025-12-30,2026-01-01,2026-01-02,185,Delivered,Nemo Product,Groceries,3018.63,8,"Sule, Jaggi and Char",Pallavaram,6.39,3.52,126,Chennai Warehouse,306,2026-07-05,,,,,,,,,,,,,,
781,15,70,2025-08-13,2025-08-15,2025-08-15,73,Cancelled,Excepturi Product,Automotive,4641.9,16,Sastry and Sons,Haldia,5.45,4.34,70,Bangalore Warehouse,802,2026-06-20,,,,,,,,,,,,,,
782,16,24,2026-06-28,2026-07-03,2026-07-07,406,Cancelled,Dolorem Product,Medical,3211.29,13,Handa-Manda,Vijayanagaram,8.66,4.77,24,Bangalore Warehouse,374,2026-06-27,,,,,,,,,,,,,,
783,12,138,2025-12-17,2025-12-25,2025-12-27,84,In Transit,Commodi Product,Groceries,4831.21,4,Thakur and Sons,Kanpur,5.83,3.5,138,Bangalore Warehouse,589,2026-06-20,,,,,,,,,,,,,,
784,19,24,2025-01-22,2025-01-25,2025-01-29,400,In Transit,Dolorem Product,Medical,3211.29,13,"Nagar, Hari and Chada",Munger,9.42,4.61,24,Bangalore Warehouse,374,2026-06-27,264.0,Weather,Medium,Nisi ad iste porro error.,2025-10-10,264.0,Increase Safety Stock,Approved,2025-10-28,264.0,Partially Resolved,14.0,4264.04,Supplier changed
785,14,148,2024-09-26,2024-10-01,2024-10-03,20,Delayed,Saepe Product,Groceries,920.71,10,"Bahri, Dugar and Ratti",Kottayam,8.09,4.85,148,Delhi Warehouse,944,2026-06-16,,,,,,,,,,,,,,
786,1,96,2025-12-08,2025-12-17,2025-12-19,374,Cancelled,Laborum Product,Medical,3501.37,20,"Balasubramanian, Gara and Memon",Nadiad,5.69,4.88,96,Mumbai Warehouse,471,2026-06-19,,,,,,,,,,,,,,
787,7,33,2025-03-20,2025-03-25,2025-03-25,488,In Transit,Facere Product,Medical,1997.29,4,Wali PLC,Khandwa,2.76,4.43,33,Delhi Warehouse,549,2026-07-12,,,,,,,,,,,,,,
788,14,52,2025-08-22,2025-08-30,2025-09-02,358,Delivered,Architecto Product,Medical,1642.77,20,"Bahri, Dugar and Ratti",Kottayam,8.09,4.85,52,Mumbai Warehouse,918,2026-06-30,,,,,,,,,,,,,,
789,7,101,2024-07-23,2024-07-28,2024-07-31,364,Cancelled,Delectus Product,Automotive,1333.96,11,Wali PLC,Khandwa,2.76,4.43,101,Bangalore Warehouse,654,2026-06-16,,,,,,,,,,,,,,
790,15,127,2024-08-11,2024-08-21,2024-08-19,61,Delayed,Eum Product,Automotive,1710.79,7,Sastry and Sons,Haldia,5.45,4.34,127,Delhi Warehouse,588,2026-07-12,211.0,Supplier Delay,High,Rem cumque culpa.,2026-06-24,211.0,Increase Safety Stock,Rejected,2025-09-13,211.0,Pending,11.0,4422.97,Minor delay occurred
791,16,96,2024-12-07,2024-12-09,2024-12-07,368,In Transit,Laborum Product,Medical,3501.37,20,Handa-Manda,Vijayanagaram,8.66,4.77,96,Mumbai Warehouse,471,2026-06-19,,,,,,,,,,,,,,
792,9,48,2025-09-13,2025-09-21,2025-09-26,29,Delayed,Neque Product,Medical,518.28,5,"Loyal, Varma and Tripathi",Firozabad,9.75,4.64,48,Delhi Warehouse,626,2026-06-27,,,,,,,,,,,,,,
793,6,97,2025-04-02,2025-04-08,2025-04-10,487,Cancelled,Id Product,Electronics,4003.94,12,Bhavsar-Sampath,Bangalore,2.52,3.72,97,Bangalore Warehouse,353,2026-07-08,,,,,,,,,,,,,,
794,9,102,2025-01-17,2025-01-19,2025-01-18,136,Delivered,Molestias Product,Furniture,2262.92,3,"Loyal, Varma and Tripathi",Firozabad,9.75,4.64,102,Chennai Warehouse,835,2026-06-22,,,,,,,,,,,,,,
795,13,143,2024-07-29,2024-08-05,2024-08-10,241,Delivered,Exercitationem Product,Furniture,2333.4,6,"Borah, Gill and Varma",Dehri,6.15,3.78,143,Hyderabad Warehouse,191,2026-07-12,,,,,,,,,,,,,,
796,7,116,2025-07-16,2025-07-21,2025-07-20,413,In Transit,Architecto Product,Groceries,763.04,10,Wali PLC,Khandwa,2.76,4.43,116,Bangalore Warehouse,102,2026-07-04,,,,,,,,,,,,,,
797,17,75,2026-04-19,2026-04-21,2026-04-20,99,In Transit,Recusandae Product,Automotive,4884.77,14,"Sule, Jaggi and Char",Pallavaram,6.39,3.52,75,Chennai Warehouse,450,2026-07-07,,,,,,,,,,,,,,
798,15,125,2025-01-24,2025-02-02,2025-02-02,335,Delivered,Consectetur Product,Clothing,1221.23,13,Sastry and Sons,Haldia,5.45,4.34,125,Chennai Warehouse,72,2026-06-29,,,,,,,,,,,,,,
799,11,139,2024-11-16,2024-11-21,2024-11-24,450,Delivered,Vero Product,Furniture,4054.68,9,Banerjee Group,Alappuzha,8.52,4.3,139,Mumbai Warehouse,185,2026-07-15,,,,,,,,,,,,,,
800,18,2,2025-03-22,2025-03-31,2025-03-31,112,In Transit,Veniam Product,Furniture,880.89,5,Raju and Sons,Etawah,3.81,4.27,2,Delhi Warehouse,824,2026-06-22,,,,,,,,,,,,,,
801,19,82,2025-04-25,2025-05-01,2025-05-01,463,Delivered,Unde Product,Electronics,3347.22,1,"Nagar, Hari and Chada",Munger,9.42,4.61,82,Hyderabad Warehouse,481,2026-07-04,,,,,,,,,,,,,,
802,6,25,2026-02-16,2026-02-18,2026-02-17,111,Delayed,Vel Product,Automotive,3265.92,1,Bhavsar-Sampath,Bangalore,2.52,3.72,25,Bangalore Warehouse,437,2026-07-06,,,,,,,,,,,,,,
803,15,138,2026-06-27,2026-07-01,2026-07-05,172,Delivered,Commodi Product,Groceries,4831.21,4,Sastry and Sons,Haldia,5.45,4.34,138,Bangalore Warehouse,589,2026-06-20,,,,,,,,,,,,,,
804,3,52,2024-12-12,2024-12-15,2024-12-15,279,Delayed,Architecto Product,Medical,1642.77,20,"Balan, Virk and Mangal",Bangalore,3.73,4.49,52,Mumbai Warehouse,918,2026-06-30,,,,,,,,,,,,,,
805,3,92,2024-08-01,2024-08-11,2024-08-11,356,Delivered,Architecto Product,Furniture,4826.14,10,"Balan, Virk and Mangal",Bangalore,3.73,4.49,92,Mumbai Warehouse,215,2026-07-07,479.0,Port Congestion,Medium,Aut in eius corporis tempora recusandae possimus quibusdam.,2025-11-13,479.0,Change Transport Route,Rejected,2026-02-22,479.0,Partially Resolved,12.0,-864.45,Cost increased
806,10,36,2025-11-22,2025-11-30,2025-12-02,337,In Transit,Suscipit Product,Electronics,2750.46,10,"Mitter, Srinivasan and Dixit",Shimoga,1.81,3.9,36,Hyderabad Warehouse,271,2026-07-15,,,,,,,,,,,,,,
807,20,21,2025-09-20,2025-09-28,2025-10-01,203,In Transit,Animi Product,Automotive,3616.57,8,Chakraborty-Sengupta,Malda,5.0,3.56,21,Delhi Warehouse,666,2026-06-27,,,,,,,,,,,,,,
808,2,20,2024-09-16,2024-09-23,2024-09-21,250,Delivered,Laborum Product,Electronics,563.85,5,Gour Ltd,Bhilwara,8.05,3.83,20,Bangalore Warehouse,426,2026-07-15,,,,,,,,,,,,,,
809,6,14,2025-07-17,2025-07-22,2025-07-21,358,In Transit,Nulla Product,Electronics,1235.72,15,Bhavsar-Sampath,Bangalore,2.52,3.72,14,Hyderabad Warehouse,453,2026-07-12,,,,,,,,,,,,,,
810,8,14,2025-09-15,2025-09-18,2025-09-20,285,Delivered,Nulla Product,Electronics,1235.72,15,Hans-Bir,Siliguri,2.43,4.68,14,Hyderabad Warehouse,453,2026-07-12,,,,,,,,,,,,,,
811,10,44,2025-08-08,2025-08-14,2025-08-19,13,Delivered,Voluptatum Product,Groceries,3216.56,15,"Mitter, Srinivasan and Dixit",Shimoga,1.81,3.9,44,Chennai Warehouse,740,2026-07-04,,,,,,,,,,,,,,
812,10,40,2024-09-01,2024-09-03,2024-09-01,22,Delayed,Nemo Product,Groceries,2824.16,10,"Mitter, Srinivasan and Dixit",Shimoga,1.81,3.9,40,Hyderabad Warehouse,554,2026-06-27,414.0,Weather,Low,Omnis temporibus magni porro accusamus.,2025-09-08,414.0,Switch Supplier,Implemented,2025-07-17,414.0,Failed,3.0,9614.39,Minor delay occurred
813,4,100,2024-11-08,2024-11-15,2024-11-14,298,Delivered,Fugit Product,Clothing,465.64,12,Rajagopal-Jayaraman,Jalna,1.0,3.51,100,Bangalore Warehouse,276,2026-06-20,,,,,,,,,,,,,,
814,20,139,2025-05-28,2025-06-06,2025-06-04,114,Delivered,Vero Product,Furniture,4054.68,9,Chakraborty-Sengupta,Malda,5.0,3.56,139,Mumbai Warehouse,185,2026-07-15,,,,,,,,,,,,,,
815,10,77,2024-09-22,2024-10-02,2024-09-30,237,Cancelled,Dolorum Product,Clothing,4786.13,4,"Mitter, Srinivasan and Dixit",Shimoga,1.81,3.9,77,Hyderabad Warehouse,307,2026-07-05,,,,,,,,,,,,,,
816,19,37,2026-03-15,2026-03-18,2026-03-16,433,Delayed,Earum Product,Groceries,442.22,11,"Nagar, Hari and Chada",Munger,9.42,4.61,37,Mumbai Warehouse,198,2026-06-16,,,,,,,,,,,,,,
817,11,27,2026-02-28,2026-03-06,2026-03-08,472,Cancelled,Vero Product,Furniture,4788.07,19,Banerjee Group,Alappuzha,8.52,4.3,27,Delhi Warehouse,91,2026-07-05,,,,,,,,,,,,,,
818,9,15,2025-06-20,2025-06-28,2025-06-28,38,Delivered,Dolore Product,Automotive,1024.49,5,"Loyal, Varma and Tripathi",Firozabad,9.75,4.64,15,Chennai Warehouse,343,2026-07-02,,,,,,,,,,,,,,
819,17,99,2025-01-01,2025-01-04,2025-01-07,163,In Transit,Quia Product,Furniture,677.17,19,"Sule, Jaggi and Char",Pallavaram,6.39,3.52,99,Hyderabad Warehouse,72,2026-06-26,,,,,,,,,,,,,,
820,19,122,2026-06-17,2026-06-22,2026-06-21,226,Delivered,Expedita Product,Electronics,1957.13,8,"Nagar, Hari and Chada",Munger,9.42,4.61,122,Delhi Warehouse,394,2026-07-14,,,,,,,,,,,,,,
821,10,32,2024-12-08,2024-12-10,2024-12-10,494,Delivered,Quis Product,Groceries,4929.24,1,"Mitter, Srinivasan and Dixit",Shimoga,1.81,3.9,32,Mumbai Warehouse,715,2026-07-01,,,,,,,,,,,,,,
822,19,102,2025-04-20,2025-04-27,2025-05-01,447,In Transit,Molestias Product,Furniture,2262.92,3,"Nagar, Hari and Chada",Munger,9.42,4.61,102,Chennai Warehouse,835,2026-06-22,,,,,,,,,,,,,,
823,6,28,2025-11-14,2025-11-24,2025-11-26,143,Cancelled,Quidem Product,Groceries,4168.94,2,Bhavsar-Sampath,Bangalore,2.52,3.72,28,Hyderabad Warehouse,118,2026-06-24,473.0,Weather,High,Iure corporis reprehenderit nobis.,2025-12-01,473.0,Change Transport Route,Rejected,2026-02-17,473.0,Partially Resolved,8.0,8129.6,Supplier changed
824,6,103,2026-04-19,2026-04-25,2026-04-24,323,In Transit,Sunt Product,Furniture,3330.94,12,Bhavsar-Sampath,Bangalore,2.52,3.72,103,Chennai Warehouse,485,2026-07-13,,,,,,,,,,,,,,
825,7,4,2024-07-30,2024-08-03,2024-08-05,236,Delivered,Dignissimos Product,Clothing,2106.24,6,Wali PLC,Khandwa,2.76,4.43,4,Bangalore Warehouse,473,2026-06-30,159.0,Weather,Low,Nisi aliquam harum sed qui dolore veniam ratione.,2025-09-12,159.0,Switch Supplier,Pending,2026-01-06,159.0,Failed,14.0,8247.6,Shipment rerouted
826,3,105,2024-07-24,2024-07-27,2024-07-26,53,In Transit,Tenetur Product,Clothing,1337.9,1,"Balan, Virk and Mangal",Bangalore,3.73,4.49,105,Hyderabad Warehouse,84,2026-07-03,,,,,,,,,,,,,,
827,1,31,2026-03-11,2026-03-19,2026-03-19,427,Delayed,Non Product,Groceries,4067.09,17,"Balasubramanian, Gara and Memon",Nadiad,5.69,4.88,31,Mumbai Warehouse,995,2026-06-28,,,,,,,,,,,,,,
828,16,21,2025-02-17,2025-02-21,2025-02-20,445,Delayed,Animi Product,Automotive,3616.57,8,Handa-Manda,Vijayanagaram,8.66,4.77,21,Delhi Warehouse,666,2026-06-27,,,,,,,,,,,,,,
829,1,34,2026-05-13,2026-05-18,2026-05-22,154,In Transit,Consequatur Product,Automotive,4834.5,8,"Balasubramanian, Gara and Memon",Nadiad,5.69,4.88,34,Delhi Warehouse,280,2026-06-18,,,,,,,,,,,,,,
830,20,9,2025-09-05,2025-09-15,2025-09-17,320,Cancelled,Alias Product,Groceries,1305.18,16,Chakraborty-Sengupta,Malda,5.0,3.56,9,Mumbai Warehouse,917,2026-07-04,,,,,,,,,,,,,,
831,5,84,2025-07-23,2025-07-30,2025-08-02,392,Delayed,Ab Product,Clothing,1108.56,18,Chander-Sibal,Kochi,6.81,4.37,84,Bangalore Warehouse,80,2026-06-28,,,,,,,,,,,,,,
832,4,46,2024-09-18,2024-09-21,2024-09-26,78,In Transit,Impedit Product,Electronics,1574.36,7,Rajagopal-Jayaraman,Jalna,1.0,3.51,46,Chennai Warehouse,372,2026-06-23,,,,,,,,,,,,,,
833,11,66,2025-07-02,2025-07-11,2025-07-12,117,Delayed,Quas Product,Groceries,4225.31,19,Banerjee Group,Alappuzha,8.52,4.3,66,Bangalore Warehouse,853,2026-06-19,589.0,Transport Strike,High,Vel aperiam rerum nisi.,2026-02-20,589.0,Expedite Shipment,Implemented,2025-12-13,589.0,Failed,13.0,3109.76,Issue resolved successfully
834,9,107,2025-05-31,2025-06-10,2025-06-13,176,Cancelled,Repudiandae Product,Automotive,609.59,11,"Loyal, Varma and Tripathi",Firozabad,9.75,4.64,107,Delhi Warehouse,711,2026-07-01,,,,,,,,,,,,,,
835,12,7,2025-06-16,2025-06-23,2025-06-28,131,Delayed,Expedita Product,Furniture,1401.54,17,Thakur and Sons,Kanpur,5.83,3.5,7,Delhi Warehouse,512,2026-06-28,185.0,Machine Failure,High,Veritatis enim quaerat a amet.,2026-07-01,185.0,Switch Supplier,Pending,2025-07-16,185.0,Pending,4.0,910.92,Shipment rerouted
836,20,119,2025-06-24,2025-07-02,2025-07-03,96,Delivered,Maxime Product,Furniture,4794.94,19,Chakraborty-Sengupta,Malda,5.0,3.56,119,Mumbai Warehouse,383,2026-07-01,,,,,,,,,,,,,,
837,14,67,2025-09-21,2025-09-25,2025-09-28,81,Delayed,Omnis Product,Clothing,1337.97,5,"Bahri, Dugar and Ratti",Kottayam,8.09,4.85,67,Hyderabad Warehouse,994,2026-06-29,,,,,,,,,,,,,,
838,19,21,2024-09-26,2024-09-28,2024-10-02,338,Delayed,Animi Product,Automotive,3616.57,8,"Nagar, Hari and Chada",Munger,9.42,4.61,21,Delhi Warehouse,666,2026-06-27,,,,,,,,,,,,,,
839,10,140,2025-04-01,2025-04-10,2025-04-14,301,Delayed,Recusandae Product,Groceries,2705.55,15,"Mitter, Srinivasan and Dixit",Shimoga,1.81,3.9,140,Hyderabad Warehouse,927,2026-06-18,236.0,Weather,High,Vero delectus cupiditate.,2026-01-04,236.0,Expedite Shipment,Implemented,2026-04-05,236.0,Pending,13.0,3464.01,Cost increased
840,6,127,2025-07-11,2025-07-20,2025-07-23,470,Cancelled,Eum Product,Automotive,1710.79,7,Bhavsar-Sampath,Bangalore,2.52,3.72,127,Delhi Warehouse,588,2026-07-12,,,,,,,,,,,,,,
841,11,18,2026-01-10,2026-01-18,2026-01-20,169,Delayed,Commodi Product,Electronics,2870.64,11,Banerjee Group,Alappuzha,8.52,4.3,18,Mumbai Warehouse,611,2026-06-21,,,,,,,,,,,,,,
842,19,13,2026-01-18,2026-01-27,2026-02-01,47,Cancelled,Reiciendis Product,Automotive,3971.98,6,"Nagar, Hari and Chada",Munger,9.42,4.61,13,Mumbai Warehouse,352,2026-07-10,,,,,,,,,,,,,,
843,12,19,2025-10-01,2025-10-09,2025-10-13,228,Delivered,Officia Product,Electronics,667.17,9,Thakur and Sons,Kanpur,5.83,3.5,19,Bangalore Warehouse,273,2026-06-24,,,,,,,,,,,,,,
844,16,87,2026-03-14,2026-03-20,2026-03-24,242,In Transit,Vitae Product,Clothing,4295.55,19,Handa-Manda,Vijayanagaram,8.66,4.77,87,Delhi Warehouse,423,2026-06-26,,,,,,,,,,,,,,
845,6,126,2025-08-08,2025-08-13,2025-08-15,146,Delivered,Nemo Product,Groceries,3018.63,8,Bhavsar-Sampath,Bangalore,2.52,3.72,126,Chennai Warehouse,306,2026-07-05,139.0,Machine Failure,Medium,Culpa aut accusamus excepturi optio.,2025-09-05,139.0,Expedite Shipment,Rejected,2025-08-09,139.0,Pending,15.0,9461.22,Cost increased
846,11,133,2024-07-26,2024-07-28,2024-07-29,369,In Transit,Doloremque Product,Groceries,552.4,17,Banerjee Group,Alappuzha,8.52,4.3,133,Hyderabad Warehouse,760,2026-06-27,,,,,,,,,,,,,,
847,4,141,2026-06-28,2026-07-01,2026-07-01,114,Delayed,Provident Product,Automotive,4798.63,6,Rajagopal-Jayaraman,Jalna,1.0,3.51,141,Delhi Warehouse,291,2026-07-10,,,,,,,,,,,,,,
848,3,123,2025-12-30,2026-01-04,2026-01-03,164,In Transit,Amet Product,Electronics,2966.03,9,"Balan, Virk and Mangal",Bangalore,3.73,4.49,123,Chennai Warehouse,249,2026-06-23,,,,,,,,,,,,,,
849,3,51,2026-05-27,2026-05-31,2026-06-01,468,Delivered,Corrupti Product,Medical,1864.29,15,"Balan, Virk and Mangal",Bangalore,3.73,4.49,51,Chennai Warehouse,926,2026-07-02,,,,,,,,,,,,,,
850,7,19,2025-07-27,2025-08-01,2025-08-02,10,In Transit,Officia Product,Electronics,667.17,9,Wali PLC,Khandwa,2.76,4.43,19,Bangalore Warehouse,273,2026-06-24,,,,,,,,,,,,,,
851,2,103,2026-02-05,2026-02-10,2026-02-11,424,Delayed,Sunt Product,Furniture,3330.94,12,Gour Ltd,Bhilwara,8.05,3.83,103,Chennai Warehouse,485,2026-07-13,,,,,,,,,,,,,,
852,19,36,2024-08-12,2024-08-19,2024-08-23,148,In Transit,Suscipit Product,Electronics,2750.46,10,"Nagar, Hari and Chada",Munger,9.42,4.61,36,Hyderabad Warehouse,271,2026-07-15,,,,,,,,,,,,,,
853,8,54,2024-12-06,2024-12-16,2024-12-17,308,Delayed,Voluptatem Product,Groceries,3641.55,2,Hans-Bir,Siliguri,2.43,4.68,54,Chennai Warehouse,842,2026-06-17,,,,,,,,,,,,,,
854,12,76,2024-11-30,2024-12-04,2024-12-05,415,In Transit,Sunt Product,Electronics,2690.2,2,Thakur and Sons,Kanpur,5.83,3.5,76,Delhi Warehouse,630,2026-06-16,,,,,,,,,,,,,,
855,5,107,2026-05-18,2026-05-20,2026-05-18,74,Delivered,Repudiandae Product,Automotive,609.59,11,Chander-Sibal,Kochi,6.81,4.37,107,Delhi Warehouse,711,2026-07-01,,,,,,,,,,,,,,
856,11,135,2024-08-14,2024-08-24,2024-08-27,395,Cancelled,Nisi Product,Medical,1322.29,1,Banerjee Group,Alappuzha,8.52,4.3,135,Delhi Warehouse,660,2026-06-19,,,,,,,,,,,,,,
857,17,97,2024-07-22,2024-07-27,2024-07-30,496,Delivered,Id Product,Electronics,4003.94,12,"Sule, Jaggi and Char",Pallavaram,6.39,3.52,97,Bangalore Warehouse,353,2026-07-08,,,,,,,,,,,,,,
858,17,114,2025-03-16,2025-03-24,2025-03-27,255,Delayed,Dicta Product,Clothing,1943.15,20,"Sule, Jaggi and Char",Pallavaram,6.39,3.52,114,Hyderabad Warehouse,822,2026-07-08,,,,,,,,,,,,,,
859,18,97,2024-10-11,2024-10-15,2024-10-17,351,Cancelled,Id Product,Electronics,4003.94,12,Raju and Sons,Etawah,3.81,4.27,97,Bangalore Warehouse,353,2026-07-08,554.0,Supplier Delay,Low,Impedit consectetur veniam assumenda.,2026-02-03,554.0,Expedite Shipment,Implemented,2025-09-04,554.0,Resolved,15.0,5279.8,Supplier changed
860,10,3,2025-07-05,2025-07-10,2025-07-12,60,In Transit,Iure Product,Medical,1939.35,19,"Mitter, Srinivasan and Dixit",Shimoga,1.81,3.9,3,Mumbai Warehouse,584,2026-07-06,,,,,,,,,,,,,,
861,16,84,2025-02-12,2025-02-19,2025-02-24,489,Delivered,Ab Product,Clothing,1108.56,18,Handa-Manda,Vijayanagaram,8.66,4.77,84,Bangalore Warehouse,80,2026-06-28,199.0,Transport Strike,Medium,Omnis libero neque soluta necessitatibus.,2026-06-02,199.0,Increase Safety Stock,Rejected,2026-01-07,199.0,Resolved,6.0,7097.97,Cost increased
862,7,26,2025-08-08,2025-08-11,2025-08-09,86,Cancelled,Ducimus Product,Medical,488.37,16,Wali PLC,Khandwa,2.76,4.43,26,Mumbai Warehouse,280,2026-07-04,,,,,,,,,,,,,,
863,7,1,2025-07-07,2025-07-16,2025-07-14,472,Cancelled,Sint Product,Clothing,2204.33,20,Wali PLC,Khandwa,2.76,4.43,1,Mumbai Warehouse,324,2026-07-01,,,,,,,,,,,,,,
864,2,41,2025-02-17,2025-02-24,2025-02-26,458,In Transit,Architecto Product,Furniture,1703.5,1,Gour Ltd,Bhilwara,8.05,3.83,41,Hyderabad Warehouse,681,2026-06-26,,,,,,,,,,,,,,
865,11,38,2024-08-20,2024-08-29,2024-08-27,416,In Transit,Laborum Product,Groceries,3934.86,13,Banerjee Group,Alappuzha,8.52,4.3,38,Mumbai Warehouse,317,2026-07-03,,,,,,,,,,,,,,
866,5,95,2024-08-12,2024-08-17,2024-08-17,30,In Transit,Temporibus Product,Automotive,2131.71,12,Chander-Sibal,Kochi,6.81,4.37,95,Hyderabad Warehouse,870,2026-07-10,,,,,,,,,,,,,,
867,2,52,2026-03-23,2026-03-28,2026-03-29,125,Delayed,Architecto Product,Medical,1642.77,20,Gour Ltd,Bhilwara,8.05,3.83,52,Mumbai Warehouse,918,2026-06-30,,,,,,,,,,,,,,
868,9,38,2026-01-10,2026-01-18,2026-01-21,458,Delayed,Laborum Product,Groceries,3934.86,13,"Loyal, Varma and Tripathi",Firozabad,9.75,4.64,38,Mumbai Warehouse,317,2026-07-03,584.0,Transport Strike,High,Possimus sapiente veniam autem atque.,2025-10-17,584.0,Switch Supplier,Approved,2025-11-23,584.0,Partially Resolved,12.0,-4636.57,Shipment rerouted
869,5,103,2025-12-29,2026-01-07,2026-01-10,379,Delivered,Sunt Product,Furniture,3330.94,12,Chander-Sibal,Kochi,6.81,4.37,103,Chennai Warehouse,485,2026-07-13,,,,,,,,,,,,,,
870,5,61,2025-11-26,2025-11-30,2025-12-05,170,Cancelled,Eveniet Product,Furniture,3258.29,8,Chander-Sibal,Kochi,6.81,4.37,61,Mumbai Warehouse,725,2026-06-20,,,,,,,,,,,,,,
871,16,33,2026-05-28,2026-06-07,2026-06-05,51,Delayed,Facere Product,Medical,1997.29,4,Handa-Manda,Vijayanagaram,8.66,4.77,33,Delhi Warehouse,549,2026-07-12,,,,,,,,,,,,,,
872,18,35,2025-01-02,2025-01-07,2025-01-12,258,In Transit,Dolores Product,Electronics,4034.14,20,Raju and Sons,Etawah,3.81,4.27,35,Chennai Warehouse,804,2026-07-11,142.0,Transport Strike,High,Ea reprehenderit reiciendis a.,2026-01-09,142.0,Expedite Shipment,Implemented,2025-12-27,142.0,Failed,6.0,8117.61,Shipment rerouted
873,3,19,2025-10-22,2025-10-30,2025-10-31,217,Delivered,Officia Product,Electronics,667.17,9,"Balan, Virk and Mangal",Bangalore,3.73,4.49,19,Bangalore Warehouse,273,2026-06-24,,,,,,,,,,,,,,
874,11,5,2025-12-23,2025-12-31,2026-01-04,214,Delivered,Occaecati Product,Medical,1257.97,15,Banerjee Group,Alappuzha,8.52,4.3,5,Hyderabad Warehouse,892,2026-07-08,,,,,,,,,,,,,,
875,11,19,2025-10-19,2025-10-29,2025-11-03,118,In Transit,Officia Product,Electronics,667.17,9,Banerjee Group,Alappuzha,8.52,4.3,19,Bangalore Warehouse,273,2026-06-24,,,,,,,,,,,,,,
876,14,54,2025-02-23,2025-02-27,2025-03-03,244,Cancelled,Voluptatem Product,Groceries,3641.55,2,"Bahri, Dugar and Ratti",Kottayam,8.09,4.85,54,Chennai Warehouse,842,2026-06-17,214.0,Port Congestion,High,Explicabo quo hic veniam impedit aliquam fugiat quasi.,2026-04-21,214.0,Switch Supplier,Rejected,2025-12-13,214.0,Pending,11.0,-2359.57,Cost increased
877,9,54,2025-11-03,2025-11-12,2025-11-14,165,Cancelled,Voluptatem Product,Groceries,3641.55,2,"Loyal, Varma and Tripathi",Firozabad,9.75,4.64,54,Chennai Warehouse,842,2026-06-17,,,,,,,,,,,,,,
878,19,103,2026-05-25,2026-06-04,2026-06-07,388,Delayed,Sunt Product,Furniture,3330.94,12,"Nagar, Hari and Chada",Munger,9.42,4.61,103,Chennai Warehouse,485,2026-07-13,61.0,Weather,Medium,Vel voluptas ratione consequuntur enim.,2025-09-21,61.0,Expedite Shipment,Approved,2026-02-12,61.0,Pending,1.0,9905.13,Cost increased
879,2,72,2025-09-30,2025-10-06,2025-10-11,62,Delayed,Fuga Product,Groceries,160.42,9,Gour Ltd,Bhilwara,8.05,3.83,72,Chennai Warehouse,359,2026-07-11,,,,,,,,,,,,,,
880,19,46,2024-11-01,2024-11-10,2024-11-10,352,Delayed,Impedit Product,Electronics,1574.36,7,"Nagar, Hari and Chada",Munger,9.42,4.61,46,Chennai Warehouse,372,2026-06-23,,,,,,,,,,,,,,
881,2,133,2025-11-27,2025-11-29,2025-11-27,194,In Transit,Doloremque Product,Groceries,552.4,17,Gour Ltd,Bhilwara,8.05,3.83,133,Hyderabad Warehouse,760,2026-06-27,,,,,,,,,,,,,,
882,4,142,2026-04-12,2026-04-19,2026-04-20,96,Delayed,Dolorum Product,Groceries,1310.64,7,Rajagopal-Jayaraman,Jalna,1.0,3.51,142,Mumbai Warehouse,982,2026-07-09,,,,,,,,,,,,,,
883,17,8,2025-02-10,2025-02-17,2025-02-19,224,Delivered,Voluptatem Product,Furniture,3535.61,12,"Sule, Jaggi and Char",Pallavaram,6.39,3.52,8,Chennai Warehouse,686,2026-07-07,,,,,,,,,,,,,,
884,3,30,2025-01-28,2025-02-05,2025-02-07,121,In Transit,Voluptatem Product,Medical,3709.02,5,"Balan, Virk and Mangal",Bangalore,3.73,4.49,30,Chennai Warehouse,472,2026-06-30,,,,,,,,,,,,,,
885,16,63,2026-02-03,2026-02-06,2026-02-07,400,Delivered,Minus Product,Electronics,1218.88,8,Handa-Manda,Vijayanagaram,8.66,4.77,63,Hyderabad Warehouse,518,2026-06-17,,,,,,,,,,,,,,
886,8,81,2026-02-13,2026-02-23,2026-02-25,239,Delivered,Voluptatibus Product,Automotive,1958.75,1,Hans-Bir,Siliguri,2.43,4.68,81,Chennai Warehouse,875,2026-06-17,229.0,Transport Strike,Medium,Nihil consequuntur non quod asperiores nostrum similique at.,2026-01-28,229.0,Change Transport Route,Rejected,2025-08-16,229.0,Resolved,7.0,10107.94,Issue resolved successfully
887,10,130,2025-08-07,2025-08-12,2025-08-16,234,Cancelled,Rerum Product,Clothing,379.31,9,"Mitter, Srinivasan and Dixit",Shimoga,1.81,3.9,130,Bangalore Warehouse,702,2026-06-28,,,,,,,,,,,,,,
888,10,63,2025-09-01,2025-09-09,2025-09-14,362,In Transit,Minus Product,Electronics,1218.88,8,"Mitter, Srinivasan and Dixit",Shimoga,1.81,3.9,63,Hyderabad Warehouse,518,2026-06-17,380.0,Machine Failure,Medium,Libero ipsa dignissimos delectus fugit eaque dolore quod.,2025-10-31,380.0,Increase Safety Stock,Pending,2026-01-26,380.0,Pending,9.0,-4646.39,Issue resolved successfully
889,6,38,2026-05-17,2026-05-23,2026-05-27,376,Delivered,Laborum Product,Groceries,3934.86,13,Bhavsar-Sampath,Bangalore,2.52,3.72,38,Mumbai Warehouse,317,2026-07-03,29.0,Transport Strike,Low,Suscipit quo nihil facilis.,2026-05-20,29.0,Increase Safety Stock,Implemented,2026-02-27,29.0,Partially Resolved,13.0,-1588.92,Cost increased
890,3,115,2024-11-20,2024-11-23,2024-11-26,418,Delayed,Accusamus Product,Clothing,1194.04,7,"Balan, Virk and Mangal",Bangalore,3.73,4.49,115,Chennai Warehouse,832,2026-06-27,,,,,,,,,,,,,,
891,19,76,2025-03-25,2025-03-29,2025-04-03,216,Cancelled,Sunt Product,Electronics,2690.2,2,"Nagar, Hari and Chada",Munger,9.42,4.61,76,Delhi Warehouse,630,2026-06-16,,,,,,,,,,,,,,
892,16,11,2025-08-08,2025-08-14,2025-08-17,447,Cancelled,Ducimus Product,Clothing,2306.22,11,Handa-Manda,Vijayanagaram,8.66,4.77,11,Delhi Warehouse,137,2026-06-19,,,,,,,,,,,,,,
893,18,90,2025-05-16,2025-05-21,2025-05-19,27,In Transit,Quo Product,Electronics,4661.14,19,Raju and Sons,Etawah,3.81,4.27,90,Delhi Warehouse,466,2026-06-28,,,,,,,,,,,,,,
894,11,136,2025-06-14,2025-06-19,2025-06-18,429,Delayed,Facilis Product,Groceries,4154.63,13,Banerjee Group,Alappuzha,8.52,4.3,136,Bangalore Warehouse,943,2026-07-08,,,,,,,,,,,,,,
895,16,19,2026-06-17,2026-06-25,2026-06-26,252,In Transit,Officia Product,Electronics,667.17,9,Handa-Manda,Vijayanagaram,8.66,4.77,19,Bangalore Warehouse,273,2026-06-24,,,,,,,,,,,,,,
896,14,119,2026-02-04,2026-02-12,2026-02-13,341,Cancelled,Maxime Product,Furniture,4794.94,19,"Bahri, Dugar and Ratti",Kottayam,8.09,4.85,119,Mumbai Warehouse,383,2026-07-01,,,,,,,,,,,,,,
897,5,4,2025-09-11,2025-09-19,2025-09-24,327,Delivered,Dignissimos Product,Clothing,2106.24,6,Chander-Sibal,Kochi,6.81,4.37,4,Bangalore Warehouse,473,2026-06-30,,,,,,,,,,,,,,
898,13,131,2025-05-28,2025-05-31,2025-06-05,486,Cancelled,Nesciunt Product,Furniture,3585.42,1,"Borah, Gill and Varma",Dehri,6.15,3.78,131,Hyderabad Warehouse,157,2026-06-24,,,,,,,,,,,,,,
899,8,7,2025-01-28,2025-02-03,2025-02-03,397,Delivered,Expedita Product,Furniture,1401.54,17,Hans-Bir,Siliguri,2.43,4.68,7,Delhi Warehouse,512,2026-06-28,,,,,,,,,,,,,,
900,2,106,2025-12-03,2025-12-10,2025-12-10,189,In Transit,Officiis Product,Clothing,3586.71,17,Gour Ltd,Bhilwara,8.05,3.83,106,Delhi Warehouse,595,2026-06-23,,,,,,,,,,,,,,
901,2,64,2026-03-12,2026-03-19,2026-03-22,41,Cancelled,Officia Product,Automotive,1852.17,1,Gour Ltd,Bhilwara,8.05,3.83,64,Hyderabad Warehouse,751,2026-06-19,,,,,,,,,,,,,,
902,8,129,2026-05-09,2026-05-11,2026-05-09,168,Delivered,Repellat Product,Clothing,772.83,16,Hans-Bir,Siliguri,2.43,4.68,129,Bangalore Warehouse,81,2026-07-01,,,,,,,,,,,,,,
903,16,106,2026-02-21,2026-02-26,2026-03-02,462,Cancelled,Officiis Product,Clothing,3586.71,17,Handa-Manda,Vijayanagaram,8.66,4.77,106,Delhi Warehouse,595,2026-06-23,315.0,Traffic,Low,Ducimus non soluta illum nam.,2026-06-13,315.0,Switch Supplier,Rejected,2025-10-11,315.0,Partially Resolved,7.0,11490.16,Issue resolved successfully
904,6,130,2025-01-08,2025-01-12,2025-01-15,280,Delayed,Rerum Product,Clothing,379.31,9,Bhavsar-Sampath,Bangalore,2.52,3.72,130,Bangalore Warehouse,702,2026-06-28,288.0,Port Congestion,High,Unde a veritatis facere beatae odit tenetur sint.,2025-09-21,288.0,Change Transport Route,Pending,2026-03-02,288.0,Pending,4.0,9015.82,Cost increased
905,8,124,2025-03-15,2025-03-20,2025-03-24,228,Delayed,Excepturi Product,Furniture,756.02,2,Hans-Bir,Siliguri,2.43,4.68,124,Chennai Warehouse,123,2026-07-09,,,,,,,,,,,,,,
906,7,70,2025-02-15,2025-02-17,2025-02-18,65,Delivered,Excepturi Product,Automotive,4641.9,16,Wali PLC,Khandwa,2.76,4.43,70,Bangalore Warehouse,802,2026-06-20,,,,,,,,,,,,,,
907,5,129,2024-09-18,2024-09-21,2024-09-24,153,Delivered,Repellat Product,Clothing,772.83,16,Chander-Sibal,Kochi,6.81,4.37,129,Bangalore Warehouse,81,2026-07-01,,,,,,,,,,,,,,
908,16,21,2026-01-28,2026-02-05,2026-02-05,108,Delivered,Animi Product,Automotive,3616.57,8,Handa-Manda,Vijayanagaram,8.66,4.77,21,Delhi Warehouse,666,2026-06-27,,,,,,,,,,,,,,
909,1,131,2025-02-16,2025-02-22,2025-02-23,346,Cancelled,Nesciunt Product,Furniture,3585.42,1,"Balasubramanian, Gara and Memon",Nadiad,5.69,4.88,131,Hyderabad Warehouse,157,2026-06-24,,,,,,,,,,,,,,
910,2,100,2024-11-25,2024-11-27,2024-11-25,483,Delivered,Fugit Product,Clothing,465.64,12,Gour Ltd,Bhilwara,8.05,3.83,100,Bangalore Warehouse,276,2026-06-20,528.0,Machine Failure,Medium,Animi corrupti ex sed inventore.,2026-06-13,528.0,Change Transport Route,Pending,2025-11-14,528.0,Failed,7.0,4396.04,Cost increased
911,7,118,2026-06-26,2026-07-02,2026-07-03,459,Delayed,Harum Product,Automotive,2602.93,16,Wali PLC,Khandwa,2.76,4.43,118,Bangalore Warehouse,482,2026-06-18,,,,,,,,,,,,,,
912,1,94,2024-08-14,2024-08-16,2024-08-18,80,Cancelled,Culpa Product,Clothing,4115.37,20,"Balasubramanian, Gara and Memon",Nadiad,5.69,4.88,94,Delhi Warehouse,329,2026-07-15,,,,,,,,,,,,,,
913,16,15,2024-08-15,2024-08-18,2024-08-17,63,Cancelled,Dolore Product,Automotive,1024.49,5,Handa-Manda,Vijayanagaram,8.66,4.77,15,Chennai Warehouse,343,2026-07-02,,,,,,,,,,,,,,
914,13,66,2025-11-02,2025-11-07,2025-11-08,244,Cancelled,Quas Product,Groceries,4225.31,19,"Borah, Gill and Varma",Dehri,6.15,3.78,66,Bangalore Warehouse,853,2026-06-19,,,,,,,,,,,,,,
915,14,39,2025-07-18,2025-07-25,2025-07-30,456,Cancelled,Amet Product,Automotive,1228.36,6,"Bahri, Dugar and Ratti",Kottayam,8.09,4.85,39,Chennai Warehouse,720,2026-07-10,,,,,,,,,,,,,,
916,6,68,2025-01-17,2025-01-24,2025-01-29,136,Cancelled,Delectus Product,Clothing,4916.43,20,Bhavsar-Sampath,Bangalore,2.52,3.72,68,Chennai Warehouse,660,2026-06-18,,,,,,,,,,,,,,
917,2,94,2025-10-02,2025-10-06,2025-10-08,310,Cancelled,Culpa Product,Clothing,4115.37,20,Gour Ltd,Bhilwara,8.05,3.83,94,Delhi Warehouse,329,2026-07-15,,,,,,,,,,,,,,
918,10,70,2025-10-27,2025-11-06,2025-11-06,72,In Transit,Excepturi Product,Automotive,4641.9,16,"Mitter, Srinivasan and Dixit",Shimoga,1.81,3.9,70,Bangalore Warehouse,802,2026-06-20,,,,,,,,,,,,,,
919,5,14,2024-11-27,2024-12-01,2024-12-04,24,Cancelled,Nulla Product,Electronics,1235.72,15,Chander-Sibal,Kochi,6.81,4.37,14,Hyderabad Warehouse,453,2026-07-12,,,,,,,,,,,,,,
920,8,150,2025-11-29,2025-12-09,2025-12-13,347,In Transit,Harum Product,Furniture,1928.91,14,Hans-Bir,Siliguri,2.43,4.68,150,Bangalore Warehouse,533,2026-07-09,,,,,,,,,,,,,,
921,10,2,2026-05-23,2026-05-27,2026-05-30,31,Delivered,Veniam Product,Furniture,880.89,5,"Mitter, Srinivasan and Dixit",Shimoga,1.81,3.9,2,Delhi Warehouse,824,2026-06-22,,,,,,,,,,,,,,
922,15,96,2025-01-08,2025-01-14,2025-01-18,440,In Transit,Laborum Product,Medical,3501.37,20,Sastry and Sons,Haldia,5.45,4.34,96,Mumbai Warehouse,471,2026-06-19,,,,,,,,,,,,,,
923,13,53,2026-05-21,2026-05-29,2026-06-02,500,Cancelled,Ea Product,Clothing,3005.08,10,"Borah, Gill and Varma",Dehri,6.15,3.78,53,Delhi Warehouse,480,2026-06-28,360.0,Machine Failure,High,Praesentium possimus neque eius.,2025-08-01,360.0,Increase Safety Stock,Implemented,2025-09-30,360.0,Partially Resolved,11.0,11090.29,Cost increased
924,13,46,2024-08-08,2024-08-10,2024-08-09,479,Cancelled,Impedit Product,Electronics,1574.36,7,"Borah, Gill and Varma",Dehri,6.15,3.78,46,Chennai Warehouse,372,2026-06-23,,,,,,,,,,,,,,
925,4,121,2025-11-16,2025-11-25,2025-11-30,296,Delayed,Veniam Product,Furniture,3093.62,19,Rajagopal-Jayaraman,Jalna,1.0,3.51,121,Bangalore Warehouse,683,2026-06-20,,,,,,,,,,,,,,
926,15,118,2026-05-01,2026-05-04,2026-05-06,178,In Transit,Harum Product,Automotive,2602.93,16,Sastry and Sons,Haldia,5.45,4.34,118,Bangalore Warehouse,482,2026-06-18,,,,,,,,,,,,,,
927,18,122,2024-12-18,2024-12-21,2024-12-21,359,Cancelled,Expedita Product,Electronics,1957.13,8,Raju and Sons,Etawah,3.81,4.27,122,Delhi Warehouse,394,2026-07-14,,,,,,,,,,,,,,
928,12,72,2024-11-27,2024-12-03,2024-12-02,260,Delayed,Fuga Product,Groceries,160.42,9,Thakur and Sons,Kanpur,5.83,3.5,72,Chennai Warehouse,359,2026-07-11,,,,,,,,,,,,,,
929,7,38,2025-11-16,2025-11-18,2025-11-17,337,In Transit,Laborum Product,Groceries,3934.86,13,Wali PLC,Khandwa,2.76,4.43,38,Mumbai Warehouse,317,2026-07-03,,,,,,,,,,,,,,
930,15,74,2025-07-11,2025-07-19,2025-07-22,129,Delivered,Cum Product,Clothing,3762.37,5,Sastry and Sons,Haldia,5.45,4.34,74,Hyderabad Warehouse,592,2026-06-21,,,,,,,,,,,,,,
931,17,145,2025-06-19,2025-06-24,2025-06-29,152,Cancelled,Provident Product,Groceries,3598.65,5,"Sule, Jaggi and Char",Pallavaram,6.39,3.52,145,Bangalore Warehouse,739,2026-06-24,,,,,,,,,,,,,,
932,15,37,2025-07-01,2025-07-03,2025-07-02,488,Cancelled,Earum Product,Groceries,442.22,11,Sastry and Sons,Haldia,5.45,4.34,37,Mumbai Warehouse,198,2026-06-16,,,,,,,,,,,,,,
933,11,24,2026-03-13,2026-03-22,2026-03-23,433,In Transit,Dolorem Product,Medical,3211.29,13,Banerjee Group,Alappuzha,8.52,4.3,24,Bangalore Warehouse,374,2026-06-27,555.0,Traffic,Medium,Quisquam et veritatis fugit enim in.,2026-04-14,555.0,Increase Safety Stock,Pending,2026-03-08,555.0,Resolved,0.0,1391.24,Minor delay occurred
934,6,17,2026-06-11,2026-06-13,2026-06-15,378,Cancelled,Veniam Product,Clothing,2682.42,6,Bhavsar-Sampath,Bangalore,2.52,3.72,17,Bangalore Warehouse,243,2026-07-06,,,,,,,,,,,,,,
935,5,122,2024-08-02,2024-08-12,2024-08-17,135,Cancelled,Expedita Product,Electronics,1957.13,8,Chander-Sibal,Kochi,6.81,4.37,122,Delhi Warehouse,394,2026-07-14,525.0,Machine Failure,Low,Autem ipsam dolorem velit.,2025-08-23,525.0,Increase Safety Stock,Rejected,2025-11-21,525.0,Pending,8.0,10550.46,Cost increased
936,1,119,2025-05-05,2025-05-14,2025-05-13,333,In Transit,Maxime Product,Furniture,4794.94,19,"Balasubramanian, Gara and Memon",Nadiad,5.69,4.88,119,Mumbai Warehouse,383,2026-07-01,,,,,,,,,,,,,,
937,18,96,2025-06-24,2025-06-29,2025-07-03,211,Cancelled,Laborum Product,Medical,3501.37,20,Raju and Sons,Etawah,3.81,4.27,96,Mumbai Warehouse,471,2026-06-19,99.0,Machine Failure,High,Tenetur eligendi sequi alias mollitia itaque id at.,2025-09-05,99.0,Increase Safety Stock,Approved,2026-01-05,99.0,Pending,7.0,3314.9,Issue resolved successfully
937,18,96,2025-06-24,2025-06-29,2025-07-03,211,Cancelled,Laborum Product,Medical,3501.37,20,Raju and Sons,Etawah,3.81,4.27,96,Mumbai Warehouse,471,2026-06-19,339.0,Weather,High,Vel dolorum voluptate vel molestiae quidem quod commodi.,2026-02-19,339.0,Change Transport Route,Pending,2025-08-14,339.0,Pending,1.0,-2464.35,Cost increased
938,11,18,2025-09-15,2025-09-21,2025-09-21,56,Cancelled,Commodi Product,Electronics,2870.64,11,Banerjee Group,Alappuzha,8.52,4.3,18,Mumbai Warehouse,611,2026-06-21,,,,,,,,,,,,,,
939,3,20,2024-12-13,2024-12-20,2024-12-19,404,Cancelled,Laborum Product,Electronics,563.85,5,"Balan, Virk and Mangal",Bangalore,3.73,4.49,20,Bangalore Warehouse,426,2026-07-15,,,,,,,,,,,,,,
940,12,25,2024-11-21,2024-12-01,2024-12-06,254,In Transit,Vel Product,Automotive,3265.92,1,Thakur and Sons,Kanpur,5.83,3.5,25,Bangalore Warehouse,437,2026-07-06,,,,,,,,,,,,,,
941,12,148,2026-03-31,2026-04-03,2026-04-06,396,Delayed,Saepe Product,Groceries,920.71,10,Thakur and Sons,Kanpur,5.83,3.5,148,Delhi Warehouse,944,2026-06-16,,,,,,,,,,,,,,
942,18,27,2025-08-18,2025-08-27,2025-08-27,267,Cancelled,Vero Product,Furniture,4788.07,19,Raju and Sons,Etawah,3.81,4.27,27,Delhi Warehouse,91,2026-07-05,,,,,,,,,,,,,,
943,12,106,2025-11-15,2025-11-24,2025-11-29,309,Cancelled,Officiis Product,Clothing,3586.71,17,Thakur and Sons,Kanpur,5.83,3.5,106,Delhi Warehouse,595,2026-06-23,398.0,Transport Strike,High,Dignissimos earum nisi libero voluptas accusantium.,2025-11-13,398.0,Switch Supplier,Pending,2026-04-05,398.0,Partially Resolved,13.0,-237.32,Issue resolved successfully
944,16,76,2026-01-18,2026-01-27,2026-01-26,479,Cancelled,Sunt Product,Electronics,2690.2,2,Handa-Manda,Vijayanagaram,8.66,4.77,76,Delhi Warehouse,630,2026-06-16,,,,,,,,,,,,,,
945,9,114,2026-06-29,2026-07-09,2026-07-11,244,Delivered,Dicta Product,Clothing,1943.15,20,"Loyal, Varma and Tripathi",Firozabad,9.75,4.64,114,Hyderabad Warehouse,822,2026-07-08,,,,,,,,,,,,,,
946,19,141,2026-06-21,2026-06-24,2026-06-24,260,Delivered,Provident Product,Automotive,4798.63,6,"Nagar, Hari and Chada",Munger,9.42,4.61,141,Delhi Warehouse,291,2026-07-10,,,,,,,,,,,,,,
947,1,89,2025-05-10,2025-05-19,2025-05-18,227,Cancelled,Fugiat Product,Electronics,4524.8,7,"Balasubramanian, Gara and Memon",Nadiad,5.69,4.88,89,Bangalore Warehouse,597,2026-06-18,,,,,,,,,,,,,,
948,4,45,2025-01-15,2025-01-17,2025-01-15,24,Delivered,Nobis Product,Medical,164.54,6,Rajagopal-Jayaraman,Jalna,1.0,3.51,45,Bangalore Warehouse,567,2026-07-04,,,,,,,,,,,,,,
949,20,14,2026-05-23,2026-05-26,2026-05-31,180,Delayed,Nulla Product,Electronics,1235.72,15,Chakraborty-Sengupta,Malda,5.0,3.56,14,Hyderabad Warehouse,453,2026-07-12,,,,,,,,,,,,,,
950,4,35,2025-08-01,2025-08-07,2025-08-08,486,In Transit,Dolores Product,Electronics,4034.14,20,Rajagopal-Jayaraman,Jalna,1.0,3.51,35,Chennai Warehouse,804,2026-07-11,,,,,,,,,,,,,,
951,17,112,2024-09-14,2024-09-19,2024-09-18,73,In Transit,Modi Product,Electronics,2985.26,19,"Sule, Jaggi and Char",Pallavaram,6.39,3.52,112,Bangalore Warehouse,212,2026-06-25,,,,,,,,,,,,,,
952,12,93,2024-12-07,2024-12-13,2024-12-14,315,In Transit,Nemo Product,Automotive,3838.07,10,Thakur and Sons,Kanpur,5.83,3.5,93,Mumbai Warehouse,413,2026-06-19,,,,,,,,,,,,,,
953,6,44,2025-08-08,2025-08-10,2025-08-10,263,In Transit,Voluptatum Product,Groceries,3216.56,15,Bhavsar-Sampath,Bangalore,2.52,3.72,44,Chennai Warehouse,740,2026-07-04,394.0,Weather,Low,Repellendus dolore cupiditate voluptas minima exercitationem.,2026-01-06,394.0,Expedite Shipment,Rejected,2025-07-29,394.0,Resolved,6.0,-656.74,Shipment rerouted
954,18,17,2025-11-28,2025-12-06,2025-12-10,360,Delayed,Veniam Product,Clothing,2682.42,6,Raju and Sons,Etawah,3.81,4.27,17,Bangalore Warehouse,243,2026-07-06,,,,,,,,,,,,,,
955,19,1,2025-09-02,2025-09-05,2025-09-05,384,In Transit,Sint Product,Clothing,2204.33,20,"Nagar, Hari and Chada",Munger,9.42,4.61,1,Mumbai Warehouse,324,2026-07-01,246.0,Weather,High,Nulla quisquam at corrupti numquam aspernatur.,2025-08-06,246.0,Increase Safety Stock,Pending,2026-01-03,246.0,Partially Resolved,3.0,-1768.71,Cost increased
956,14,26,2026-04-08,2026-04-17,2026-04-21,413,Delayed,Ducimus Product,Medical,488.37,16,"Bahri, Dugar and Ratti",Kottayam,8.09,4.85,26,Mumbai Warehouse,280,2026-07-04,,,,,,,,,,,,,,
957,11,94,2025-12-10,2025-12-13,2025-12-14,82,Cancelled,Culpa Product,Clothing,4115.37,20,Banerjee Group,Alappuzha,8.52,4.3,94,Delhi Warehouse,329,2026-07-15,,,,,,,,,,,,,,
958,19,71,2026-03-29,2026-04-04,2026-04-04,423,Delayed,Aperiam Product,Clothing,4446.27,15,"Nagar, Hari and Chada",Munger,9.42,4.61,71,Delhi Warehouse,179,2026-07-05,,,,,,,,,,,,,,
959,6,37,2024-09-18,2024-09-21,2024-09-19,369,In Transit,Earum Product,Groceries,442.22,11,Bhavsar-Sampath,Bangalore,2.52,3.72,37,Mumbai Warehouse,198,2026-06-16,,,,,,,,,,,,,,
960,16,149,2025-08-31,2025-09-05,2025-09-05,322,In Transit,Asperiores Product,Groceries,2199.52,9,Handa-Manda,Vijayanagaram,8.66,4.77,149,Chennai Warehouse,331,2026-07-13,,,,,,,,,,,,,,
961,6,150,2026-03-09,2026-03-11,2026-03-11,376,In Transit,Harum Product,Furniture,1928.91,14,Bhavsar-Sampath,Bangalore,2.52,3.72,150,Bangalore Warehouse,533,2026-07-09,,,,,,,,,,,,,,
962,20,143,2025-03-17,2025-03-23,2025-03-26,233,Delivered,Exercitationem Product,Furniture,2333.4,6,Chakraborty-Sengupta,Malda,5.0,3.56,143,Hyderabad Warehouse,191,2026-07-12,,,,,,,,,,,,,,
963,11,36,2025-06-28,2025-07-03,2025-07-02,28,In Transit,Suscipit Product,Electronics,2750.46,10,Banerjee Group,Alappuzha,8.52,4.3,36,Hyderabad Warehouse,271,2026-07-15,,,,,,,,,,,,,,
964,10,54,2025-03-28,2025-04-06,2025-04-11,148,Delayed,Voluptatem Product,Groceries,3641.55,2,"Mitter, Srinivasan and Dixit",Shimoga,1.81,3.9,54,Chennai Warehouse,842,2026-06-17,,,,,,,,,,,,,,
965,10,8,2025-01-10,2025-01-13,2025-01-17,475,Delayed,Voluptatem Product,Furniture,3535.61,12,"Mitter, Srinivasan and Dixit",Shimoga,1.81,3.9,8,Chennai Warehouse,686,2026-07-07,,,,,,,,,,,,,,
966,8,131,2025-08-04,2025-08-10,2025-08-08,137,Delivered,Nesciunt Product,Furniture,3585.42,1,Hans-Bir,Siliguri,2.43,4.68,131,Hyderabad Warehouse,157,2026-06-24,,,,,,,,,,,,,,
967,12,60,2026-05-14,2026-05-17,2026-05-20,369,In Transit,Ipsa Product,Furniture,2536.82,19,Thakur and Sons,Kanpur,5.83,3.5,60,Bangalore Warehouse,753,2026-07-14,433.0,Transport Strike,Low,Minima fuga earum assumenda vitae.,2025-10-03,433.0,Switch Supplier,Rejected,2025-12-19,433.0,Resolved,8.0,-1081.13,Issue resolved successfully
968,13,118,2025-10-29,2025-11-04,2025-11-07,290,Cancelled,Harum Product,Automotive,2602.93,16,"Borah, Gill and Varma",Dehri,6.15,3.78,118,Bangalore Warehouse,482,2026-06-18,,,,,,,,,,,,,,
969,18,143,2024-11-02,2024-11-08,2024-11-06,191,Delivered,Exercitationem Product,Furniture,2333.4,6,Raju and Sons,Etawah,3.81,4.27,143,Hyderabad Warehouse,191,2026-07-12,,,,,,,,,,,,,,
970,14,116,2025-01-19,2025-01-22,2025-01-25,177,Delivered,Architecto Product,Groceries,763.04,10,"Bahri, Dugar and Ratti",Kottayam,8.09,4.85,116,Bangalore Warehouse,102,2026-07-04,,,,,,,,,,,,,,
971,15,83,2024-12-20,2024-12-30,2024-12-31,190,In Transit,Deserunt Product,Automotive,990.39,6,Sastry and Sons,Haldia,5.45,4.34,83,Delhi Warehouse,294,2026-07-15,,,,,,,,,,,,,,
972,19,57,2026-07-10,2026-07-15,2026-07-17,279,Delivered,Distinctio Product,Automotive,863.84,19,"Nagar, Hari and Chada",Munger,9.42,4.61,57,Hyderabad Warehouse,848,2026-06-28,,,,,,,,,,,,,,
973,8,140,2024-09-22,2024-09-28,2024-09-30,441,Cancelled,Recusandae Product,Groceries,2705.55,15,Hans-Bir,Siliguri,2.43,4.68,140,Hyderabad Warehouse,927,2026-06-18,,,,,,,,,,,,,,
974,8,38,2024-07-16,2024-07-19,2024-07-20,199,Cancelled,Laborum Product,Groceries,3934.86,13,Hans-Bir,Siliguri,2.43,4.68,38,Mumbai Warehouse,317,2026-07-03,,,,,,,,,,,,,,
975,1,50,2024-09-03,2024-09-09,2024-09-10,454,Delivered,Quae Product,Automotive,939.97,7,"Balasubramanian, Gara and Memon",Nadiad,5.69,4.88,50,Chennai Warehouse,576,2026-07-06,230.0,Machine Failure,Low,Tempora earum accusantium eos dolore dolores sunt.,2026-03-24,230.0,Switch Supplier,Implemented,2025-10-20,230.0,Resolved,11.0,12186.74,Issue resolved successfully
976,9,70,2025-08-30,2025-09-01,2025-09-06,109,Delayed,Excepturi Product,Automotive,4641.9,16,"Loyal, Varma and Tripathi",Firozabad,9.75,4.64,70,Bangalore Warehouse,802,2026-06-20,553.0,Machine Failure,High,Dolores magnam commodi impedit dolore numquam aliquid.,2026-05-21,553.0,Increase Safety Stock,Approved,2026-07-08,553.0,Failed,13.0,1149.68,Cost increased
977,1,55,2026-05-28,2026-06-04,2026-06-09,213,Delayed,Odio Product,Furniture,4563.23,5,"Balasubramanian, Gara and Memon",Nadiad,5.69,4.88,55,Bangalore Warehouse,422,2026-07-01,,,,,,,,,,,,,,
978,8,51,2024-10-05,2024-10-11,2024-10-14,158,In Transit,Corrupti Product,Medical,1864.29,15,Hans-Bir,Siliguri,2.43,4.68,51,Chennai Warehouse,926,2026-07-02,1.0,Supplier Delay,Low,Sapiente laudantium tempore tenetur deleniti doloremque.,2026-04-19,1.0,Switch Supplier,Rejected,2025-11-21,1.0,Resolved,2.0,3476.99,Issue resolved successfully
979,14,108,2026-01-04,2026-01-08,2026-01-09,426,Delayed,Debitis Product,Automotive,3133.95,9,"Bahri, Dugar and Ratti",Kottayam,8.09,4.85,108,Hyderabad Warehouse,767,2026-07-07,138.0,Port Congestion,Low,Veritatis iure quia odit itaque hic similique iusto.,2026-05-13,138.0,Expedite Shipment,Implemented,2025-09-04,138.0,Resolved,5.0,-3614.23,Issue resolved successfully
980,2,55,2024-10-10,2024-10-15,2024-10-14,380,In Transit,Odio Product,Furniture,4563.23,5,Gour Ltd,Bhilwara,8.05,3.83,55,Bangalore Warehouse,422,2026-07-01,,,,,,,,,,,,,,
981,13,18,2025-01-18,2025-01-27,2025-02-01,198,Delayed,Commodi Product,Electronics,2870.64,11,"Borah, Gill and Varma",Dehri,6.15,3.78,18,Mumbai Warehouse,611,2026-06-21,,,,,,,,,,,,,,
982,20,81,2025-07-27,2025-08-04,2025-08-07,160,Delivered,Voluptatibus Product,Automotive,1958.75,1,Chakraborty-Sengupta,Malda,5.0,3.56,81,Chennai Warehouse,875,2026-06-17,,,,,,,,,,,,,,
983,6,101,2025-05-31,2025-06-08,2025-06-07,319,Delayed,Delectus Product,Automotive,1333.96,11,Bhavsar-Sampath,Bangalore,2.52,3.72,101,Bangalore Warehouse,654,2026-06-16,,,,,,,,,,,,,,
984,16,75,2025-02-02,2025-02-09,2025-02-07,482,Delivered,Recusandae Product,Automotive,4884.77,14,Handa-Manda,Vijayanagaram,8.66,4.77,75,Chennai Warehouse,450,2026-07-07,,,,,,,,,,,,,,
985,8,123,2025-11-19,2025-11-22,2025-11-25,132,Delayed,Amet Product,Electronics,2966.03,9,Hans-Bir,Siliguri,2.43,4.68,123,Chennai Warehouse,249,2026-06-23,178.0,Port Congestion,High,Earum blanditiis alias sed maxime.,2025-12-24,178.0,Expedite Shipment,Pending,2026-02-19,178.0,Resolved,13.0,2291.11,Cost increased
986,17,131,2025-05-19,2025-05-21,2025-05-25,476,Delivered,Nesciunt Product,Furniture,3585.42,1,"Sule, Jaggi and Char",Pallavaram,6.39,3.52,131,Hyderabad Warehouse,157,2026-06-24,594.0,Transport Strike,Low,Libero molestiae molestiae nostrum delectus dolor.,2026-03-24,594.0,Switch Supplier,Pending,2025-09-07,594.0,Partially Resolved,7.0,-1122.97,Cost increased
987,17,9,2024-09-08,2024-09-10,2024-09-14,325,Delayed,Alias Product,Groceries,1305.18,16,"Sule, Jaggi and Char",Pallavaram,6.39,3.52,9,Mumbai Warehouse,917,2026-07-04,,,,,,,,,,,,,,
988,15,16,2025-04-24,2025-04-27,2025-04-27,92,Cancelled,Vel Product,Medical,4239.68,2,Sastry and Sons,Haldia,5.45,4.34,16,Hyderabad Warehouse,928,2026-07-01,233.0,Supplier Delay,Medium,Ducimus nobis porro quo accusamus reiciendis sequi eum.,2025-12-19,233.0,Switch Supplier,Pending,2026-05-23,233.0,Failed,15.0,10275.39,Issue resolved successfully
989,11,80,2024-12-08,2024-12-17,2024-12-18,360,Delivered,Corporis Product,Medical,4255.47,15,Banerjee Group,Alappuzha,8.52,4.3,80,Mumbai Warehouse,656,2026-07-08,,,,,,,,,,,,,,
990,7,57,2025-08-22,2025-08-24,2025-08-22,441,In Transit,Distinctio Product,Automotive,863.84,19,Wali PLC,Khandwa,2.76,4.43,57,Hyderabad Warehouse,848,2026-06-28,168.0,Port Congestion,Low,Accusamus quis sint pariatur quo.,2026-04-12,168.0,Switch Supplier,Implemented,2025-11-24,168.0,Partially Resolved,5.0,-4267.14,Minor delay occurred
991,8,32,2025-03-26,2025-04-02,2025-04-07,18,Cancelled,Quis Product,Groceries,4929.24,1,Hans-Bir,Siliguri,2.43,4.68,32,Mumbai Warehouse,715,2026-07-01,,,,,,,,,,,,,,
992,5,92,2025-10-02,2025-10-08,2025-10-13,366,In Transit,Architecto Product,Furniture,4826.14,10,Chander-Sibal,Kochi,6.81,4.37,92,Mumbai Warehouse,215,2026-07-07,,,,,,,,,,,,,,
993,4,77,2025-12-21,2025-12-30,2026-01-03,257,Delayed,Dolorum Product,Clothing,4786.13,4,Rajagopal-Jayaraman,Jalna,1.0,3.51,77,Hyderabad Warehouse,307,2026-07-05,,,,,,,,,,,,,,
994,4,67,2025-11-28,2025-12-02,2025-12-06,75,Cancelled,Omnis Product,Clothing,1337.97,5,Rajagopal-Jayaraman,Jalna,1.0,3.51,67,Hyderabad Warehouse,994,2026-06-29,,,,,,,,,,,,,,
995,11,139,2025-09-16,2025-09-26,2025-09-27,305,Delivered,Vero Product,Furniture,4054.68,9,Banerjee Group,Alappuzha,8.52,4.3,139,Mumbai Warehouse,185,2026-07-15,,,,,,,,,,,,,,
996,12,147,2024-09-21,2024-09-23,2024-09-28,498,In Transit,Sed Product,Medical,185.14,8,Thakur and Sons,Kanpur,5.83,3.5,147,Chennai Warehouse,280,2026-06-17,518.0,Traffic,Low,Beatae ut nihil.,2026-02-09,518.0,Increase Safety Stock,Approved,2025-08-12,518.0,Pending,0.0,-3450.95,Shipment rerouted
997,13,97,2025-03-14,2025-03-19,2025-03-19,349,Delivered,Id Product,Electronics,4003.94,12,"Borah, Gill and Varma",Dehri,6.15,3.78,97,Bangalore Warehouse,353,2026-07-08,,,,,,,,,,,,,,
998,5,77,2026-04-23,2026-04-27,2026-04-25,399,In Transit,Dolorum Product,Clothing,4786.13,4,Chander-Sibal,Kochi,6.81,4.37,77,Hyderabad Warehouse,307,2026-07-05,,,,,,,,,,,,,,
999,2,141,2025-01-25,2025-01-27,2025-01-25,420,Cancelled,Provident Product,Automotive,4798.63,6,Gour Ltd,Bhilwara,8.05,3.83,141,Delhi Warehouse,291,2026-07-10,,,,,,,,,,,,,,
1000,9,126,2024-12-12,2024-12-20,2024-12-22,208,In Transit,Nemo Product,Groceries,3018.63,8,"Loyal, Varma and Tripathi",Firozabad,9.75,4.64,126,Chennai Warehouse,306,2026-07-05,,,,,,,,,,,,,,
1001,2,107,2025-08-15,2025-08-21,2025-08-25,293,Delayed,Repudiandae Product,Automotive,609.59,11,Gour Ltd,Bhilwara,8.05,3.83,107,Delhi Warehouse,711,2026-07-01,,,,,,,,,,,,,,
1002,8,121,2025-07-14,2025-07-19,2025-07-24,94,Delivered,Veniam Product,Furniture,3093.62,19,Hans-Bir,Siliguri,2.43,4.68,121,Bangalore Warehouse,683,2026-06-20,,,,,,,,,,,,,,
1003,7,17,2026-04-28,2026-05-03,2026-05-02,10,Cancelled,Veniam Product,Clothing,2682.42,6,Wali PLC,Khandwa,2.76,4.43,17,Bangalore Warehouse,243,2026-07-06,,,,,,,,,,,,,,
1004,16,137,2025-01-06,2025-01-16,2025-01-14,108,Delivered,Aliquid Product,Medical,3630.8,13,Handa-Manda,Vijayanagaram,8.66,4.77,137,Delhi Warehouse,82,2026-07-03,,,,,,,,,,,,,,
1005,5,123,2025-08-16,2025-08-21,2025-08-20,497,Delayed,Amet Product,Electronics,2966.03,9,Chander-Sibal,Kochi,6.81,4.37,123,Chennai Warehouse,249,2026-06-23,,,,,,,,,,,,,,
1006,12,128,2024-12-04,2024-12-10,2024-12-11,79,Delivered,Non Product,Clothing,4746.22,5,Thakur and Sons,Kanpur,5.83,3.5,128,Hyderabad Warehouse,464,2026-06-23,,,,,,,,,,,,,,
1007,16,23,2025-11-27,2025-11-29,2025-11-28,400,In Transit,Quibusdam Product,Furniture,2588.22,10,Handa-Manda,Vijayanagaram,8.66,4.77,23,Delhi Warehouse,912,2026-06-19,,,,,,,,,,,,,,
1008,15,92,2025-02-27,2025-03-08,2025-03-12,366,Cancelled,Architecto Product,Furniture,4826.14,10,Sastry and Sons,Haldia,5.45,4.34,92,Mumbai Warehouse,215,2026-07-07,,,,,,,,,,,,,,
1009,7,57,2025-03-26,2025-04-01,2025-03-31,225,Delayed,Distinctio Product,Automotive,863.84,19,Wali PLC,Khandwa,2.76,4.43,57,Hyderabad Warehouse,848,2026-06-28,216.0,Weather,Low,Perspiciatis asperiores esse suscipit voluptates culpa eligendi.,2025-11-20,216.0,Expedite Shipment,Pending,2026-02-02,216.0,Partially Resolved,9.0,14541.44,Issue resolved successfully
1010,20,116,2025-12-14,2025-12-22,2025-12-26,172,Delivered,Architecto Product,Groceries,763.04,10,Chakraborty-Sengupta,Malda,5.0,3.56,116,Bangalore Warehouse,102,2026-07-04,,,,,,,,,,,,,,
1011,9,8,2024-11-14,2024-11-21,2024-11-19,91,Delayed,Voluptatem Product,Furniture,3535.61,12,"Loyal, Varma and Tripathi",Firozabad,9.75,4.64,8,Chennai Warehouse,686,2026-07-07,,,,,,,,,,,,,,
1012,10,84,2026-06-13,2026-06-17,2026-06-19,399,Delivered,Ab Product,Clothing,1108.56,18,"Mitter, Srinivasan and Dixit",Shimoga,1.81,3.9,84,Bangalore Warehouse,80,2026-06-28,,,,,,,,,,,,,,
1013,18,27,2024-11-08,2024-11-18,2024-11-23,357,In Transit,Vero Product,Furniture,4788.07,19,Raju and Sons,Etawah,3.81,4.27,27,Delhi Warehouse,91,2026-07-05,,,,,,,,,,,,,,
1014,17,19,2026-01-07,2026-01-12,2026-01-12,380,Cancelled,Officia Product,Electronics,667.17,9,"Sule, Jaggi and Char",Pallavaram,6.39,3.52,19,Bangalore Warehouse,273,2026-06-24,,,,,,,,,,,,,,
1015,15,33,2025-04-22,2025-04-28,2025-04-29,278,Cancelled,Facere Product,Medical,1997.29,4,Sastry and Sons,Haldia,5.45,4.34,33,Delhi Warehouse,549,2026-07-12,,,,,,,,,,,,,,
1016,19,51,2025-02-11,2025-02-20,2025-02-20,479,Delayed,Corrupti Product,Medical,1864.29,15,"Nagar, Hari and Chada",Munger,9.42,4.61,51,Chennai Warehouse,926,2026-07-02,,,,,,,,,,,,,,
1017,18,120,2024-08-03,2024-08-07,2024-08-10,12,Cancelled,Magnam Product,Electronics,3329.48,19,Raju and Sons,Etawah,3.81,4.27,120,Bangalore Warehouse,996,2026-07-07,,,,,,,,,,,,,,
1018,18,37,2025-06-26,2025-06-28,2025-07-01,284,Cancelled,Earum Product,Groceries,442.22,11,Raju and Sons,Etawah,3.81,4.27,37,Mumbai Warehouse,198,2026-06-16,,,,,,,,,,,,,,
1019,14,125,2025-09-15,2025-09-18,2025-09-17,158,Delivered,Consectetur Product,Clothing,1221.23,13,"Bahri, Dugar and Ratti",Kottayam,8.09,4.85,125,Chennai Warehouse,72,2026-06-29,,,,,,,,,,,,,,
1020,14,57,2025-02-20,2025-02-25,2025-02-26,154,Delayed,Distinctio Product,Automotive,863.84,19,"Bahri, Dugar and Ratti",Kottayam,8.09,4.85,57,Hyderabad Warehouse,848,2026-06-28,,,,,,,,,,,,,,
1021,19,116,2026-07-05,2026-07-10,2026-07-14,44,Delivered,Architecto Product,Groceries,763.04,10,"Nagar, Hari and Chada",Munger,9.42,4.61,116,Bangalore Warehouse,102,2026-07-04,,,,,,,,,,,,,,
1022,3,123,2025-08-05,2025-08-11,2025-08-14,230,In Transit,Amet Product,Electronics,2966.03,9,"Balan, Virk and Mangal",Bangalore,3.73,4.49,123,Chennai Warehouse,249,2026-06-23,,,,,,,,,,,,,,
1023,3,147,2026-01-08,2026-01-11,2026-01-11,283,Cancelled,Sed Product,Medical,185.14,8,"Balan, Virk and Mangal",Bangalore,3.73,4.49,147,Chennai Warehouse,280,2026-06-17,,,,,,,,,,,,,,
1024,19,145,2025-11-18,2025-11-24,2025-11-29,498,Delayed,Provident Product,Groceries,3598.65,5,"Nagar, Hari and Chada",Munger,9.42,4.61,145,Bangalore Warehouse,739,2026-06-24,,,,,,,,,,,,,,
1025,3,100,2024-09-18,2024-09-27,2024-09-26,369,Delivered,Fugit Product,Clothing,465.64,12,"Balan, Virk and Mangal",Bangalore,3.73,4.49,100,Bangalore Warehouse,276,2026-06-20,,,,,,,,,,,,,,
1026,10,36,2026-01-28,2026-02-04,2026-02-06,414,Cancelled,Suscipit Product,Electronics,2750.46,10,"Mitter, Srinivasan and Dixit",Shimoga,1.81,3.9,36,Hyderabad Warehouse,271,2026-07-15,,,,,,,,,,,,,,
1027,7,149,2024-10-23,2024-11-02,2024-11-03,122,Delivered,Asperiores Product,Groceries,2199.52,9,Wali PLC,Khandwa,2.76,4.43,149,Chennai Warehouse,331,2026-07-13,,,,,,,,,,,,,,
1028,2,144,2026-03-24,2026-03-29,2026-03-31,178,Delivered,Ipsam Product,Electronics,744.79,2,Gour Ltd,Bhilwara,8.05,3.83,144,Mumbai Warehouse,720,2026-06-29,,,,,,,,,,,,,,
1029,17,78,2025-06-10,2025-06-13,2025-06-18,194,In Transit,Quam Product,Clothing,1593.13,4,"Sule, Jaggi and Char",Pallavaram,6.39,3.52,78,Hyderabad Warehouse,637,2026-07-09,,,,,,,,,,,,,,
1030,8,15,2024-10-24,2024-10-30,2024-11-01,207,Delivered,Dolore Product,Automotive,1024.49,5,Hans-Bir,Siliguri,2.43,4.68,15,Chennai Warehouse,343,2026-07-02,,,,,,,,,,,,,,
1031,18,7,2025-06-23,2025-07-01,2025-07-05,279,Delivered,Expedita Product,Furniture,1401.54,17,Raju and Sons,Etawah,3.81,4.27,7,Delhi Warehouse,512,2026-06-28,331.0,Traffic,High,Laborum nihil hic corrupti doloribus corporis.,2025-11-09,331.0,Expedite Shipment,Rejected,2026-02-03,331.0,Failed,5.0,13551.74,Supplier changed
1032,2,10,2026-02-20,2026-02-27,2026-02-26,282,Delayed,Ratione Product,Medical,834.09,9,Gour Ltd,Bhilwara,8.05,3.83,10,Hyderabad Warehouse,815,2026-07-09,467.0,Supplier Delay,High,Quis reprehenderit ut.,2026-07-03,467.0,Expedite Shipment,Pending,2026-01-27,467.0,Failed,7.0,1124.09,Cost increased
1033,17,132,2024-09-09,2024-09-16,2024-09-18,68,Cancelled,Quisquam Product,Groceries,1498.72,7,"Sule, Jaggi and Char",Pallavaram,6.39,3.52,132,Mumbai Warehouse,860,2026-07-05,,,,,,,,,,,,,,
1034,12,61,2025-03-28,2025-03-31,2025-04-02,281,Delivered,Eveniet Product,Furniture,3258.29,8,Thakur and Sons,Kanpur,5.83,3.5,61,Mumbai Warehouse,725,2026-06-20,,,,,,,,,,,,,,
1035,19,55,2025-07-16,2025-07-24,2025-07-25,222,Delivered,Odio Product,Furniture,4563.23,5,"Nagar, Hari and Chada",Munger,9.42,4.61,55,Bangalore Warehouse,422,2026-07-01,,,,,,,,,,,,,,
1036,1,3,2025-06-10,2025-06-16,2025-06-18,372,Delivered,Iure Product,Medical,1939.35,19,"Balasubramanian, Gara and Memon",Nadiad,5.69,4.88,3,Mumbai Warehouse,584,2026-07-06,,,,,,,,,,,,,,
1037,13,120,2024-09-04,2024-09-06,2024-09-06,85,Delayed,Magnam Product,Electronics,3329.48,19,"Borah, Gill and Varma",Dehri,6.15,3.78,120,Bangalore Warehouse,996,2026-07-07,31.0,Traffic,Low,Possimus mollitia omnis voluptate.,2026-05-05,31.0,Expedite Shipment,Rejected,2026-06-18,31.0,Partially Resolved,7.0,-3004.25,Minor delay occurred
1038,16,136,2025-09-15,2025-09-23,2025-09-23,137,Delayed,Facilis Product,Groceries,4154.63,13,Handa-Manda,Vijayanagaram,8.66,4.77,136,Bangalore Warehouse,943,2026-07-08,,,,,,,,,,,,,,
1039,19,114,2025-07-07,2025-07-10,2025-07-12,389,Delayed,Dicta Product,Clothing,1943.15,20,"Nagar, Hari and Chada",Munger,9.42,4.61,114,Hyderabad Warehouse,822,2026-07-08,,,,,,,,,,,,,,
1040,14,98,2024-11-08,2024-11-12,2024-11-15,333,Cancelled,Quae Product,Clothing,2022.11,14,"Bahri, Dugar and Ratti",Kottayam,8.09,4.85,98,Hyderabad Warehouse,832,2026-07-05,220.0,Transport Strike,High,Aspernatur illo eius aut.,2025-11-30,220.0,Increase Safety Stock,Implemented,2026-04-23,220.0,Failed,9.0,12256.08,Shipment rerouted
1041,4,112,2025-08-31,2025-09-07,2025-09-07,447,Delayed,Modi Product,Electronics,2985.26,19,Rajagopal-Jayaraman,Jalna,1.0,3.51,112,Bangalore Warehouse,212,2026-06-25,,,,,,,,,,,,,,
1042,10,52,2026-03-19,2026-03-24,2026-03-27,380,Cancelled,Architecto Product,Medical,1642.77,20,"Mitter, Srinivasan and Dixit",Shimoga,1.81,3.9,52,Mumbai Warehouse,918,2026-06-30,,,,,,,,,,,,,,
1043,11,57,2025-09-11,2025-09-13,2025-09-12,220,Delivered,Distinctio Product,Automotive,863.84,19,Banerjee Group,Alappuzha,8.52,4.3,57,Hyderabad Warehouse,848,2026-06-28,,,,,,,,,,,,,,
1044,8,4,2026-05-04,2026-05-11,2026-05-15,280,Cancelled,Dignissimos Product,Clothing,2106.24,6,Hans-Bir,Siliguri,2.43,4.68,4,Bangalore Warehouse,473,2026-06-30,,,,,,,,,,,,,,
1045,3,135,2025-01-13,2025-01-20,2025-01-23,430,Delivered,Nisi Product,Medical,1322.29,1,"Balan, Virk and Mangal",Bangalore,3.73,4.49,135,Delhi Warehouse,660,2026-06-19,,,,,,,,,,,,,,
1046,19,51,2025-09-12,2025-09-20,2025-09-24,196,Cancelled,Corrupti Product,Medical,1864.29,15,"Nagar, Hari and Chada",Munger,9.42,4.61,51,Chennai Warehouse,926,2026-07-02,,,,,,,,,,,,,,
1047,3,44,2025-02-21,2025-02-26,2025-02-25,54,Delivered,Voluptatum Product,Groceries,3216.56,15,"Balan, Virk and Mangal",Bangalore,3.73,4.49,44,Chennai Warehouse,740,2026-07-04,,,,,,,,,,,,,,
1048,16,54,2026-07-07,2026-07-17,2026-07-21,408,Delivered,Voluptatem Product,Groceries,3641.55,2,Handa-Manda,Vijayanagaram,8.66,4.77,54,Chennai Warehouse,842,2026-06-17,,,,,,,,,,,,,,
1049,6,59,2025-06-19,2025-06-26,2025-06-24,477,In Transit,Omnis Product,Electronics,2194.29,10,Bhavsar-Sampath,Bangalore,2.52,3.72,59,Chennai Warehouse,265,2026-07-01,,,,,,,,,,,,,,
1050,19,40,2025-11-29,2025-12-06,2025-12-04,297,Delayed,Nemo Product,Groceries,2824.16,10,"Nagar, Hari and Chada",Munger,9.42,4.61,40,Hyderabad Warehouse,554,2026-06-27,,,,,,,,,,,,,,
1051,12,73,2025-12-03,2025-12-13,2025-12-16,63,Delayed,Debitis Product,Furniture,1718.5,11,Thakur and Sons,Kanpur,5.83,3.5,73,Mumbai Warehouse,263,2026-07-09,548.0,Transport Strike,High,Est culpa est.,2025-11-21,548.0,Expedite Shipment,Approved,2025-12-13,548.0,Partially Resolved,3.0,11739.21,Minor delay occurred
1052,1,32,2025-12-14,2025-12-19,2025-12-18,208,In Transit,Quis Product,Groceries,4929.24,1,"Balasubramanian, Gara and Memon",Nadiad,5.69,4.88,32,Mumbai Warehouse,715,2026-07-01,,,,,,,,,,,,,,
1053,16,12,2025-03-25,2025-04-04,2025-04-02,22,Delivered,Fugit Product,Clothing,1357.85,15,Handa-Manda,Vijayanagaram,8.66,4.77,12,Hyderabad Warehouse,878,2026-06-22,,,,,,,,,,,,,,
1054,7,69,2025-03-04,2025-03-08,2025-03-06,192,Delayed,Ipsa Product,Groceries,1707.84,17,Wali PLC,Khandwa,2.76,4.43,69,Mumbai Warehouse,267,2026-07-09,,,,,,,,,,,,,,
1055,14,78,2025-07-14,2025-07-21,2025-07-24,352,Delayed,Quam Product,Clothing,1593.13,4,"Bahri, Dugar and Ratti",Kottayam,8.09,4.85,78,Hyderabad Warehouse,637,2026-07-09,,,,,,,,,,,,,,
1056,10,128,2024-07-23,2024-07-29,2024-07-31,45,In Transit,Non Product,Clothing,4746.22,5,"Mitter, Srinivasan and Dixit",Shimoga,1.81,3.9,128,Hyderabad Warehouse,464,2026-06-23,120.0,Transport Strike,High,Voluptas iusto nihil id error neque.,2026-03-05,120.0,Increase Safety Stock,Pending,2026-05-15,120.0,Partially Resolved,12.0,8474.35,Shipment rerouted
1057,19,41,2025-04-06,2025-04-09,2025-04-14,158,Delayed,Architecto Product,Furniture,1703.5,1,"Nagar, Hari and Chada",Munger,9.42,4.61,41,Hyderabad Warehouse,681,2026-06-26,395.0,Supplier Delay,High,Officiis dolore facilis porro quo.,2026-01-28,395.0,Expedite Shipment,Rejected,2025-12-20,395.0,Failed,14.0,4530.74,Minor delay occurred
1058,15,48,2026-03-11,2026-03-15,2026-03-19,200,Cancelled,Neque Product,Medical,518.28,5,Sastry and Sons,Haldia,5.45,4.34,48,Delhi Warehouse,626,2026-06-27,,,,,,,,,,,,,,
1059,7,135,2026-04-06,2026-04-15,2026-04-15,195,Delayed,Nisi Product,Medical,1322.29,1,Wali PLC,Khandwa,2.76,4.43,135,Delhi Warehouse,660,2026-06-19,349.0,Transport Strike,High,Provident magnam quae corrupti sapiente.,2026-02-16,349.0,Change Transport Route,Rejected,2026-03-17,349.0,Failed,3.0,11030.76,Cost increased
1060,19,106,2025-02-15,2025-02-19,2025-02-18,264,In Transit,Officiis Product,Clothing,3586.71,17,"Nagar, Hari and Chada",Munger,9.42,4.61,106,Delhi Warehouse,595,2026-06-23,,,,,,,,,,,,,,
1061,19,124,2026-02-26,2026-03-02,2026-03-05,491,Cancelled,Excepturi Product,Furniture,756.02,2,"Nagar, Hari and Chada",Munger,9.42,4.61,124,Chennai Warehouse,123,2026-07-09,,,,,,,,,,,,,,
1062,20,46,2026-05-02,2026-05-05,2026-05-08,375,Cancelled,Impedit Product,Electronics,1574.36,7,Chakraborty-Sengupta,Malda,5.0,3.56,46,Chennai Warehouse,372,2026-06-23,,,,,,,,,,,,,,
1063,7,92,2026-07-04,2026-07-09,2026-07-08,272,In Transit,Architecto Product,Furniture,4826.14,10,Wali PLC,Khandwa,2.76,4.43,92,Mumbai Warehouse,215,2026-07-07,,,,,,,,,,,,,,
1064,16,69,2025-05-06,2025-05-09,2025-05-12,61,In Transit,Ipsa Product,Groceries,1707.84,17,Handa-Manda,Vijayanagaram,8.66,4.77,69,Mumbai Warehouse,267,2026-07-09,,,,,,,,,,,,,,
1065,17,65,2025-10-29,2025-11-04,2025-11-08,114,Delayed,Ut Product,Groceries,3277.06,2,"Sule, Jaggi and Char",Pallavaram,6.39,3.52,65,Delhi Warehouse,911,2026-07-06,,,,,,,,,,,,,,
1066,15,33,2026-06-21,2026-06-30,2026-07-01,219,In Transit,Facere Product,Medical,1997.29,4,Sastry and Sons,Haldia,5.45,4.34,33,Delhi Warehouse,549,2026-07-12,,,,,,,,,,,,,,
1067,6,44,2024-08-19,2024-08-28,2024-08-30,82,Delivered,Voluptatum Product,Groceries,3216.56,15,Bhavsar-Sampath,Bangalore,2.52,3.72,44,Chennai Warehouse,740,2026-07-04,513.0,Transport Strike,High,Ipsa illum expedita dolor suscipit.,2025-09-30,513.0,Expedite Shipment,Approved,2025-08-20,513.0,Resolved,2.0,7224.23,Cost increased
1068,12,140,2025-06-18,2025-06-28,2025-06-27,325,Delayed,Recusandae Product,Groceries,2705.55,15,Thakur and Sons,Kanpur,5.83,3.5,140,Hyderabad Warehouse,927,2026-06-18,,,,,,,,,,,,,,
1069,12,68,2026-06-25,2026-07-04,2026-07-05,395,In Transit,Delectus Product,Clothing,4916.43,20,Thakur and Sons,Kanpur,5.83,3.5,68,Chennai Warehouse,660,2026-06-18,27.0,Supplier Delay,High,Alias nam dolor possimus in necessitatibus.,2026-05-11,27.0,Change Transport Route,Pending,2026-01-04,27.0,Pending,5.0,5827.67,Minor delay occurred
1070,6,50,2025-02-15,2025-02-22,2025-02-21,315,Delivered,Quae Product,Automotive,939.97,7,Bhavsar-Sampath,Bangalore,2.52,3.72,50,Chennai Warehouse,576,2026-07-06,,,,,,,,,,,,,,
1071,15,117,2025-01-20,2025-01-25,2025-01-26,286,Cancelled,Quisquam Product,Medical,1461.86,8,Sastry and Sons,Haldia,5.45,4.34,117,Hyderabad Warehouse,793,2026-06-16,,,,,,,,,,,,,,
1072,6,46,2026-02-21,2026-02-23,2026-02-22,478,Delivered,Impedit Product,Electronics,1574.36,7,Bhavsar-Sampath,Bangalore,2.52,3.72,46,Chennai Warehouse,372,2026-06-23,,,,,,,,,,,,,,
1073,6,6,2025-02-27,2025-03-02,2025-03-02,440,Delivered,Reiciendis Product,Furniture,3938.69,18,Bhavsar-Sampath,Bangalore,2.52,3.72,6,Bangalore Warehouse,894,2026-06-26,,,,,,,,,,,,,,
1074,2,146,2026-01-10,2026-01-19,2026-01-17,138,Delivered,Minus Product,Furniture,4540.31,18,Gour Ltd,Bhilwara,8.05,3.83,146,Delhi Warehouse,858,2026-06-21,,,,,,,,,,,,,,
1075,5,81,2025-09-11,2025-09-14,2025-09-15,465,In Transit,Voluptatibus Product,Automotive,1958.75,1,Chander-Sibal,Kochi,6.81,4.37,81,Chennai Warehouse,875,2026-06-17,,,,,,,,,,,,,,
1076,17,52,2026-04-19,2026-04-25,2026-04-28,18,In Transit,Architecto Product,Medical,1642.77,20,"Sule, Jaggi and Char",Pallavaram,6.39,3.52,52,Mumbai Warehouse,918,2026-06-30,,,,,,,,,,,,,,
1077,1,39,2025-04-23,2025-04-25,2025-04-28,81,Cancelled,Amet Product,Automotive,1228.36,6,"Balasubramanian, Gara and Memon",Nadiad,5.69,4.88,39,Chennai Warehouse,720,2026-07-10,403.0,Traffic,High,Harum voluptas sed nemo.,2026-03-14,403.0,Switch Supplier,Rejected,2025-08-29,403.0,Resolved,4.0,5003.43,Minor delay occurred
1078,8,60,2025-07-12,2025-07-18,2025-07-20,90,Delivered,Ipsa Product,Furniture,2536.82,19,Hans-Bir,Siliguri,2.43,4.68,60,Bangalore Warehouse,753,2026-07-14,,,,,,,,,,,,,,
1079,20,139,2026-01-06,2026-01-11,2026-01-16,429,Delivered,Vero Product,Furniture,4054.68,9,Chakraborty-Sengupta,Malda,5.0,3.56,139,Mumbai Warehouse,185,2026-07-15,,,,,,,,,,,,,,
1080,8,143,2025-08-05,2025-08-14,2025-08-15,454,Delivered,Exercitationem Product,Furniture,2333.4,6,Hans-Bir,Siliguri,2.43,4.68,143,Hyderabad Warehouse,191,2026-07-12,,,,,,,,,,,,,,
1081,4,103,2025-04-27,2025-05-05,2025-05-05,150,In Transit,Sunt Product,Furniture,3330.94,12,Rajagopal-Jayaraman,Jalna,1.0,3.51,103,Chennai Warehouse,485,2026-07-13,,,,,,,,,,,,,,
1082,6,54,2025-04-09,2025-04-11,2025-04-12,371,In Transit,Voluptatem Product,Groceries,3641.55,2,Bhavsar-Sampath,Bangalore,2.52,3.72,54,Chennai Warehouse,842,2026-06-17,388.0,Transport Strike,Medium,Natus atque et laboriosam quasi.,2026-03-10,388.0,Change Transport Route,Approved,2026-06-02,388.0,Resolved,13.0,4323.99,Supplier changed
1083,10,9,2024-12-30,2025-01-04,2025-01-08,366,Cancelled,Alias Product,Groceries,1305.18,16,"Mitter, Srinivasan and Dixit",Shimoga,1.81,3.9,9,Mumbai Warehouse,917,2026-07-04,,,,,,,,,,,,,,
1084,16,110,2025-05-28,2025-06-03,2025-06-08,224,Delivered,Assumenda Product,Furniture,4904.71,9,Handa-Manda,Vijayanagaram,8.66,4.77,110,Chennai Warehouse,817,2026-06-23,,,,,,,,,,,,,,
1085,9,56,2024-12-02,2024-12-06,2024-12-08,386,In Transit,Error Product,Electronics,333.18,11,"Loyal, Varma and Tripathi",Firozabad,9.75,4.64,56,Chennai Warehouse,777,2026-07-07,492.0,Machine Failure,Low,Quam voluptatibus sunt cum similique nisi.,2025-12-23,492.0,Switch Supplier,Implemented,2025-09-10,492.0,Resolved,6.0,6095.36,Cost increased
1086,10,102,2024-09-29,2024-10-01,2024-10-04,347,Cancelled,Molestias Product,Furniture,2262.92,3,"Mitter, Srinivasan and Dixit",Shimoga,1.81,3.9,102,Chennai Warehouse,835,2026-06-22,,,,,,,,,,,,,,
1087,18,148,2026-05-31,2026-06-07,2026-06-05,102,In Transit,Saepe Product,Groceries,920.71,10,Raju and Sons,Etawah,3.81,4.27,148,Delhi Warehouse,944,2026-06-16,,,,,,,,,,,,,,
1088,13,48,2024-09-26,2024-09-29,2024-10-01,285,Delivered,Neque Product,Medical,518.28,5,"Borah, Gill and Varma",Dehri,6.15,3.78,48,Delhi Warehouse,626,2026-06-27,,,,,,,,,,,,,,
1089,19,12,2025-12-21,2025-12-26,2025-12-30,404,In Transit,Fugit Product,Clothing,1357.85,15,"Nagar, Hari and Chada",Munger,9.42,4.61,12,Hyderabad Warehouse,878,2026-06-22,,,,,,,,,,,,,,
1090,12,75,2025-06-15,2025-06-25,2025-06-28,440,Cancelled,Recusandae Product,Automotive,4884.77,14,Thakur and Sons,Kanpur,5.83,3.5,75,Chennai Warehouse,450,2026-07-07,,,,,,,,,,,,,,
1091,8,7,2025-09-26,2025-10-01,2025-10-06,185,Cancelled,Expedita Product,Furniture,1401.54,17,Hans-Bir,Siliguri,2.43,4.68,7,Delhi Warehouse,512,2026-06-28,,,,,,,,,,,,,,
1092,12,131,2024-09-13,2024-09-17,2024-09-22,307,In Transit,Nesciunt Product,Furniture,3585.42,1,Thakur and Sons,Kanpur,5.83,3.5,131,Hyderabad Warehouse,157,2026-06-24,86.0,Weather,Low,Molestias delectus sint hic.,2026-03-13,86.0,Switch Supplier,Rejected,2026-05-25,86.0,Pending,4.0,11863.62,Supplier changed
1093,13,3,2025-03-31,2025-04-05,2025-04-05,24,Delayed,Iure Product,Medical,1939.35,19,"Borah, Gill and Varma",Dehri,6.15,3.78,3,Mumbai Warehouse,584,2026-07-06,,,,,,,,,,,,,,
1094,15,109,2025-10-13,2025-10-16,2025-10-18,389,In Transit,Beatae Product,Automotive,1167.1,12,Sastry and Sons,Haldia,5.45,4.34,109,Mumbai Warehouse,573,2026-06-17,,,,,,,,,,,,,,
1095,9,63,2026-04-28,2026-05-02,2026-05-04,339,Delivered,Minus Product,Electronics,1218.88,8,"Loyal, Varma and Tripathi",Firozabad,9.75,4.64,63,Hyderabad Warehouse,518,2026-06-17,25.0,Traffic,Low,Beatae consequuntur et quis repudiandae.,2025-12-12,25.0,Change Transport Route,Pending,2025-12-15,25.0,Pending,5.0,3338.21,Shipment rerouted
1096,1,116,2025-11-07,2025-11-12,2025-11-14,145,In Transit,Architecto Product,Groceries,763.04,10,"Balasubramanian, Gara and Memon",Nadiad,5.69,4.88,116,Bangalore Warehouse,102,2026-07-04,,,,,,,,,,,,,,
1097,5,135,2025-10-20,2025-10-27,2025-10-29,14,Cancelled,Nisi Product,Medical,1322.29,1,Chander-Sibal,Kochi,6.81,4.37,135,Delhi Warehouse,660,2026-06-19,,,,,,,,,,,,,,
1098,19,38,2025-10-24,2025-10-31,2025-11-04,442,In Transit,Laborum Product,Groceries,3934.86,13,"Nagar, Hari and Chada",Munger,9.42,4.61,38,Mumbai Warehouse,317,2026-07-03,531.0,Traffic,Medium,Vel exercitationem delectus corrupti inventore nihil.,2026-06-18,531.0,Expedite Shipment,Pending,2025-11-11,531.0,Partially Resolved,7.0,3268.19,Supplier changed
1099,7,110,2025-05-17,2025-05-21,2025-05-19,202,Cancelled,Assumenda Product,Furniture,4904.71,9,Wali PLC,Khandwa,2.76,4.43,110,Chennai Warehouse,817,2026-06-23,,,,,,,,,,,,,,
1100,19,124,2024-11-01,2024-11-05,2024-11-07,98,Delayed,Excepturi Product,Furniture,756.02,2,"Nagar, Hari and Chada",Munger,9.42,4.61,124,Chennai Warehouse,123,2026-07-09,,,,,,,,,,,,,,
1101,19,147,2024-09-22,2024-09-25,2024-09-28,222,Cancelled,Sed Product,Medical,185.14,8,"Nagar, Hari and Chada",Munger,9.42,4.61,147,Chennai Warehouse,280,2026-06-17,,,,,,,,,,,,,,
1102,16,98,2026-03-08,2026-03-10,2026-03-12,22,Delayed,Quae Product,Clothing,2022.11,14,Handa-Manda,Vijayanagaram,8.66,4.77,98,Hyderabad Warehouse,832,2026-07-05,,,,,,,,,,,,,,
1103,12,94,2025-01-19,2025-01-21,2025-01-21,444,Cancelled,Culpa Product,Clothing,4115.37,20,Thakur and Sons,Kanpur,5.83,3.5,94,Delhi Warehouse,329,2026-07-15,,,,,,,,,,,,,,
1104,6,91,2025-11-02,2025-11-04,2025-11-04,213,Delivered,Laudantium Product,Furniture,3665.32,5,Bhavsar-Sampath,Bangalore,2.52,3.72,91,Hyderabad Warehouse,678,2026-07-12,,,,,,,,,,,,,,
1105,3,106,2024-12-27,2025-01-01,2025-01-06,475,In Transit,Officiis Product,Clothing,3586.71,17,"Balan, Virk and Mangal",Bangalore,3.73,4.49,106,Delhi Warehouse,595,2026-06-23,,,,,,,,,,,,,,
1106,19,87,2024-09-07,2024-09-12,2024-09-11,337,Cancelled,Vitae Product,Clothing,4295.55,19,"Nagar, Hari and Chada",Munger,9.42,4.61,87,Delhi Warehouse,423,2026-06-26,,,,,,,,,,,,,,
1107,9,149,2025-02-25,2025-03-07,2025-03-11,227,Delivered,Asperiores Product,Groceries,2199.52,9,"Loyal, Varma and Tripathi",Firozabad,9.75,4.64,149,Chennai Warehouse,331,2026-07-13,,,,,,,,,,,,,,
1108,13,91,2025-06-14,2025-06-17,2025-06-18,459,Delayed,Laudantium Product,Furniture,3665.32,5,"Borah, Gill and Varma",Dehri,6.15,3.78,91,Hyderabad Warehouse,678,2026-07-12,,,,,,,,,,,,,,
1109,13,48,2026-01-13,2026-01-19,2026-01-19,373,Delayed,Neque Product,Medical,518.28,5,"Borah, Gill and Varma",Dehri,6.15,3.78,48,Delhi Warehouse,626,2026-06-27,,,,,,,,,,,,,,
1110,7,85,2025-04-11,2025-04-16,2025-04-14,278,In Transit,Vero Product,Medical,287.27,20,Wali PLC,Khandwa,2.76,4.43,85,Bangalore Warehouse,854,2026-06-21,,,,,,,,,,,,,,
1111,15,1,2026-01-04,2026-01-10,2026-01-09,279,Cancelled,Sint Product,Clothing,2204.33,20,Sastry and Sons,Haldia,5.45,4.34,1,Mumbai Warehouse,324,2026-07-01,,,,,,,,,,,,,,
1112,8,8,2025-12-07,2025-12-09,2025-12-07,103,In Transit,Voluptatem Product,Furniture,3535.61,12,Hans-Bir,Siliguri,2.43,4.68,8,Chennai Warehouse,686,2026-07-07,,,,,,,,,,,,,,
1113,4,3,2025-07-02,2025-07-11,2025-07-15,335,Delayed,Iure Product,Medical,1939.35,19,Rajagopal-Jayaraman,Jalna,1.0,3.51,3,Mumbai Warehouse,584,2026-07-06,,,,,,,,,,,,,,
1114,12,124,2024-10-16,2024-10-20,2024-10-18,156,In Transit,Excepturi Product,Furniture,756.02,2,Thakur and Sons,Kanpur,5.83,3.5,124,Chennai Warehouse,123,2026-07-09,,,,,,,,,,,,,,
1115,19,108,2026-04-01,2026-04-06,2026-04-04,457,Delayed,Debitis Product,Automotive,3133.95,9,"Nagar, Hari and Chada",Munger,9.42,4.61,108,Hyderabad Warehouse,767,2026-07-07,,,,,,,,,,,,,,
1116,5,106,2024-10-14,2024-10-22,2024-10-25,189,Delayed,Officiis Product,Clothing,3586.71,17,Chander-Sibal,Kochi,6.81,4.37,106,Delhi Warehouse,595,2026-06-23,,,,,,,,,,,,,,
1117,7,144,2024-11-08,2024-11-17,2024-11-21,296,In Transit,Ipsam Product,Electronics,744.79,2,Wali PLC,Khandwa,2.76,4.43,144,Mumbai Warehouse,720,2026-06-29,,,,,,,,,,,,,,
1118,2,62,2026-04-27,2026-05-04,2026-05-02,218,Delayed,Officiis Product,Medical,3477.18,12,Gour Ltd,Bhilwara,8.05,3.83,62,Chennai Warehouse,668,2026-07-05,,,,,,,,,,,,,,
1119,12,86,2025-11-06,2025-11-08,2025-11-10,485,Cancelled,Aliquam Product,Electronics,2475.27,3,Thakur and Sons,Kanpur,5.83,3.5,86,Mumbai Warehouse,687,2026-06-23,,,,,,,,,,,,,,
1120,9,96,2025-03-26,2025-04-02,2025-03-31,384,Cancelled,Laborum Product,Medical,3501.37,20,"Loyal, Varma and Tripathi",Firozabad,9.75,4.64,96,Mumbai Warehouse,471,2026-06-19,,,,,,,,,,,,,,
1121,10,103,2026-03-13,2026-03-18,2026-03-22,202,Delayed,Sunt Product,Furniture,3330.94,12,"Mitter, Srinivasan and Dixit",Shimoga,1.81,3.9,103,Chennai Warehouse,485,2026-07-13,271.0,Weather,Medium,Autem aliquid natus sapiente quod maiores tempore non.,2025-08-05,271.0,Expedite Shipment,Rejected,2026-06-19,271.0,Failed,14.0,4840.09,Cost increased
1122,9,130,2025-04-11,2025-04-15,2025-04-15,134,Delayed,Rerum Product,Clothing,379.31,9,"Loyal, Varma and Tripathi",Firozabad,9.75,4.64,130,Bangalore Warehouse,702,2026-06-28,,,,,,,,,,,,,,
1123,3,76,2024-12-11,2024-12-14,2024-12-13,145,Cancelled,Sunt Product,Electronics,2690.2,2,"Balan, Virk and Mangal",Bangalore,3.73,4.49,76,Delhi Warehouse,630,2026-06-16,,,,,,,,,,,,,,
1124,17,91,2025-02-26,2025-03-01,2025-02-27,473,Delivered,Laudantium Product,Furniture,3665.32,5,"Sule, Jaggi and Char",Pallavaram,6.39,3.52,91,Hyderabad Warehouse,678,2026-07-12,,,,,,,,,,,,,,
1125,3,101,2024-12-14,2024-12-21,2024-12-26,382,Cancelled,Delectus Product,Automotive,1333.96,11,"Balan, Virk and Mangal",Bangalore,3.73,4.49,101,Bangalore Warehouse,654,2026-06-16,,,,,,,,,,,,,,
1126,12,29,2024-10-06,2024-10-11,2024-10-15,111,In Transit,Architecto Product,Furniture,4183.31,3,Thakur and Sons,Kanpur,5.83,3.5,29,Chennai Warehouse,981,2026-06-27,,,,,,,,,,,,,,
1127,16,51,2026-06-13,2026-06-21,2026-06-25,410,Cancelled,Corrupti Product,Medical,1864.29,15,Handa-Manda,Vijayanagaram,8.66,4.77,51,Chennai Warehouse,926,2026-07-02,,,,,,,,,,,,,,
1128,8,51,2025-04-28,2025-05-03,2025-05-02,78,In Transit,Corrupti Product,Medical,1864.29,15,Hans-Bir,Siliguri,2.43,4.68,51,Chennai Warehouse,926,2026-07-02,19.0,Machine Failure,Low,Eaque labore veritatis rerum non corporis impedit facilis.,2025-11-30,19.0,Switch Supplier,Approved,2026-01-03,19.0,Resolved,2.0,-4732.83,Issue resolved successfully
1129,19,27,2024-11-15,2024-11-20,2024-11-20,435,Cancelled,Vero Product,Furniture,4788.07,19,"Nagar, Hari and Chada",Munger,9.42,4.61,27,Delhi Warehouse,91,2026-07-05,,,,,,,,,,,,,,
1130,2,80,2025-07-16,2025-07-25,2025-07-23,365,Delivered,Corporis Product,Medical,4255.47,15,Gour Ltd,Bhilwara,8.05,3.83,80,Mumbai Warehouse,656,2026-07-08,,,,,,,,,,,,,,
1131,3,113,2026-02-16,2026-02-26,2026-03-03,274,In Transit,Placeat Product,Groceries,4202.62,15,"Balan, Virk and Mangal",Bangalore,3.73,4.49,113,Mumbai Warehouse,228,2026-07-12,,,,,,,,,,,,,,
1132,2,40,2025-02-26,2025-03-05,2025-03-03,227,Delivered,Nemo Product,Groceries,2824.16,10,Gour Ltd,Bhilwara,8.05,3.83,40,Hyderabad Warehouse,554,2026-06-27,,,,,,,,,,,,,,
1133,16,60,2025-10-24,2025-11-02,2025-11-06,227,Cancelled,Ipsa Product,Furniture,2536.82,19,Handa-Manda,Vijayanagaram,8.66,4.77,60,Bangalore Warehouse,753,2026-07-14,,,,,,,,,,,,,,
1134,11,30,2024-11-19,2024-11-21,2024-11-20,120,In Transit,Voluptatem Product,Medical,3709.02,5,Banerjee Group,Alappuzha,8.52,4.3,30,Chennai Warehouse,472,2026-06-30,,,,,,,,,,,,,,
1135,14,90,2025-01-12,2025-01-20,2025-01-20,474,Delivered,Quo Product,Electronics,4661.14,19,"Bahri, Dugar and Ratti",Kottayam,8.09,4.85,90,Delhi Warehouse,466,2026-06-28,,,,,,,,,,,,,,
1136,18,137,2025-01-12,2025-01-21,2025-01-21,49,Delayed,Aliquid Product,Medical,3630.8,13,Raju and Sons,Etawah,3.81,4.27,137,Delhi Warehouse,82,2026-07-03,,,,,,,,,,,,,,
1137,14,54,2026-04-28,2026-05-06,2026-05-11,76,Delivered,Voluptatem Product,Groceries,3641.55,2,"Bahri, Dugar and Ratti",Kottayam,8.09,4.85,54,Chennai Warehouse,842,2026-06-17,,,,,,,,,,,,,,
1138,6,119,2025-06-10,2025-06-13,2025-06-11,468,Cancelled,Maxime Product,Furniture,4794.94,19,Bhavsar-Sampath,Bangalore,2.52,3.72,119,Mumbai Warehouse,383,2026-07-01,,,,,,,,,,,,,,
1139,6,24,2024-11-16,2024-11-20,2024-11-23,499,Delayed,Dolorem Product,Medical,3211.29,13,Bhavsar-Sampath,Bangalore,2.52,3.72,24,Bangalore Warehouse,374,2026-06-27,,,,,,,,,,,,,,
1140,1,96,2024-12-24,2024-12-29,2024-12-27,35,Cancelled,Laborum Product,Medical,3501.37,20,"Balasubramanian, Gara and Memon",Nadiad,5.69,4.88,96,Mumbai Warehouse,471,2026-06-19,200.0,Port Congestion,Low,Repellat enim vero magni esse asperiores.,2025-12-14,200.0,Change Transport Route,Pending,2026-01-03,200.0,Pending,11.0,4604.2,Shipment rerouted
1141,2,81,2025-08-20,2025-08-30,2025-09-02,283,In Transit,Voluptatibus Product,Automotive,1958.75,1,Gour Ltd,Bhilwara,8.05,3.83,81,Chennai Warehouse,875,2026-06-17,102.0,Machine Failure,High,Tempore provident officiis molestiae sequi.,2025-12-13,102.0,Change Transport Route,Rejected,2025-12-24,102.0,Resolved,5.0,-47.9,Supplier changed
1141,2,81,2025-08-20,2025-08-30,2025-09-02,283,In Transit,Voluptatibus Product,Automotive,1958.75,1,Gour Ltd,Bhilwara,8.05,3.83,81,Chennai Warehouse,875,2026-06-17,325.0,Traffic,Medium,Hic deleniti expedita quo.,2026-07-02,325.0,Switch Supplier,Approved,2026-05-08,325.0,Pending,12.0,-4769.86,Issue resolved successfully
1142,10,113,2025-04-03,2025-04-13,2025-04-16,160,Delayed,Placeat Product,Groceries,4202.62,15,"Mitter, Srinivasan and Dixit",Shimoga,1.81,3.9,113,Mumbai Warehouse,228,2026-07-12,,,,,,,,,,,,,,
1143,12,131,2024-11-07,2024-11-11,2024-11-12,87,Delayed,Nesciunt Product,Furniture,3585.42,1,Thakur and Sons,Kanpur,5.83,3.5,131,Hyderabad Warehouse,157,2026-06-24,,,,,,,,,,,,,,
1144,2,128,2024-10-16,2024-10-21,2024-10-20,184,Delivered,Non Product,Clothing,4746.22,5,Gour Ltd,Bhilwara,8.05,3.83,128,Hyderabad Warehouse,464,2026-06-23,,,,,,,,,,,,,,
1145,20,135,2025-11-07,2025-11-14,2025-11-14,376,Delivered,Nisi Product,Medical,1322.29,1,Chakraborty-Sengupta,Malda,5.0,3.56,135,Delhi Warehouse,660,2026-06-19,,,,,,,,,,,,,,
1146,10,15,2024-10-18,2024-10-27,2024-11-01,340,Delayed,Dolore Product,Automotive,1024.49,5,"Mitter, Srinivasan and Dixit",Shimoga,1.81,3.9,15,Chennai Warehouse,343,2026-07-02,,,,,,,,,,,,,,
1147,16,84,2024-07-26,2024-08-03,2024-08-06,361,Delayed,Ab Product,Clothing,1108.56,18,Handa-Manda,Vijayanagaram,8.66,4.77,84,Bangalore Warehouse,80,2026-06-28,,,,,,,,,,,,,,
1148,12,123,2024-10-26,2024-11-02,2024-11-05,22,Delivered,Amet Product,Electronics,2966.03,9,Thakur and Sons,Kanpur,5.83,3.5,123,Chennai Warehouse,249,2026-06-23,,,,,,,,,,,,,,
1149,3,30,2024-12-06,2024-12-11,2024-12-16,255,In Transit,Voluptatem Product,Medical,3709.02,5,"Balan, Virk and Mangal",Bangalore,3.73,4.49,30,Chennai Warehouse,472,2026-06-30,366.0,Machine Failure,High,Cupiditate veniam magni fugiat dicta laboriosam laborum quod.,2026-06-22,366.0,Change Transport Route,Rejected,2026-05-11,366.0,Pending,0.0,8968.32,Shipment rerouted
1150,18,79,2025-08-26,2025-09-01,2025-09-06,47,Cancelled,Officiis Product,Automotive,3036.4,6,Raju and Sons,Etawah,3.81,4.27,79,Bangalore Warehouse,898,2026-06-30,,,,,,,,,,,,,,
1151,11,85,2025-11-17,2025-11-25,2025-11-25,174,Delayed,Vero Product,Medical,287.27,20,Banerjee Group,Alappuzha,8.52,4.3,85,Bangalore Warehouse,854,2026-06-21,190.0,Port Congestion,Low,Recusandae explicabo rem quod itaque possimus dignissimos voluptas.,2025-09-02,190.0,Switch Supplier,Approved,2026-02-09,190.0,Failed,1.0,2236.03,Minor delay occurred
1151,11,85,2025-11-17,2025-11-25,2025-11-25,174,Delayed,Vero Product,Medical,287.27,20,Banerjee Group,Alappuzha,8.52,4.3,85,Bangalore Warehouse,854,2026-06-21,326.0,Machine Failure,Low,Explicabo voluptas reprehenderit.,2025-10-29,326.0,Change Transport Route,Rejected,2025-09-21,326.0,Pending,5.0,11061.76,Minor delay occurred
1152,9,65,2026-03-05,2026-03-13,2026-03-14,281,Cancelled,Ut Product,Groceries,3277.06,2,"Loyal, Varma and Tripathi",Firozabad,9.75,4.64,65,Delhi Warehouse,911,2026-07-06,,,,,,,,,,,,,,
1153,6,50,2024-09-07,2024-09-12,2024-09-10,221,Delayed,Quae Product,Automotive,939.97,7,Bhavsar-Sampath,Bangalore,2.52,3.72,50,Chennai Warehouse,576,2026-07-06,,,,,,,,,,,,,,
1154,13,38,2024-08-12,2024-08-16,2024-08-15,398,Delivered,Laborum Product,Groceries,3934.86,13,"Borah, Gill and Varma",Dehri,6.15,3.78,38,Mumbai Warehouse,317,2026-07-03,,,,,,,,,,,,,,
1155,9,135,2026-04-14,2026-04-24,2026-04-27,223,Delayed,Nisi Product,Medical,1322.29,1,"Loyal, Varma and Tripathi",Firozabad,9.75,4.64,135,Delhi Warehouse,660,2026-06-19,,,,,,,,,,,,,,
1156,5,13,2025-07-05,2025-07-11,2025-07-15,272,Delayed,Reiciendis Product,Automotive,3971.98,6,Chander-Sibal,Kochi,6.81,4.37,13,Mumbai Warehouse,352,2026-07-10,,,,,,,,,,,,,,
1157,1,3,2025-11-21,2025-11-27,2025-11-26,251,In Transit,Iure Product,Medical,1939.35,19,"Balasubramanian, Gara and Memon",Nadiad,5.69,4.88,3,Mumbai Warehouse,584,2026-07-06,,,,,,,,,,,,,,
1158,9,63,2024-10-14,2024-10-19,2024-10-17,402,In Transit,Minus Product,Electronics,1218.88,8,"Loyal, Varma and Tripathi",Firozabad,9.75,4.64,63,Hyderabad Warehouse,518,2026-06-17,,,,,,,,,,,,,,
1159,1,116,2026-03-14,2026-03-18,2026-03-17,27,Delivered,Architecto Product,Groceries,763.04,10,"Balasubramanian, Gara and Memon",Nadiad,5.69,4.88,116,Bangalore Warehouse,102,2026-07-04,,,,,,,,,,,,,,
1160,19,55,2024-07-31,2024-08-02,2024-08-02,293,Cancelled,Odio Product,Furniture,4563.23,5,"Nagar, Hari and Chada",Munger,9.42,4.61,55,Bangalore Warehouse,422,2026-07-01,,,,,,,,,,,,,,
1161,16,103,2026-03-11,2026-03-13,2026-03-17,369,In Transit,Sunt Product,Furniture,3330.94,12,Handa-Manda,Vijayanagaram,8.66,4.77,103,Chennai Warehouse,485,2026-07-13,,,,,,,,,,,,,,
1162,4,111,2024-07-15,2024-07-20,2024-07-25,158,In Transit,Quaerat Product,Clothing,218.68,3,Rajagopal-Jayaraman,Jalna,1.0,3.51,111,Hyderabad Warehouse,662,2026-07-13,,,,,,,,,,,,,,
1163,11,44,2024-09-19,2024-09-22,2024-09-24,399,Delayed,Voluptatum Product,Groceries,3216.56,15,Banerjee Group,Alappuzha,8.52,4.3,44,Chennai Warehouse,740,2026-07-04,,,,,,,,,,,,,,
1164,17,116,2025-12-14,2025-12-22,2025-12-22,346,Cancelled,Architecto Product,Groceries,763.04,10,"Sule, Jaggi and Char",Pallavaram,6.39,3.52,116,Bangalore Warehouse,102,2026-07-04,,,,,,,,,,,,,,
1165,12,36,2026-01-15,2026-01-22,2026-01-27,307,Delivered,Suscipit Product,Electronics,2750.46,10,Thakur and Sons,Kanpur,5.83,3.5,36,Hyderabad Warehouse,271,2026-07-15,,,,,,,,,,,,,,
1166,13,2,2026-02-04,2026-02-08,2026-02-07,156,Delayed,Veniam Product,Furniture,880.89,5,"Borah, Gill and Varma",Dehri,6.15,3.78,2,Delhi Warehouse,824,2026-06-22,,,,,,,,,,,,,,
1167,6,130,2026-02-20,2026-02-23,2026-02-28,384,Delivered,Rerum Product,Clothing,379.31,9,Bhavsar-Sampath,Bangalore,2.52,3.72,130,Bangalore Warehouse,702,2026-06-28,,,,,,,,,,,,,,
1168,11,102,2024-11-28,2024-12-02,2024-12-07,372,Delivered,Molestias Product,Furniture,2262.92,3,Banerjee Group,Alappuzha,8.52,4.3,102,Chennai Warehouse,835,2026-06-22,,,,,,,,,,,,,,
1169,8,115,2025-04-16,2025-04-20,2025-04-19,31,Delayed,Accusamus Product,Clothing,1194.04,7,Hans-Bir,Siliguri,2.43,4.68,115,Chennai Warehouse,832,2026-06-27,592.0,Supplier Delay,Medium,Excepturi ea distinctio deleniti temporibus corrupti laborum.,2026-01-21,592.0,Increase Safety Stock,Implemented,2025-11-21,592.0,Failed,11.0,2311.66,Shipment rerouted
1170,7,92,2025-02-03,2025-02-11,2025-02-11,169,In Transit,Architecto Product,Furniture,4826.14,10,Wali PLC,Khandwa,2.76,4.43,92,Mumbai Warehouse,215,2026-07-07,,,,,,,,,,,,,,
1171,9,30,2025-12-19,2025-12-21,2025-12-22,127,Delayed,Voluptatem Product,Medical,3709.02,5,"Loyal, Varma and Tripathi",Firozabad,9.75,4.64,30,Chennai Warehouse,472,2026-06-30,,,,,,,,,,,,,,
1172,3,61,2025-10-06,2025-10-16,2025-10-20,491,In Transit,Eveniet Product,Furniture,3258.29,8,"Balan, Virk and Mangal",Bangalore,3.73,4.49,61,Mumbai Warehouse,725,2026-06-20,196.0,Supplier Delay,High,Provident dolorum minima optio fugiat temporibus.,2025-10-31,196.0,Increase Safety Stock,Rejected,2025-08-04,196.0,Failed,10.0,-3196.81,Supplier changed
1173,11,86,2026-04-11,2026-04-15,2026-04-14,162,Cancelled,Aliquam Product,Electronics,2475.27,3,Banerjee Group,Alappuzha,8.52,4.3,86,Mumbai Warehouse,687,2026-06-23,,,,,,,,,,,,,,
1174,4,25,2025-06-21,2025-06-26,2025-06-25,256,Delivered,Vel Product,Automotive,3265.92,1,Rajagopal-Jayaraman,Jalna,1.0,3.51,25,Bangalore Warehouse,437,2026-07-06,,,,,,,,,,,,,,
1175,18,97,2026-04-19,2026-04-22,2026-04-23,51,Delivered,Id Product,Electronics,4003.94,12,Raju and Sons,Etawah,3.81,4.27,97,Bangalore Warehouse,353,2026-07-08,,,,,,,,,,,,,,
1176,1,123,2024-12-26,2025-01-04,2025-01-03,375,Cancelled,Amet Product,Electronics,2966.03,9,"Balasubramanian, Gara and Memon",Nadiad,5.69,4.88,123,Chennai Warehouse,249,2026-06-23,,,,,,,,,,,,,,
1177,17,103,2026-01-09,2026-01-13,2026-01-17,346,In Transit,Sunt Product,Furniture,3330.94,12,"Sule, Jaggi and Char",Pallavaram,6.39,3.52,103,Chennai Warehouse,485,2026-07-13,,,,,,,,,,,,,,
1178,1,46,2025-07-01,2025-07-11,2025-07-12,40,Cancelled,Impedit Product,Electronics,1574.36,7,"Balasubramanian, Gara and Memon",Nadiad,5.69,4.88,46,Chennai Warehouse,372,2026-06-23,,,,,,,,,,,,,,
1179,2,33,2025-06-12,2025-06-16,2025-06-15,280,Delayed,Facere Product,Medical,1997.29,4,Gour Ltd,Bhilwara,8.05,3.83,33,Delhi Warehouse,549,2026-07-12,,,,,,,,,,,,,,
1180,18,146,2025-08-23,2025-09-01,2025-09-03,266,Delayed,Minus Product,Furniture,4540.31,18,Raju and Sons,Etawah,3.81,4.27,146,Delhi Warehouse,858,2026-06-21,208.0,Transport Strike,High,Culpa a debitis at commodi reprehenderit.,2025-11-03,208.0,Change Transport Route,Approved,2026-02-05,208.0,Resolved,8.0,9693.15,Issue resolved successfully
1181,18,123,2025-04-19,2025-04-28,2025-04-29,90,In Transit,Amet Product,Electronics,2966.03,9,Raju and Sons,Etawah,3.81,4.27,123,Chennai Warehouse,249,2026-06-23,,,,,,,,,,,,,,
1182,18,118,2025-11-09,2025-11-19,2025-11-23,93,Cancelled,Harum Product,Automotive,2602.93,16,Raju and Sons,Etawah,3.81,4.27,118,Bangalore Warehouse,482,2026-06-18,,,,,,,,,,,,,,
1183,6,113,2025-04-05,2025-04-13,2025-04-15,84,Delivered,Placeat Product,Groceries,4202.62,15,Bhavsar-Sampath,Bangalore,2.52,3.72,113,Mumbai Warehouse,228,2026-07-12,,,,,,,,,,,,,,
1184,6,92,2025-01-18,2025-01-28,2025-02-02,500,In Transit,Architecto Product,Furniture,4826.14,10,Bhavsar-Sampath,Bangalore,2.52,3.72,92,Mumbai Warehouse,215,2026-07-07,,,,,,,,,,,,,,
1185,7,81,2025-01-08,2025-01-13,2025-01-17,112,Delayed,Voluptatibus Product,Automotive,1958.75,1,Wali PLC,Khandwa,2.76,4.43,81,Chennai Warehouse,875,2026-06-17,,,,,,,,,,,,,,
1186,1,143,2025-12-18,2025-12-24,2025-12-22,214,In Transit,Exercitationem Product,Furniture,2333.4,6,"Balasubramanian, Gara and Memon",Nadiad,5.69,4.88,143,Hyderabad Warehouse,191,2026-07-12,,,,,,,,,,,,,,
1187,11,62,2025-12-29,2026-01-08,2026-01-08,424,Delivered,Officiis Product,Medical,3477.18,12,Banerjee Group,Alappuzha,8.52,4.3,62,Chennai Warehouse,668,2026-07-05,,,,,,,,,,,,,,
1188,14,131,2024-08-16,2024-08-23,2024-08-24,50,Delivered,Nesciunt Product,Furniture,3585.42,1,"Bahri, Dugar and Ratti",Kottayam,8.09,4.85,131,Hyderabad Warehouse,157,2026-06-24,,,,,,,,,,,,,,
1189,1,132,2025-03-04,2025-03-10,2025-03-13,253,Delivered,Quisquam Product,Groceries,1498.72,7,"Balasubramanian, Gara and Memon",Nadiad,5.69,4.88,132,Mumbai Warehouse,860,2026-07-05,,,,,,,,,,,,,,
1190,5,92,2026-01-16,2026-01-25,2026-01-30,446,Delayed,Architecto Product,Furniture,4826.14,10,Chander-Sibal,Kochi,6.81,4.37,92,Mumbai Warehouse,215,2026-07-07,,,,,,,,,,,,,,
1191,19,45,2025-07-21,2025-07-24,2025-07-25,208,Delayed,Nobis Product,Medical,164.54,6,"Nagar, Hari and Chada",Munger,9.42,4.61,45,Bangalore Warehouse,567,2026-07-04,,,,,,,,,,,,,,
1192,4,139,2025-02-22,2025-03-03,2025-03-07,421,In Transit,Vero Product,Furniture,4054.68,9,Rajagopal-Jayaraman,Jalna,1.0,3.51,139,Mumbai Warehouse,185,2026-07-15,,,,,,,,,,,,,,
1193,12,71,2024-08-17,2024-08-22,2024-08-23,97,In Transit,Aperiam Product,Clothing,4446.27,15,Thakur and Sons,Kanpur,5.83,3.5,71,Delhi Warehouse,179,2026-07-05,,,,,,,,,,,,,,
1194,6,130,2026-06-24,2026-07-03,2026-07-03,311,Cancelled,Rerum Product,Clothing,379.31,9,Bhavsar-Sampath,Bangalore,2.52,3.72,130,Bangalore Warehouse,702,2026-06-28,,,,,,,,,,,,,,
1195,2,14,2026-03-21,2026-03-29,2026-03-28,26,Cancelled,Nulla Product,Electronics,1235.72,15,Gour Ltd,Bhilwara,8.05,3.83,14,Hyderabad Warehouse,453,2026-07-12,,,,,,,,,,,,,,
1196,2,81,2025-09-21,2025-09-24,2025-09-25,169,Delivered,Voluptatibus Product,Automotive,1958.75,1,Gour Ltd,Bhilwara,8.05,3.83,81,Chennai Warehouse,875,2026-06-17,,,,,,,,,,,,,,
1197,3,110,2025-03-27,2025-04-03,2025-04-06,117,Delivered,Assumenda Product,Furniture,4904.71,9,"Balan, Virk and Mangal",Bangalore,3.73,4.49,110,Chennai Warehouse,817,2026-06-23,,,,,,,,,,,,,,
1198,15,47,2026-02-17,2026-02-27,2026-03-01,319,In Transit,Impedit Product,Clothing,4282.54,1,Sastry and Sons,Haldia,5.45,4.34,47,Chennai Warehouse,913,2026-06-30,,,,,,,,,,,,,,
1199,19,40,2026-02-26,2026-03-03,2026-03-04,144,Delivered,Nemo Product,Groceries,2824.16,10,"Nagar, Hari and Chada",Munger,9.42,4.61,40,Hyderabad Warehouse,554,2026-06-27,,,,,,,,,,,,,,
1200,15,106,2024-12-23,2024-12-31,2025-01-02,499,In Transit,Officiis Product,Clothing,3586.71,17,Sastry and Sons,Haldia,5.45,4.34,106,Delhi Warehouse,595,2026-06-23,55.0,Weather,Medium,Rem eligendi laboriosam iusto animi cumque repellat.,2026-01-20,55.0,Increase Safety Stock,Approved,2025-09-21,55.0,Resolved,9.0,11109.17,Supplier changed
1201,18,6,2025-02-02,2025-02-11,2025-02-13,268,Cancelled,Reiciendis Product,Furniture,3938.69,18,Raju and Sons,Etawah,3.81,4.27,6,Bangalore Warehouse,894,2026-06-26,,,,,,,,,,,,,,
1202,18,117,2025-06-12,2025-06-20,2025-06-20,116,Delayed,Quisquam Product,Medical,1461.86,8,Raju and Sons,Etawah,3.81,4.27,117,Hyderabad Warehouse,793,2026-06-16,,,,,,,,,,,,,,
1203,3,17,2025-05-16,2025-05-22,2025-05-23,473,Delivered,Veniam Product,Clothing,2682.42,6,"Balan, Virk and Mangal",Bangalore,3.73,4.49,17,Bangalore Warehouse,243,2026-07-06,,,,,,,,,,,,,,
1204,12,83,2025-10-26,2025-10-28,2025-10-28,418,Delayed,Deserunt Product,Automotive,990.39,6,Thakur and Sons,Kanpur,5.83,3.5,83,Delhi Warehouse,294,2026-07-15,,,,,,,,,,,,,,
1205,15,116,2025-09-23,2025-09-25,2025-09-24,381,Cancelled,Architecto Product,Groceries,763.04,10,Sastry and Sons,Haldia,5.45,4.34,116,Bangalore Warehouse,102,2026-07-04,,,,,,,,,,,,,,
1206,17,83,2024-09-27,2024-10-04,2024-10-06,166,Delayed,Deserunt Product,Automotive,990.39,6,"Sule, Jaggi and Char",Pallavaram,6.39,3.52,83,Delhi Warehouse,294,2026-07-15,,,,,,,,,,,,,,
1207,19,93,2025-03-09,2025-03-12,2025-03-13,143,Cancelled,Nemo Product,Automotive,3838.07,10,"Nagar, Hari and Chada",Munger,9.42,4.61,93,Mumbai Warehouse,413,2026-06-19,,,,,,,,,,,,,,
1208,1,146,2025-11-24,2025-12-02,2025-12-05,487,Delivered,Minus Product,Furniture,4540.31,18,"Balasubramanian, Gara and Memon",Nadiad,5.69,4.88,146,Delhi Warehouse,858,2026-06-21,304.0,Supplier Delay,Medium,Nostrum eius ab vitae necessitatibus hic.,2026-01-27,304.0,Expedite Shipment,Rejected,2025-11-27,304.0,Partially Resolved,0.0,6570.6,Shipment rerouted
1208,1,146,2025-11-24,2025-12-02,2025-12-05,487,Delivered,Minus Product,Furniture,4540.31,18,"Balasubramanian, Gara and Memon",Nadiad,5.69,4.88,146,Delhi Warehouse,858,2026-06-21,350.0,Machine Failure,Low,Dolor sequi incidunt quasi.,2025-10-25,350.0,Increase Safety Stock,Rejected,2025-12-02,350.0,Failed,14.0,-3685.94,Issue resolved successfully
1209,8,45,2026-04-14,2026-04-23,2026-04-22,49,Cancelled,Nobis Product,Medical,164.54,6,Hans-Bir,Siliguri,2.43,4.68,45,Bangalore Warehouse,567,2026-07-04,113.0,Supplier Delay,High,Vero dicta veritatis autem.,2025-09-09,113.0,Change Transport Route,Approved,2025-10-02,113.0,Pending,5.0,1575.05,Issue resolved successfully
1210,20,53,2025-11-28,2025-12-03,2025-12-02,323,Delivered,Ea Product,Clothing,3005.08,10,Chakraborty-Sengupta,Malda,5.0,3.56,53,Delhi Warehouse,480,2026-06-28,33.0,Supplier Delay,High,Necessitatibus blanditiis rem optio animi quae amet quae.,2025-10-01,33.0,Increase Safety Stock,Approved,2026-04-27,33.0,Partially Resolved,15.0,13578.93,Issue resolved successfully
1211,5,59,2024-11-06,2024-11-13,2024-11-17,78,Delivered,Omnis Product,Electronics,2194.29,10,Chander-Sibal,Kochi,6.81,4.37,59,Chennai Warehouse,265,2026-07-01,,,,,,,,,,,,,,
1212,10,72,2025-07-20,2025-07-22,2025-07-27,139,Delayed,Fuga Product,Groceries,160.42,9,"Mitter, Srinivasan and Dixit",Shimoga,1.81,3.9,72,Chennai Warehouse,359,2026-07-11,303.0,Machine Failure,Medium,Minima ipsam porro illum ad.,2026-01-26,303.0,Expedite Shipment,Pending,2025-12-01,303.0,Resolved,11.0,7929.16,Cost increased
1213,5,78,2025-06-03,2025-06-05,2025-06-05,154,Cancelled,Quam Product,Clothing,1593.13,4,Chander-Sibal,Kochi,6.81,4.37,78,Hyderabad Warehouse,637,2026-07-09,,,,,,,,,,,,,,
1214,7,146,2024-10-20,2024-10-29,2024-11-03,350,Delivered,Minus Product,Furniture,4540.31,18,Wali PLC,Khandwa,2.76,4.43,146,Delhi Warehouse,858,2026-06-21,,,,,,,,,,,,,,
1215,11,24,2025-11-14,2025-11-21,2025-11-26,375,Delivered,Dolorem Product,Medical,3211.29,13,Banerjee Group,Alappuzha,8.52,4.3,24,Bangalore Warehouse,374,2026-06-27,487.0,Machine Failure,Medium,Laborum in rem beatae accusantium architecto distinctio.,2025-10-14,487.0,Switch Supplier,Approved,2026-01-31,487.0,Pending,9.0,-3270.18,Issue resolved successfully
1216,13,90,2025-04-03,2025-04-10,2025-04-10,42,Delivered,Quo Product,Electronics,4661.14,19,"Borah, Gill and Varma",Dehri,6.15,3.78,90,Delhi Warehouse,466,2026-06-28,,,,,,,,,,,,,,
1217,1,139,2026-06-29,2026-07-03,2026-07-08,214,Delayed,Vero Product,Furniture,4054.68,9,"Balasubramanian, Gara and Memon",Nadiad,5.69,4.88,139,Mumbai Warehouse,185,2026-07-15,,,,,,,,,,,,,,
1218,4,103,2025-11-20,2025-11-29,2025-11-27,367,Delayed,Sunt Product,Furniture,3330.94,12,Rajagopal-Jayaraman,Jalna,1.0,3.51,103,Chennai Warehouse,485,2026-07-13,,,,,,,,,,,,,,
1219,8,15,2025-11-07,2025-11-12,2025-11-16,389,Delayed,Dolore Product,Automotive,1024.49,5,Hans-Bir,Siliguri,2.43,4.68,15,Chennai Warehouse,343,2026-07-02,,,,,,,,,,,,,,
1220,9,15,2026-03-15,2026-03-19,2026-03-17,119,Delivered,Dolore Product,Automotive,1024.49,5,"Loyal, Varma and Tripathi",Firozabad,9.75,4.64,15,Chennai Warehouse,343,2026-07-02,,,,,,,,,,,,,,
1221,3,112,2025-07-16,2025-07-25,2025-07-26,215,Cancelled,Modi Product,Electronics,2985.26,19,"Balan, Virk and Mangal",Bangalore,3.73,4.49,112,Bangalore Warehouse,212,2026-06-25,,,,,,,,,,,,,,
1222,10,126,2026-01-26,2026-02-03,2026-02-04,329,In Transit,Nemo Product,Groceries,3018.63,8,"Mitter, Srinivasan and Dixit",Shimoga,1.81,3.9,126,Chennai Warehouse,306,2026-07-05,,,,,,,,,,,,,,
1223,1,37,2025-07-27,2025-07-31,2025-07-31,63,Delivered,Earum Product,Groceries,442.22,11,"Balasubramanian, Gara and Memon",Nadiad,5.69,4.88,37,Mumbai Warehouse,198,2026-06-16,,,,,,,,,,,,,,
1224,6,58,2024-12-28,2025-01-06,2025-01-07,51,In Transit,Tempore Product,Groceries,4870.19,6,Bhavsar-Sampath,Bangalore,2.52,3.72,58,Bangalore Warehouse,328,2026-07-11,,,,,,,,,,,,,,
1225,8,115,2025-08-24,2025-08-26,2025-08-27,484,Cancelled,Accusamus Product,Clothing,1194.04,7,Hans-Bir,Siliguri,2.43,4.68,115,Chennai Warehouse,832,2026-06-27,,,,,,,,,,,,,,
1226,5,15,2024-12-26,2024-12-28,2024-12-28,379,In Transit,Dolore Product,Automotive,1024.49,5,Chander-Sibal,Kochi,6.81,4.37,15,Chennai Warehouse,343,2026-07-02,,,,,,,,,,,,,,
1227,8,146,2026-06-19,2026-06-26,2026-06-27,352,Cancelled,Minus Product,Furniture,4540.31,18,Hans-Bir,Siliguri,2.43,4.68,146,Delhi Warehouse,858,2026-06-21,,,,,,,,,,,,,,
1228,5,7,2025-01-20,2025-01-30,2025-02-01,342,Delayed,Expedita Product,Furniture,1401.54,17,Chander-Sibal,Kochi,6.81,4.37,7,Delhi Warehouse,512,2026-06-28,267.0,Traffic,Low,A incidunt debitis unde.,2025-07-20,267.0,Expedite Shipment,Implemented,2026-01-07,267.0,Resolved,4.0,-2866.51,Shipment rerouted
1229,14,137,2026-02-03,2026-02-13,2026-02-14,366,Delayed,Aliquid Product,Medical,3630.8,13,"Bahri, Dugar and Ratti",Kottayam,8.09,4.85,137,Delhi Warehouse,82,2026-07-03,,,,,,,,,,,,,,
1230,15,123,2025-12-08,2025-12-12,2025-12-10,452,Delayed,Amet Product,Electronics,2966.03,9,Sastry and Sons,Haldia,5.45,4.34,123,Chennai Warehouse,249,2026-06-23,48.0,Transport Strike,High,Odio ex quia molestias quae numquam.,2025-08-24,48.0,Change Transport Route,Pending,2026-02-06,48.0,Partially Resolved,1.0,-1095.14,Minor delay occurred
1231,6,73,2025-10-07,2025-10-16,2025-10-20,44,Delivered,Debitis Product,Furniture,1718.5,11,Bhavsar-Sampath,Bangalore,2.52,3.72,73,Mumbai Warehouse,263,2026-07-09,,,,,,,,,,,,,,
1232,11,30,2024-10-14,2024-10-23,2024-10-26,161,Cancelled,Voluptatem Product,Medical,3709.02,5,Banerjee Group,Alappuzha,8.52,4.3,30,Chennai Warehouse,472,2026-06-30,,,,,,,,,,,,,,
1233,15,19,2025-08-01,2025-08-04,2025-08-05,23,In Transit,Officia Product,Electronics,667.17,9,Sastry and Sons,Haldia,5.45,4.34,19,Bangalore Warehouse,273,2026-06-24,,,,,,,,,,,,,,
1234,5,103,2024-08-28,2024-09-02,2024-09-05,170,In Transit,Sunt Product,Furniture,3330.94,12,Chander-Sibal,Kochi,6.81,4.37,103,Chennai Warehouse,485,2026-07-13,,,,,,,,,,,,,,
1235,14,26,2024-12-22,2025-01-01,2025-01-06,263,Delivered,Ducimus Product,Medical,488.37,16,"Bahri, Dugar and Ratti",Kottayam,8.09,4.85,26,Mumbai Warehouse,280,2026-07-04,,,,,,,,,,,,,,
1236,7,126,2026-03-31,2026-04-06,2026-04-04,12,Delayed,Nemo Product,Groceries,3018.63,8,Wali PLC,Khandwa,2.76,4.43,126,Chennai Warehouse,306,2026-07-05,,,,,,,,,,,,,,
1237,17,107,2024-08-14,2024-08-19,2024-08-18,43,In Transit,Repudiandae Product,Automotive,609.59,11,"Sule, Jaggi and Char",Pallavaram,6.39,3.52,107,Delhi Warehouse,711,2026-07-01,,,,,,,,,,,,,,
1238,5,112,2026-06-13,2026-06-16,2026-06-20,240,Delivered,Modi Product,Electronics,2985.26,19,Chander-Sibal,Kochi,6.81,4.37,112,Bangalore Warehouse,212,2026-06-25,,,,,,,,,,,,,,
1239,19,71,2024-10-03,2024-10-06,2024-10-06,307,Cancelled,Aperiam Product,Clothing,4446.27,15,"Nagar, Hari and Chada",Munger,9.42,4.61,71,Delhi Warehouse,179,2026-07-05,,,,,,,,,,,,,,
1240,5,90,2024-11-20,2024-11-24,2024-11-24,239,Delivered,Quo Product,Electronics,4661.14,19,Chander-Sibal,Kochi,6.81,4.37,90,Delhi Warehouse,466,2026-06-28,,,,,,,,,,,,,,
1241,20,93,2025-06-11,2025-06-21,2025-06-21,387,Delivered,Nemo Product,Automotive,3838.07,10,Chakraborty-Sengupta,Malda,5.0,3.56,93,Mumbai Warehouse,413,2026-06-19,174.0,Supplier Delay,High,Eius illum quibusdam quibusdam.,2026-04-20,174.0,Expedite Shipment,Implemented,2026-01-15,174.0,Failed,3.0,5214.68,Cost increased
1242,20,66,2025-12-29,2026-01-06,2026-01-04,389,Delayed,Quas Product,Groceries,4225.31,19,Chakraborty-Sengupta,Malda,5.0,3.56,66,Bangalore Warehouse,853,2026-06-19,458.0,Weather,High,Molestias nihil molestias sapiente.,2025-10-03,458.0,Expedite Shipment,Approved,2026-02-06,458.0,Resolved,7.0,-2729.0,Supplier changed
1243,19,126,2024-10-02,2024-10-08,2024-10-11,260,Delivered,Nemo Product,Groceries,3018.63,8,"Nagar, Hari and Chada",Munger,9.42,4.61,126,Chennai Warehouse,306,2026-07-05,274.0,Weather,Low,Officia harum eum.,2026-04-12,274.0,Switch Supplier,Rejected,2025-10-18,274.0,Pending,12.0,769.59,Issue resolved successfully
1244,6,76,2025-09-08,2025-09-12,2025-09-16,322,Delayed,Sunt Product,Electronics,2690.2,2,Bhavsar-Sampath,Bangalore,2.52,3.72,76,Delhi Warehouse,630,2026-06-16,,,,,,,,,,,,,,
1245,11,133,2025-11-16,2025-11-24,2025-11-23,301,In Transit,Doloremque Product,Groceries,552.4,17,Banerjee Group,Alappuzha,8.52,4.3,133,Hyderabad Warehouse,760,2026-06-27,,,,,,,,,,,,,,
1246,19,57,2025-04-16,2025-04-18,2025-04-18,279,In Transit,Distinctio Product,Automotive,863.84,19,"Nagar, Hari and Chada",Munger,9.42,4.61,57,Hyderabad Warehouse,848,2026-06-28,,,,,,,,,,,,,,
1247,20,23,2025-11-26,2025-11-30,2025-12-02,110,Cancelled,Quibusdam Product,Furniture,2588.22,10,Chakraborty-Sengupta,Malda,5.0,3.56,23,Delhi Warehouse,912,2026-06-19,,,,,,,,,,,,,,
1248,20,26,2024-10-30,2024-11-08,2024-11-11,401,Delivered,Ducimus Product,Medical,488.37,16,Chakraborty-Sengupta,Malda,5.0,3.56,26,Mumbai Warehouse,280,2026-07-04,,,,,,,,,,,,,,
1249,19,3,2026-07-11,2026-07-15,2026-07-20,285,Delivered,Iure Product,Medical,1939.35,19,"Nagar, Hari and Chada",Munger,9.42,4.61,3,Mumbai Warehouse,584,2026-07-06,,,,,,,,,,,,,,
1250,15,48,2025-02-20,2025-02-24,2025-02-27,231,Delivered,Neque Product,Medical,518.28,5,Sastry and Sons,Haldia,5.45,4.34,48,Delhi Warehouse,626,2026-06-27,161.0,Transport Strike,Medium,Debitis neque est quisquam optio fugiat.,2025-09-20,161.0,Expedite Shipment,Pending,2026-04-13,161.0,Resolved,13.0,5472.92,Supplier changed
1251,16,33,2025-03-09,2025-03-12,2025-03-12,69,Delayed,Facere Product,Medical,1997.29,4,Handa-Manda,Vijayanagaram,8.66,4.77,33,Delhi Warehouse,549,2026-07-12,,,,,,,,,,,,,,
1252,12,68,2025-11-07,2025-11-16,2025-11-20,410,Delivered,Delectus Product,Clothing,4916.43,20,Thakur and Sons,Kanpur,5.83,3.5,68,Chennai Warehouse,660,2026-06-18,,,,,,,,,,,,,,
1253,9,129,2024-12-06,2024-12-11,2024-12-14,138,Delayed,Repellat Product,Clothing,772.83,16,"Loyal, Varma and Tripathi",Firozabad,9.75,4.64,129,Bangalore Warehouse,81,2026-07-01,,,,,,,,,,,,,,
1254,7,10,2025-07-04,2025-07-09,2025-07-12,260,Cancelled,Ratione Product,Medical,834.09,9,Wali PLC,Khandwa,2.76,4.43,10,Hyderabad Warehouse,815,2026-07-09,,,,,,,,,,,,,,
1255,17,17,2025-07-10,2025-07-14,2025-07-12,272,Delayed,Veniam Product,Clothing,2682.42,6,"Sule, Jaggi and Char",Pallavaram,6.39,3.52,17,Bangalore Warehouse,243,2026-07-06,,,,,,,,,,,,,,
1256,6,82,2024-08-22,2024-08-31,2024-08-31,77,Delivered,Unde Product,Electronics,3347.22,1,Bhavsar-Sampath,Bangalore,2.52,3.72,82,Hyderabad Warehouse,481,2026-07-04,108.0,Supplier Delay,High,Enim dolor impedit adipisci.,2026-05-29,108.0,Change Transport Route,Rejected,2026-05-09,108.0,Pending,11.0,815.06,Supplier changed
1257,5,8,2024-11-15,2024-11-24,2024-11-27,227,In Transit,Voluptatem Product,Furniture,3535.61,12,Chander-Sibal,Kochi,6.81,4.37,8,Chennai Warehouse,686,2026-07-07,,,,,,,,,,,,,,
1258,20,75,2026-06-30,2026-07-02,2026-07-06,108,Cancelled,Recusandae Product,Automotive,4884.77,14,Chakraborty-Sengupta,Malda,5.0,3.56,75,Chennai Warehouse,450,2026-07-07,346.0,Transport Strike,High,Odit autem enim distinctio culpa similique.,2025-08-23,346.0,Change Transport Route,Rejected,2026-03-07,346.0,Pending,6.0,3194.37,Cost increased
1259,16,31,2025-06-26,2025-07-04,2025-07-08,407,Cancelled,Non Product,Groceries,4067.09,17,Handa-Manda,Vijayanagaram,8.66,4.77,31,Mumbai Warehouse,995,2026-06-28,,,,,,,,,,,,,,
1260,5,82,2024-08-30,2024-09-08,2024-09-13,37,In Transit,Unde Product,Electronics,3347.22,1,Chander-Sibal,Kochi,6.81,4.37,82,Hyderabad Warehouse,481,2026-07-04,,,,,,,,,,,,,,
1261,9,74,2026-05-02,2026-05-08,2026-05-09,475,Delivered,Cum Product,Clothing,3762.37,5,"Loyal, Varma and Tripathi",Firozabad,9.75,4.64,74,Hyderabad Warehouse,592,2026-06-21,,,,,,,,,,,,,,
1262,2,104,2024-12-26,2025-01-04,2025-01-04,382,Delayed,Laboriosam Product,Clothing,2160.36,3,Gour Ltd,Bhilwara,8.05,3.83,104,Delhi Warehouse,338,2026-06-24,,,,,,,,,,,,,,
1263,15,51,2024-12-11,2024-12-18,2024-12-17,250,Delayed,Corrupti Product,Medical,1864.29,15,Sastry and Sons,Haldia,5.45,4.34,51,Chennai Warehouse,926,2026-07-02,,,,,,,,,,,,,,
1264,5,42,2025-07-08,2025-07-15,2025-07-16,262,In Transit,Exercitationem Product,Medical,980.26,5,Chander-Sibal,Kochi,6.81,4.37,42,Bangalore Warehouse,493,2026-07-01,328.0,Traffic,Medium,Aliquid quibusdam laudantium et.,2025-12-16,328.0,Switch Supplier,Pending,2025-12-17,328.0,Failed,9.0,8853.79,Supplier changed
1265,7,142,2026-06-02,2026-06-06,2026-06-07,484,Cancelled,Dolorum Product,Groceries,1310.64,7,Wali PLC,Khandwa,2.76,4.43,142,Mumbai Warehouse,982,2026-07-09,,,,,,,,,,,,,,
1266,13,149,2026-05-09,2026-05-18,2026-05-23,152,Delivered,Asperiores Product,Groceries,2199.52,9,"Borah, Gill and Varma",Dehri,6.15,3.78,149,Chennai Warehouse,331,2026-07-13,,,,,,,,,,,,,,
1267,13,61,2026-05-12,2026-05-18,2026-05-16,380,Delayed,Eveniet Product,Furniture,3258.29,8,"Borah, Gill and Varma",Dehri,6.15,3.78,61,Mumbai Warehouse,725,2026-06-20,,,,,,,,,,,,,,
1268,15,17,2026-02-26,2026-03-08,2026-03-10,261,Delivered,Veniam Product,Clothing,2682.42,6,Sastry and Sons,Haldia,5.45,4.34,17,Bangalore Warehouse,243,2026-07-06,,,,,,,,,,,,,,
1269,5,64,2025-02-08,2025-02-12,2025-02-12,264,In Transit,Officia Product,Automotive,1852.17,1,Chander-Sibal,Kochi,6.81,4.37,64,Hyderabad Warehouse,751,2026-06-19,,,,,,,,,,,,,,
1270,10,44,2024-07-19,2024-07-27,2024-07-28,195,Cancelled,Voluptatum Product,Groceries,3216.56,15,"Mitter, Srinivasan and Dixit",Shimoga,1.81,3.9,44,Chennai Warehouse,740,2026-07-04,,,,,,,,,,,,,,
1271,20,129,2025-08-17,2025-08-27,2025-08-29,187,Delayed,Repellat Product,Clothing,772.83,16,Chakraborty-Sengupta,Malda,5.0,3.56,129,Bangalore Warehouse,81,2026-07-01,,,,,,,,,,,,,,
1272,7,139,2025-10-20,2025-10-25,2025-10-26,460,Delivered,Vero Product,Furniture,4054.68,9,Wali PLC,Khandwa,2.76,4.43,139,Mumbai Warehouse,185,2026-07-15,,,,,,,,,,,,,,
1273,19,130,2024-11-29,2024-12-07,2024-12-11,373,In Transit,Rerum Product,Clothing,379.31,9,"Nagar, Hari and Chada",Munger,9.42,4.61,130,Bangalore Warehouse,702,2026-06-28,,,,,,,,,,,,,,
1274,7,28,2026-07-04,2026-07-12,2026-07-16,230,Delayed,Quidem Product,Groceries,4168.94,2,Wali PLC,Khandwa,2.76,4.43,28,Hyderabad Warehouse,118,2026-06-24,,,,,,,,,,,,,,
1275,7,34,2026-01-31,2026-02-04,2026-02-05,269,Cancelled,Consequatur Product,Automotive,4834.5,8,Wali PLC,Khandwa,2.76,4.43,34,Delhi Warehouse,280,2026-06-18,,,,,,,,,,,,,,
1276,13,71,2024-12-26,2025-01-01,2025-01-03,117,In Transit,Aperiam Product,Clothing,4446.27,15,"Borah, Gill and Varma",Dehri,6.15,3.78,71,Delhi Warehouse,179,2026-07-05,,,,,,,,,,,,,,
1277,16,15,2026-05-01,2026-05-07,2026-05-09,94,Delivered,Dolore Product,Automotive,1024.49,5,Handa-Manda,Vijayanagaram,8.66,4.77,15,Chennai Warehouse,343,2026-07-02,,,,,,,,,,,,,,
1278,11,144,2025-10-07,2025-10-14,2025-10-12,433,Delayed,Ipsam Product,Electronics,744.79,2,Banerjee Group,Alappuzha,8.52,4.3,144,Mumbai Warehouse,720,2026-06-29,,,,,,,,,,,,,,
1279,4,98,2024-10-28,2024-11-02,2024-11-02,162,Delayed,Quae Product,Clothing,2022.11,14,Rajagopal-Jayaraman,Jalna,1.0,3.51,98,Hyderabad Warehouse,832,2026-07-05,,,,,,,,,,,,,,
1280,13,21,2025-12-14,2025-12-16,2025-12-21,199,Delivered,Animi Product,Automotive,3616.57,8,"Borah, Gill and Varma",Dehri,6.15,3.78,21,Delhi Warehouse,666,2026-06-27,,,,,,,,,,,,,,
1281,10,29,2026-05-31,2026-06-02,2026-05-31,315,Delayed,Architecto Product,Furniture,4183.31,3,"Mitter, Srinivasan and Dixit",Shimoga,1.81,3.9,29,Chennai Warehouse,981,2026-06-27,261.0,Supplier Delay,High,Laborum animi quo ipsa impedit.,2026-04-28,261.0,Increase Safety Stock,Rejected,2025-12-25,261.0,Resolved,5.0,9270.27,Shipment rerouted
1282,5,24,2026-01-19,2026-01-22,2026-01-22,266,Delivered,Dolorem Product,Medical,3211.29,13,Chander-Sibal,Kochi,6.81,4.37,24,Bangalore Warehouse,374,2026-06-27,,,,,,,,,,,,,,
1283,14,43,2025-09-20,2025-09-28,2025-09-26,210,Delivered,Exercitationem Product,Furniture,2754.15,12,"Bahri, Dugar and Ratti",Kottayam,8.09,4.85,43,Delhi Warehouse,560,2026-06-21,,,,,,,,,,,,,,
1284,14,118,2024-12-30,2025-01-02,2025-01-01,443,Delayed,Harum Product,Automotive,2602.93,16,"Bahri, Dugar and Ratti",Kottayam,8.09,4.85,118,Bangalore Warehouse,482,2026-06-18,36.0,Transport Strike,Low,Dicta dolor nulla iure vel corrupti dicta dolor.,2026-05-27,36.0,Change Transport Route,Implemented,2025-09-26,36.0,Pending,5.0,-221.32,Shipment rerouted
1284,14,118,2024-12-30,2025-01-02,2025-01-01,443,Delayed,Harum Product,Automotive,2602.93,16,"Bahri, Dugar and Ratti",Kottayam,8.09,4.85,118,Bangalore Warehouse,482,2026-06-18,123.0,Machine Failure,High,Corporis aut excepturi cupiditate saepe tempora.,2025-12-17,123.0,Switch Supplier,Pending,2025-08-08,123.0,Failed,3.0,-3259.63,Shipment rerouted
1285,14,123,2024-08-31,2024-09-04,2024-09-02,450,In Transit,Amet Product,Electronics,2966.03,9,"Bahri, Dugar and Ratti",Kottayam,8.09,4.85,123,Chennai Warehouse,249,2026-06-23,,,,,,,,,,,,,,
1286,13,22,2024-07-21,2024-07-26,2024-07-29,106,Cancelled,Amet Product,Furniture,1453.32,6,"Borah, Gill and Varma",Dehri,6.15,3.78,22,Delhi Warehouse,386,2026-07-10,,,,,,,,,,,,,,
1287,15,78,2024-08-16,2024-08-18,2024-08-19,10,Delivered,Quam Product,Clothing,1593.13,4,Sastry and Sons,Haldia,5.45,4.34,78,Hyderabad Warehouse,637,2026-07-09,,,,,,,,,,,,,,
1288,10,85,2024-12-20,2024-12-30,2024-12-29,239,Cancelled,Vero Product,Medical,287.27,20,"Mitter, Srinivasan and Dixit",Shimoga,1.81,3.9,85,Bangalore Warehouse,854,2026-06-21,,,,,,,,,,,,,,
1289,1,126,2026-05-31,2026-06-03,2026-06-06,115,Delivered,Nemo Product,Groceries,3018.63,8,"Balasubramanian, Gara and Memon",Nadiad,5.69,4.88,126,Chennai Warehouse,306,2026-07-05,221.0,Machine Failure,High,Voluptate hic a sequi alias.,2026-05-13,221.0,Switch Supplier,Approved,2025-09-23,221.0,Resolved,5.0,3866.41,Issue resolved successfully
1290,13,6,2024-12-20,2024-12-24,2024-12-22,158,In Transit,Reiciendis Product,Furniture,3938.69,18,"Borah, Gill and Varma",Dehri,6.15,3.78,6,Bangalore Warehouse,894,2026-06-26,,,,,,,,,,,,,,
1291,9,139,2026-04-18,2026-04-25,2026-04-27,86,In Transit,Vero Product,Furniture,4054.68,9,"Loyal, Varma and Tripathi",Firozabad,9.75,4.64,139,Mumbai Warehouse,185,2026-07-15,,,,,,,,,,,,,,
1292,15,106,2025-03-22,2025-03-31,2025-04-04,313,Cancelled,Officiis Product,Clothing,3586.71,17,Sastry and Sons,Haldia,5.45,4.34,106,Delhi Warehouse,595,2026-06-23,,,,,,,,,,,,,,
1293,10,116,2025-11-17,2025-11-20,2025-11-21,47,Cancelled,Architecto Product,Groceries,763.04,10,"Mitter, Srinivasan and Dixit",Shimoga,1.81,3.9,116,Bangalore Warehouse,102,2026-07-04,,,,,,,,,,,,,,
1294,4,9,2025-08-03,2025-08-13,2025-08-16,358,In Transit,Alias Product,Groceries,1305.18,16,Rajagopal-Jayaraman,Jalna,1.0,3.51,9,Mumbai Warehouse,917,2026-07-04,,,,,,,,,,,,,,
1295,16,32,2026-07-04,2026-07-14,2026-07-13,294,Delayed,Quis Product,Groceries,4929.24,1,Handa-Manda,Vijayanagaram,8.66,4.77,32,Mumbai Warehouse,715,2026-07-01,,,,,,,,,,,,,,
1296,17,108,2025-04-05,2025-04-12,2025-04-11,331,In Transit,Debitis Product,Automotive,3133.95,9,"Sule, Jaggi and Char",Pallavaram,6.39,3.52,108,Hyderabad Warehouse,767,2026-07-07,,,,,,,,,,,,,,
1297,12,35,2025-06-11,2025-06-13,2025-06-14,441,Cancelled,Dolores Product,Electronics,4034.14,20,Thakur and Sons,Kanpur,5.83,3.5,35,Chennai Warehouse,804,2026-07-11,,,,,,,,,,,,,,
1298,19,12,2024-11-25,2024-11-28,2024-11-27,141,Delivered,Fugit Product,Clothing,1357.85,15,"Nagar, Hari and Chada",Munger,9.42,4.61,12,Hyderabad Warehouse,878,2026-06-22,,,,,,,,,,,,,,
1299,5,64,2026-03-02,2026-03-05,2026-03-06,218,Delayed,Officia Product,Automotive,1852.17,1,Chander-Sibal,Kochi,6.81,4.37,64,Hyderabad Warehouse,751,2026-06-19,,,,,,,,,,,,,,
1300,10,10,2026-06-30,2026-07-09,2026-07-09,300,Delivered,Ratione Product,Medical,834.09,9,"Mitter, Srinivasan and Dixit",Shimoga,1.81,3.9,10,Hyderabad Warehouse,815,2026-07-09,,,,,,,,,,,,,,
1301,3,25,2024-07-24,2024-07-31,2024-08-05,254,Delivered,Vel Product,Automotive,3265.92,1,"Balan, Virk and Mangal",Bangalore,3.73,4.49,25,Bangalore Warehouse,437,2026-07-06,179.0,Machine Failure,High,Reprehenderit aliquid maiores eius.,2025-11-30,179.0,Increase Safety Stock,Rejected,2025-10-05,179.0,Partially Resolved,3.0,3377.43,Supplier changed
1301,3,25,2024-07-24,2024-07-31,2024-08-05,254,Delivered,Vel Product,Automotive,3265.92,1,"Balan, Virk and Mangal",Bangalore,3.73,4.49,25,Bangalore Warehouse,437,2026-07-06,387.0,Traffic,Medium,Quaerat aliquid fugit.,2025-08-15,387.0,Change Transport Route,Pending,2026-04-29,387.0,Resolved,4.0,281.81,Minor delay occurred
1302,7,34,2025-04-06,2025-04-15,2025-04-15,418,Cancelled,Consequatur Product,Automotive,4834.5,8,Wali PLC,Khandwa,2.76,4.43,34,Delhi Warehouse,280,2026-06-18,,,,,,,,,,,,,,
1303,20,41,2026-06-11,2026-06-19,2026-06-17,61,Delayed,Architecto Product,Furniture,1703.5,1,Chakraborty-Sengupta,Malda,5.0,3.56,41,Hyderabad Warehouse,681,2026-06-26,559.0,Transport Strike,Medium,Debitis ea aliquam at.,2026-02-04,559.0,Change Transport Route,Implemented,2025-11-16,559.0,Resolved,15.0,-2246.9,Shipment rerouted
1304,19,84,2025-05-28,2025-06-07,2025-06-08,369,In Transit,Ab Product,Clothing,1108.56,18,"Nagar, Hari and Chada",Munger,9.42,4.61,84,Bangalore Warehouse,80,2026-06-28,184.0,Weather,Medium,Voluptates laudantium beatae rerum.,2026-02-25,184.0,Expedite Shipment,Pending,2026-04-24,184.0,Partially Resolved,4.0,-3143.83,Cost increased
1305,3,17,2025-06-10,2025-06-18,2025-06-18,478,Delayed,Veniam Product,Clothing,2682.42,6,"Balan, Virk and Mangal",Bangalore,3.73,4.49,17,Bangalore Warehouse,243,2026-07-06,,,,,,,,,,,,,,
1306,7,21,2026-06-02,2026-06-11,2026-06-12,286,In Transit,Animi Product,Automotive,3616.57,8,Wali PLC,Khandwa,2.76,4.43,21,Delhi Warehouse,666,2026-06-27,,,,,,,,,,,,,,
1307,13,12,2025-04-17,2025-04-23,2025-04-24,471,Cancelled,Fugit Product,Clothing,1357.85,15,"Borah, Gill and Varma",Dehri,6.15,3.78,12,Hyderabad Warehouse,878,2026-06-22,,,,,,,,,,,,,,
1308,11,85,2025-04-16,2025-04-26,2025-04-26,212,Delivered,Vero Product,Medical,287.27,20,Banerjee Group,Alappuzha,8.52,4.3,85,Bangalore Warehouse,854,2026-06-21,,,,,,,,,,,,,,
1309,10,15,2025-08-02,2025-08-07,2025-08-09,482,Delivered,Dolore Product,Automotive,1024.49,5,"Mitter, Srinivasan and Dixit",Shimoga,1.81,3.9,15,Chennai Warehouse,343,2026-07-02,,,,,,,,,,,,,,
1310,14,22,2024-07-15,2024-07-19,2024-07-18,76,Delivered,Amet Product,Furniture,1453.32,6,"Bahri, Dugar and Ratti",Kottayam,8.09,4.85,22,Delhi Warehouse,386,2026-07-10,,,,,,,,,,,,,,
1311,7,18,2025-11-12,2025-11-15,2025-11-17,33,In Transit,Commodi Product,Electronics,2870.64,11,Wali PLC,Khandwa,2.76,4.43,18,Mumbai Warehouse,611,2026-06-21,,,,,,,,,,,,,,
1312,16,7,2025-12-23,2025-12-26,2025-12-30,307,In Transit,Expedita Product,Furniture,1401.54,17,Handa-Manda,Vijayanagaram,8.66,4.77,7,Delhi Warehouse,512,2026-06-28,,,,,,,,,,,,,,
1313,5,117,2025-07-07,2025-07-09,2025-07-12,303,Delivered,Quisquam Product,Medical,1461.86,8,Chander-Sibal,Kochi,6.81,4.37,117,Hyderabad Warehouse,793,2026-06-16,,,,,,,,,,,,,,
1314,19,145,2025-10-24,2025-10-29,2025-10-27,256,Cancelled,Provident Product,Groceries,3598.65,5,"Nagar, Hari and Chada",Munger,9.42,4.61,145,Bangalore Warehouse,739,2026-06-24,,,,,,,,,,,,,,
1315,11,82,2025-09-29,2025-10-04,2025-10-04,60,Cancelled,Unde Product,Electronics,3347.22,1,Banerjee Group,Alappuzha,8.52,4.3,82,Hyderabad Warehouse,481,2026-07-04,,,,,,,,,,,,,,
1316,9,79,2026-02-09,2026-02-12,2026-02-15,136,In Transit,Officiis Product,Automotive,3036.4,6,"Loyal, Varma and Tripathi",Firozabad,9.75,4.64,79,Bangalore Warehouse,898,2026-06-30,481.0,Port Congestion,Low,Error similique eligendi soluta.,2025-09-23,481.0,Change Transport Route,Rejected,2026-05-02,481.0,Partially Resolved,4.0,-1317.94,Issue resolved successfully
1317,11,31,2025-04-08,2025-04-18,2025-04-16,422,Cancelled,Non Product,Groceries,4067.09,17,Banerjee Group,Alappuzha,8.52,4.3,31,Mumbai Warehouse,995,2026-06-28,,,,,,,,,,,,,,
1318,9,77,2026-07-12,2026-07-15,2026-07-18,380,Delayed,Dolorum Product,Clothing,4786.13,4,"Loyal, Varma and Tripathi",Firozabad,9.75,4.64,77,Hyderabad Warehouse,307,2026-07-05,,,,,,,,,,,,,,
1319,2,149,2025-05-06,2025-05-08,2025-05-07,255,Cancelled,Asperiores Product,Groceries,2199.52,9,Gour Ltd,Bhilwara,8.05,3.83,149,Chennai Warehouse,331,2026-07-13,,,,,,,,,,,,,,
1320,7,39,2024-10-07,2024-10-15,2024-10-20,183,Cancelled,Amet Product,Automotive,1228.36,6,Wali PLC,Khandwa,2.76,4.43,39,Chennai Warehouse,720,2026-07-10,,,,,,,,,,,,,,
1321,9,26,2024-12-20,2024-12-29,2024-12-29,455,Delayed,Ducimus Product,Medical,488.37,16,"Loyal, Varma and Tripathi",Firozabad,9.75,4.64,26,Mumbai Warehouse,280,2026-07-04,,,,,,,,,,,,,,
1322,18,98,2026-06-13,2026-06-23,2026-06-28,260,Delayed,Quae Product,Clothing,2022.11,14,Raju and Sons,Etawah,3.81,4.27,98,Hyderabad Warehouse,832,2026-07-05,,,,,,,,,,,,,,
1323,10,126,2025-09-16,2025-09-19,2025-09-21,19,Delivered,Nemo Product,Groceries,3018.63,8,"Mitter, Srinivasan and Dixit",Shimoga,1.81,3.9,126,Chennai Warehouse,306,2026-07-05,,,,,,,,,,,,,,
1324,4,1,2026-01-01,2026-01-08,2026-01-06,74,In Transit,Sint Product,Clothing,2204.33,20,Rajagopal-Jayaraman,Jalna,1.0,3.51,1,Mumbai Warehouse,324,2026-07-01,,,,,,,,,,,,,,
1325,6,122,2024-07-19,2024-07-26,2024-07-29,390,Delayed,Expedita Product,Electronics,1957.13,8,Bhavsar-Sampath,Bangalore,2.52,3.72,122,Delhi Warehouse,394,2026-07-14,,,,,,,,,,,,,,
1326,1,15,2026-03-05,2026-03-07,2026-03-08,29,Cancelled,Dolore Product,Automotive,1024.49,5,"Balasubramanian, Gara and Memon",Nadiad,5.69,4.88,15,Chennai Warehouse,343,2026-07-02,52.0,Weather,Medium,Ratione quis ipsum facilis vero repellendus.,2025-12-12,52.0,Increase Safety Stock,Rejected,2025-08-28,52.0,Failed,8.0,9985.79,Issue resolved successfully
1326,1,15,2026-03-05,2026-03-07,2026-03-08,29,Cancelled,Dolore Product,Automotive,1024.49,5,"Balasubramanian, Gara and Memon",Nadiad,5.69,4.88,15,Chennai Warehouse,343,2026-07-02,308.0,Traffic,Low,Perspiciatis rem dicta sit beatae quisquam.,2026-05-28,308.0,Change Transport Route,Implemented,2025-08-13,308.0,Resolved,1.0,89.4,Issue resolved successfully
1327,9,145,2025-03-05,2025-03-14,2025-03-16,94,Delayed,Provident Product,Groceries,3598.65,5,"Loyal, Varma and Tripathi",Firozabad,9.75,4.64,145,Bangalore Warehouse,739,2026-06-24,,,,,,,,,,,,,,
1328,8,43,2026-06-15,2026-06-23,2026-06-24,307,In Transit,Exercitationem Product,Furniture,2754.15,12,Hans-Bir,Siliguri,2.43,4.68,43,Delhi Warehouse,560,2026-06-21,,,,,,,,,,,,,,
1329,12,10,2026-03-17,2026-03-24,2026-03-22,484,In Transit,Ratione Product,Medical,834.09,9,Thakur and Sons,Kanpur,5.83,3.5,10,Hyderabad Warehouse,815,2026-07-09,,,,,,,,,,,,,,
1330,12,75,2024-10-05,2024-10-10,2024-10-11,366,In Transit,Recusandae Product,Automotive,4884.77,14,Thakur and Sons,Kanpur,5.83,3.5,75,Chennai Warehouse,450,2026-07-07,,,,,,,,,,,,,,
1331,16,20,2024-08-10,2024-08-12,2024-08-15,441,Cancelled,Laborum Product,Electronics,563.85,5,Handa-Manda,Vijayanagaram,8.66,4.77,20,Bangalore Warehouse,426,2026-07-15,,,,,,,,,,,,,,
1332,9,108,2025-03-01,2025-03-03,2025-03-08,350,Cancelled,Debitis Product,Automotive,3133.95,9,"Loyal, Varma and Tripathi",Firozabad,9.75,4.64,108,Hyderabad Warehouse,767,2026-07-07,,,,,,,,,,,,,,
1333,5,51,2026-07-13,2026-07-18,2026-07-16,359,In Transit,Corrupti Product,Medical,1864.29,15,Chander-Sibal,Kochi,6.81,4.37,51,Chennai Warehouse,926,2026-07-02,128.0,Transport Strike,High,Adipisci animi facere distinctio.,2025-11-05,128.0,Increase Safety Stock,Approved,2026-03-01,128.0,Partially Resolved,12.0,12334.16,Shipment rerouted
1334,19,74,2026-07-14,2026-07-16,2026-07-14,29,In Transit,Cum Product,Clothing,3762.37,5,"Nagar, Hari and Chada",Munger,9.42,4.61,74,Hyderabad Warehouse,592,2026-06-21,,,,,,,,,,,,,,
1335,4,116,2025-01-18,2025-01-22,2025-01-23,462,Delivered,Architecto Product,Groceries,763.04,10,Rajagopal-Jayaraman,Jalna,1.0,3.51,116,Bangalore Warehouse,102,2026-07-04,,,,,,,,,,,,,,
1336,14,1,2024-11-01,2024-11-10,2024-11-10,209,Delivered,Sint Product,Clothing,2204.33,20,"Bahri, Dugar and Ratti",Kottayam,8.09,4.85,1,Mumbai Warehouse,324,2026-07-01,,,,,,,,,,,,,,
1337,7,70,2025-11-26,2025-12-06,2025-12-05,129,In Transit,Excepturi Product,Automotive,4641.9,16,Wali PLC,Khandwa,2.76,4.43,70,Bangalore Warehouse,802,2026-06-20,,,,,,,,,,,,,,
1338,7,99,2024-09-23,2024-10-01,2024-10-05,355,Delayed,Quia Product,Furniture,677.17,19,Wali PLC,Khandwa,2.76,4.43,99,Hyderabad Warehouse,72,2026-06-26,,,,,,,,,,,,,,
1339,18,115,2025-08-11,2025-08-20,2025-08-25,327,Cancelled,Accusamus Product,Clothing,1194.04,7,Raju and Sons,Etawah,3.81,4.27,115,Chennai Warehouse,832,2026-06-27,,,,,,,,,,,,,,
1340,5,97,2025-10-24,2025-10-29,2025-10-27,138,Cancelled,Id Product,Electronics,4003.94,12,Chander-Sibal,Kochi,6.81,4.37,97,Bangalore Warehouse,353,2026-07-08,,,,,,,,,,,,,,
1341,16,139,2025-12-05,2025-12-14,2025-12-15,287,Cancelled,Vero Product,Furniture,4054.68,9,Handa-Manda,Vijayanagaram,8.66,4.77,139,Mumbai Warehouse,185,2026-07-15,,,,,,,,,,,,,,
1342,14,1,2024-08-06,2024-08-11,2024-08-16,140,Delivered,Sint Product,Clothing,2204.33,20,"Bahri, Dugar and Ratti",Kottayam,8.09,4.85,1,Mumbai Warehouse,324,2026-07-01,,,,,,,,,,,,,,
1343,10,143,2026-03-23,2026-03-31,2026-03-29,495,Delivered,Exercitationem Product,Furniture,2333.4,6,"Mitter, Srinivasan and Dixit",Shimoga,1.81,3.9,143,Hyderabad Warehouse,191,2026-07-12,,,,,,,,,,,,,,
1344,15,62,2026-05-19,2026-05-26,2026-05-28,400,Delayed,Officiis Product,Medical,3477.18,12,Sastry and Sons,Haldia,5.45,4.34,62,Chennai Warehouse,668,2026-07-05,,,,,,,,,,,,,,
1345,1,38,2026-04-17,2026-04-24,2026-04-24,21,Delayed,Laborum Product,Groceries,3934.86,13,"Balasubramanian, Gara and Memon",Nadiad,5.69,4.88,38,Mumbai Warehouse,317,2026-07-03,,,,,,,,,,,,,,
1346,6,25,2026-06-11,2026-06-19,2026-06-19,203,Cancelled,Vel Product,Automotive,3265.92,1,Bhavsar-Sampath,Bangalore,2.52,3.72,25,Bangalore Warehouse,437,2026-07-06,,,,,,,,,,,,,,
1347,7,40,2025-11-17,2025-11-22,2025-11-21,477,In Transit,Nemo Product,Groceries,2824.16,10,Wali PLC,Khandwa,2.76,4.43,40,Hyderabad Warehouse,554,2026-06-27,359.0,Transport Strike,Low,Aut rerum earum beatae ipsam.,2025-10-04,359.0,Increase Safety Stock,Approved,2025-09-03,359.0,Partially Resolved,15.0,4953.43,Cost increased
1348,15,32,2026-01-15,2026-01-25,2026-01-24,89,Delayed,Quis Product,Groceries,4929.24,1,Sastry and Sons,Haldia,5.45,4.34,32,Mumbai Warehouse,715,2026-07-01,,,,,,,,,,,,,,
1349,2,139,2025-05-19,2025-05-24,2025-05-26,307,In Transit,Vero Product,Furniture,4054.68,9,Gour Ltd,Bhilwara,8.05,3.83,139,Mumbai Warehouse,185,2026-07-15,496.0,Transport Strike,High,Iusto iure vero amet doloremque quaerat quod praesentium.,2025-10-28,496.0,Switch Supplier,Rejected,2026-05-27,496.0,Partially Resolved,10.0,7439.31,Shipment rerouted
1350,10,116,2026-01-11,2026-01-18,2026-01-22,497,Cancelled,Architecto Product,Groceries,763.04,10,"Mitter, Srinivasan and Dixit",Shimoga,1.81,3.9,116,Bangalore Warehouse,102,2026-07-04,,,,,,,,,,,,,,
1351,18,6,2025-05-15,2025-05-19,2025-05-22,364,In Transit,Reiciendis Product,Furniture,3938.69,18,Raju and Sons,Etawah,3.81,4.27,6,Bangalore Warehouse,894,2026-06-26,363.0,Traffic,Low,Recusandae excepturi quia illo iste fugit tempora.,2025-10-21,363.0,Increase Safety Stock,Implemented,2025-10-19,363.0,Partially Resolved,5.0,3827.83,Shipment rerouted
1352,19,68,2025-09-11,2025-09-13,2025-09-11,100,Cancelled,Delectus Product,Clothing,4916.43,20,"Nagar, Hari and Chada",Munger,9.42,4.61,68,Chennai Warehouse,660,2026-06-18,,,,,,,,,,,,,,
1353,12,5,2024-09-22,2024-10-02,2024-10-06,194,Delivered,Occaecati Product,Medical,1257.97,15,Thakur and Sons,Kanpur,5.83,3.5,5,Hyderabad Warehouse,892,2026-07-08,,,,,,,,,,,,,,
1354,8,68,2025-03-22,2025-03-28,2025-03-27,132,Delayed,Delectus Product,Clothing,4916.43,20,Hans-Bir,Siliguri,2.43,4.68,68,Chennai Warehouse,660,2026-06-18,,,,,,,,,,,,,,
1355,6,110,2025-07-06,2025-07-09,2025-07-10,432,In Transit,Assumenda Product,Furniture,4904.71,9,Bhavsar-Sampath,Bangalore,2.52,3.72,110,Chennai Warehouse,817,2026-06-23,,,,,,,,,,,,,,
1356,15,36,2025-05-12,2025-05-20,2025-05-18,98,In Transit,Suscipit Product,Electronics,2750.46,10,Sastry and Sons,Haldia,5.45,4.34,36,Hyderabad Warehouse,271,2026-07-15,,,,,,,,,,,,,,
1357,7,64,2024-11-04,2024-11-13,2024-11-12,140,Cancelled,Officia Product,Automotive,1852.17,1,Wali PLC,Khandwa,2.76,4.43,64,Hyderabad Warehouse,751,2026-06-19,,,,,,,,,,,,,,
1358,16,137,2024-09-17,2024-09-27,2024-09-29,195,In Transit,Aliquid Product,Medical,3630.8,13,Handa-Manda,Vijayanagaram,8.66,4.77,137,Delhi Warehouse,82,2026-07-03,,,,,,,,,,,,,,
1359,16,37,2024-10-17,2024-10-26,2024-10-25,498,Cancelled,Earum Product,Groceries,442.22,11,Handa-Manda,Vijayanagaram,8.66,4.77,37,Mumbai Warehouse,198,2026-06-16,235.0,Machine Failure,Medium,Non molestias sint explicabo.,2025-11-19,235.0,Expedite Shipment,Pending,2026-06-10,235.0,Failed,14.0,9798.99,Cost increased
1360,19,78,2025-04-01,2025-04-05,2025-04-07,53,Cancelled,Quam Product,Clothing,1593.13,4,"Nagar, Hari and Chada",Munger,9.42,4.61,78,Hyderabad Warehouse,637,2026-07-09,,,,,,,,,,,,,,
1361,20,91,2024-08-28,2024-08-31,2024-09-02,388,Cancelled,Laudantium Product,Furniture,3665.32,5,Chakraborty-Sengupta,Malda,5.0,3.56,91,Hyderabad Warehouse,678,2026-07-12,,,,,,,,,,,,,,
1362,16,97,2024-10-18,2024-10-21,2024-10-20,19,Delivered,Id Product,Electronics,4003.94,12,Handa-Manda,Vijayanagaram,8.66,4.77,97,Bangalore Warehouse,353,2026-07-08,306.0,Weather,Low,Ut exercitationem molestiae animi dolor ab facere.,2026-01-13,306.0,Expedite Shipment,Pending,2025-07-27,306.0,Pending,7.0,1851.93,Supplier changed
1363,11,83,2026-04-30,2026-05-09,2026-05-12,98,Delivered,Deserunt Product,Automotive,990.39,6,Banerjee Group,Alappuzha,8.52,4.3,83,Delhi Warehouse,294,2026-07-15,,,,,,,,,,,,,,
1364,19,41,2024-09-04,2024-09-14,2024-09-19,78,In Transit,Architecto Product,Furniture,1703.5,1,"Nagar, Hari and Chada",Munger,9.42,4.61,41,Hyderabad Warehouse,681,2026-06-26,,,,,,,,,,,,,,
1365,5,107,2025-11-22,2025-11-24,2025-11-26,315,In Transit,Repudiandae Product,Automotive,609.59,11,Chander-Sibal,Kochi,6.81,4.37,107,Delhi Warehouse,711,2026-07-01,,,,,,,,,,,,,,
1366,9,53,2024-08-03,2024-08-05,2024-08-07,91,Cancelled,Ea Product,Clothing,3005.08,10,"Loyal, Varma and Tripathi",Firozabad,9.75,4.64,53,Delhi Warehouse,480,2026-06-28,,,,,,,,,,,,,,
1367,18,96,2024-09-12,2024-09-18,2024-09-18,432,Delayed,Laborum Product,Medical,3501.37,20,Raju and Sons,Etawah,3.81,4.27,96,Mumbai Warehouse,471,2026-06-19,,,,,,,,,,,,,,
1368,13,92,2024-10-21,2024-10-27,2024-10-29,382,In Transit,Architecto Product,Furniture,4826.14,10,"Borah, Gill and Varma",Dehri,6.15,3.78,92,Mumbai Warehouse,215,2026-07-07,,,,,,,,,,,,,,
1369,17,5,2026-03-18,2026-03-20,2026-03-25,463,In Transit,Occaecati Product,Medical,1257.97,15,"Sule, Jaggi and Char",Pallavaram,6.39,3.52,5,Hyderabad Warehouse,892,2026-07-08,74.0,Port Congestion,Low,Iure harum distinctio atque alias.,2026-05-15,74.0,Change Transport Route,Implemented,2025-08-26,74.0,Pending,13.0,-1292.74,Supplier changed
1370,9,107,2025-07-27,2025-07-29,2025-08-02,38,Delivered,Repudiandae Product,Automotive,609.59,11,"Loyal, Varma and Tripathi",Firozabad,9.75,4.64,107,Delhi Warehouse,711,2026-07-01,,,,,,,,,,,,,,
1371,14,29,2026-05-01,2026-05-08,2026-05-08,26,In Transit,Architecto Product,Furniture,4183.31,3,"Bahri, Dugar and Ratti",Kottayam,8.09,4.85,29,Chennai Warehouse,981,2026-06-27,,,,,,,,,,,,,,
1372,19,135,2025-12-13,2025-12-19,2025-12-23,430,Cancelled,Nisi Product,Medical,1322.29,1,"Nagar, Hari and Chada",Munger,9.42,4.61,135,Delhi Warehouse,660,2026-06-19,239.0,Weather,Medium,Tempora odio nihil laboriosam.,2026-01-07,239.0,Change Transport Route,Approved,2026-05-27,239.0,Pending,0.0,-4379.37,Shipment rerouted
1373,9,79,2024-10-28,2024-10-30,2024-10-29,482,Cancelled,Officiis Product,Automotive,3036.4,6,"Loyal, Varma and Tripathi",Firozabad,9.75,4.64,79,Bangalore Warehouse,898,2026-06-30,132.0,Weather,Low,Aliquid animi aperiam autem ratione molestias omnis.,2026-06-26,132.0,Increase Safety Stock,Pending,2026-04-26,132.0,Resolved,12.0,-2485.29,Minor delay occurred
1374,7,93,2025-05-06,2025-05-16,2025-05-15,473,Delayed,Nemo Product,Automotive,3838.07,10,Wali PLC,Khandwa,2.76,4.43,93,Mumbai Warehouse,413,2026-06-19,,,,,,,,,,,,,,
1375,9,128,2026-02-17,2026-02-19,2026-02-24,36,In Transit,Non Product,Clothing,4746.22,5,"Loyal, Varma and Tripathi",Firozabad,9.75,4.64,128,Hyderabad Warehouse,464,2026-06-23,,,,,,,,,,,,,,
1376,13,143,2026-06-20,2026-06-28,2026-07-01,48,Delayed,Exercitationem Product,Furniture,2333.4,6,"Borah, Gill and Varma",Dehri,6.15,3.78,143,Hyderabad Warehouse,191,2026-07-12,,,,,,,,,,,,,,
1377,9,75,2025-05-11,2025-05-18,2025-05-19,180,Delivered,Recusandae Product,Automotive,4884.77,14,"Loyal, Varma and Tripathi",Firozabad,9.75,4.64,75,Chennai Warehouse,450,2026-07-07,466.0,Supplier Delay,Medium,Ipsa aut neque temporibus temporibus iusto occaecati.,2026-03-13,466.0,Expedite Shipment,Pending,2025-08-12,466.0,Failed,14.0,9258.55,Cost increased
1378,9,60,2025-11-13,2025-11-17,2025-11-22,149,Cancelled,Ipsa Product,Furniture,2536.82,19,"Loyal, Varma and Tripathi",Firozabad,9.75,4.64,60,Bangalore Warehouse,753,2026-07-14,109.0,Traffic,High,Nobis recusandae qui in necessitatibus.,2026-01-30,109.0,Increase Safety Stock,Rejected,2025-11-30,109.0,Resolved,11.0,13479.84,Shipment rerouted
1379,4,99,2026-02-11,2026-02-19,2026-02-24,365,Delayed,Quia Product,Furniture,677.17,19,Rajagopal-Jayaraman,Jalna,1.0,3.51,99,Hyderabad Warehouse,72,2026-06-26,,,,,,,,,,,,,,
1380,5,95,2026-06-25,2026-06-29,2026-07-04,443,In Transit,Temporibus Product,Automotive,2131.71,12,Chander-Sibal,Kochi,6.81,4.37,95,Hyderabad Warehouse,870,2026-07-10,,,,,,,,,,,,,,
1381,9,50,2025-01-21,2025-01-23,2025-01-27,356,Cancelled,Quae Product,Automotive,939.97,7,"Loyal, Varma and Tripathi",Firozabad,9.75,4.64,50,Chennai Warehouse,576,2026-07-06,,,,,,,,,,,,,,
1382,19,127,2026-01-05,2026-01-14,2026-01-14,439,Delayed,Eum Product,Automotive,1710.79,7,"Nagar, Hari and Chada",Munger,9.42,4.61,127,Delhi Warehouse,588,2026-07-12,,,,,,,,,,,,,,
1383,10,89,2025-09-23,2025-09-25,2025-09-23,259,Cancelled,Fugiat Product,Electronics,4524.8,7,"Mitter, Srinivasan and Dixit",Shimoga,1.81,3.9,89,Bangalore Warehouse,597,2026-06-18,,,,,,,,,,,,,,
1384,1,144,2025-06-03,2025-06-12,2025-06-10,111,Delayed,Ipsam Product,Electronics,744.79,2,"Balasubramanian, Gara and Memon",Nadiad,5.69,4.88,144,Mumbai Warehouse,720,2026-06-29,,,,,,,,,,,,,,
1385,15,130,2024-09-22,2024-10-01,2024-10-05,246,In Transit,Rerum Product,Clothing,379.31,9,Sastry and Sons,Haldia,5.45,4.34,130,Bangalore Warehouse,702,2026-06-28,,,,,,,,,,,,,,
1386,14,72,2026-05-27,2026-06-03,2026-06-07,421,Delivered,Fuga Product,Groceries,160.42,9,"Bahri, Dugar and Ratti",Kottayam,8.09,4.85,72,Chennai Warehouse,359,2026-07-11,,,,,,,,,,,,,,
1387,15,123,2025-10-08,2025-10-13,2025-10-13,342,Cancelled,Amet Product,Electronics,2966.03,9,Sastry and Sons,Haldia,5.45,4.34,123,Chennai Warehouse,249,2026-06-23,,,,,,,,,,,,,,
1388,3,15,2025-04-21,2025-04-24,2025-04-22,447,Delivered,Dolore Product,Automotive,1024.49,5,"Balan, Virk and Mangal",Bangalore,3.73,4.49,15,Chennai Warehouse,343,2026-07-02,,,,,,,,,,,,,,
1389,8,84,2026-06-01,2026-06-07,2026-06-11,213,Cancelled,Ab Product,Clothing,1108.56,18,Hans-Bir,Siliguri,2.43,4.68,84,Bangalore Warehouse,80,2026-06-28,,,,,,,,,,,,,,
1390,20,146,2026-05-09,2026-05-12,2026-05-16,362,In Transit,Minus Product,Furniture,4540.31,18,Chakraborty-Sengupta,Malda,5.0,3.56,146,Delhi Warehouse,858,2026-06-21,,,,,,,,,,,,,,
1391,11,65,2026-02-17,2026-02-19,2026-02-19,175,Delivered,Ut Product,Groceries,3277.06,2,Banerjee Group,Alappuzha,8.52,4.3,65,Delhi Warehouse,911,2026-07-06,,,,,,,,,,,,,,
1392,20,89,2026-03-01,2026-03-06,2026-03-06,387,Cancelled,Fugiat Product,Electronics,4524.8,7,Chakraborty-Sengupta,Malda,5.0,3.56,89,Bangalore Warehouse,597,2026-06-18,,,,,,,,,,,,,,
1393,19,134,2025-07-29,2025-08-07,2025-08-10,84,Delayed,Eligendi Product,Automotive,3447.14,10,"Nagar, Hari and Chada",Munger,9.42,4.61,134,Hyderabad Warehouse,699,2026-07-02,,,,,,,,,,,,,,
1394,12,2,2024-09-09,2024-09-16,2024-09-18,409,In Transit,Veniam Product,Furniture,880.89,5,Thakur and Sons,Kanpur,5.83,3.5,2,Delhi Warehouse,824,2026-06-22,,,,,,,,,,,,,,
1395,7,96,2025-03-30,2025-04-04,2025-04-08,354,Delivered,Laborum Product,Medical,3501.37,20,Wali PLC,Khandwa,2.76,4.43,96,Mumbai Warehouse,471,2026-06-19,,,,,,,,,,,,,,
1396,17,74,2025-09-08,2025-09-12,2025-09-15,170,Cancelled,Cum Product,Clothing,3762.37,5,"Sule, Jaggi and Char",Pallavaram,6.39,3.52,74,Hyderabad Warehouse,592,2026-06-21,,,,,,,,,,,,,,
1397,14,12,2025-10-13,2025-10-17,2025-10-17,378,In Transit,Fugit Product,Clothing,1357.85,15,"Bahri, Dugar and Ratti",Kottayam,8.09,4.85,12,Hyderabad Warehouse,878,2026-06-22,,,,,,,,,,,,,,
1398,20,20,2025-12-18,2025-12-23,2025-12-24,68,Delayed,Laborum Product,Electronics,563.85,5,Chakraborty-Sengupta,Malda,5.0,3.56,20,Bangalore Warehouse,426,2026-07-15,,,,,,,,,,,,,,
1399,18,101,2026-03-29,2026-03-31,2026-04-03,385,Cancelled,Delectus Product,Automotive,1333.96,11,Raju and Sons,Etawah,3.81,4.27,101,Bangalore Warehouse,654,2026-06-16,,,,,,,,,,,,,,
1400,17,8,2026-06-10,2026-06-19,2026-06-21,338,In Transit,Voluptatem Product,Furniture,3535.61,12,"Sule, Jaggi and Char",Pallavaram,6.39,3.52,8,Chennai Warehouse,686,2026-07-07,73.0,Traffic,High,Delectus molestias esse dolorum vitae sequi impedit.,2025-09-27,73.0,Switch Supplier,Rejected,2025-12-09,73.0,Failed,10.0,2254.2,Cost increased
1401,7,148,2026-04-25,2026-05-01,2026-05-02,448,In Transit,Saepe Product,Groceries,920.71,10,Wali PLC,Khandwa,2.76,4.43,148,Delhi Warehouse,944,2026-06-16,,,,,,,,,,,,,,
1402,20,109,2024-08-08,2024-08-15,2024-08-15,259,Delayed,Beatae Product,Automotive,1167.1,12,Chakraborty-Sengupta,Malda,5.0,3.56,109,Mumbai Warehouse,573,2026-06-17,,,,,,,,,,,,,,
1403,10,47,2026-01-11,2026-01-16,2026-01-16,354,Cancelled,Impedit Product,Clothing,4282.54,1,"Mitter, Srinivasan and Dixit",Shimoga,1.81,3.9,47,Chennai Warehouse,913,2026-06-30,3.0,Supplier Delay,High,Molestiae neque eius perspiciatis.,2026-07-05,3.0,Increase Safety Stock,Implemented,2025-12-19,3.0,Resolved,10.0,2546.58,Issue resolved successfully
1404,7,139,2026-06-29,2026-07-09,2026-07-13,432,Cancelled,Vero Product,Furniture,4054.68,9,Wali PLC,Khandwa,2.76,4.43,139,Mumbai Warehouse,185,2026-07-15,,,,,,,,,,,,,,
1405,2,56,2024-11-07,2024-11-15,2024-11-13,382,Delivered,Error Product,Electronics,333.18,11,Gour Ltd,Bhilwara,8.05,3.83,56,Chennai Warehouse,777,2026-07-07,,,,,,,,,,,,,,
1406,10,16,2025-07-16,2025-07-24,2025-07-25,489,Delivered,Vel Product,Medical,4239.68,2,"Mitter, Srinivasan and Dixit",Shimoga,1.81,3.9,16,Hyderabad Warehouse,928,2026-07-01,51.0,Weather,High,Doloribus veritatis libero sed officia maxime facere.,2025-08-20,51.0,Increase Safety Stock,Pending,2026-06-14,51.0,Pending,0.0,8005.11,Shipment rerouted
1407,11,54,2025-03-18,2025-03-22,2025-03-22,16,Delivered,Voluptatem Product,Groceries,3641.55,2,Banerjee Group,Alappuzha,8.52,4.3,54,Chennai Warehouse,842,2026-06-17,588.0,Traffic,Low,Ut laborum dolor aperiam minima blanditiis.,2026-02-10,588.0,Increase Safety Stock,Approved,2025-12-14,588.0,Pending,4.0,-3744.23,Supplier changed
1408,11,7,2024-10-01,2024-10-07,2024-10-12,406,Delayed,Expedita Product,Furniture,1401.54,17,Banerjee Group,Alappuzha,8.52,4.3,7,Delhi Warehouse,512,2026-06-28,,,,,,,,,,,,,,
1409,10,98,2026-01-11,2026-01-17,2026-01-15,331,Cancelled,Quae Product,Clothing,2022.11,14,"Mitter, Srinivasan and Dixit",Shimoga,1.81,3.9,98,Hyderabad Warehouse,832,2026-07-05,,,,,,,,,,,,,,
1410,7,142,2026-06-28,2026-07-02,2026-07-02,416,Delivered,Dolorum Product,Groceries,1310.64,7,Wali PLC,Khandwa,2.76,4.43,142,Mumbai Warehouse,982,2026-07-09,,,,,,,,,,,,,,
1411,9,112,2025-09-03,2025-09-05,2025-09-04,207,Delayed,Modi Product,Electronics,2985.26,19,"Loyal, Varma and Tripathi",Firozabad,9.75,4.64,112,Bangalore Warehouse,212,2026-06-25,,,,,,,,,,,,,,
1412,2,79,2024-08-07,2024-08-17,2024-08-17,436,Delayed,Officiis Product,Automotive,3036.4,6,Gour Ltd,Bhilwara,8.05,3.83,79,Bangalore Warehouse,898,2026-06-30,,,,,,,,,,,,,,
1413,12,99,2024-07-26,2024-08-03,2024-08-04,316,Delivered,Quia Product,Furniture,677.17,19,Thakur and Sons,Kanpur,5.83,3.5,99,Hyderabad Warehouse,72,2026-06-26,,,,,,,,,,,,,,
1414,4,34,2026-01-04,2026-01-14,2026-01-18,124,Delivered,Consequatur Product,Automotive,4834.5,8,Rajagopal-Jayaraman,Jalna,1.0,3.51,34,Delhi Warehouse,280,2026-06-18,,,,,,,,,,,,,,
1415,2,75,2026-01-10,2026-01-14,2026-01-14,279,Delivered,Recusandae Product,Automotive,4884.77,14,Gour Ltd,Bhilwara,8.05,3.83,75,Chennai Warehouse,450,2026-07-07,,,,,,,,,,,,,,
1416,5,87,2026-04-28,2026-05-08,2026-05-13,42,Delivered,Vitae Product,Clothing,4295.55,19,Chander-Sibal,Kochi,6.81,4.37,87,Delhi Warehouse,423,2026-06-26,,,,,,,,,,,,,,
1417,2,131,2024-11-26,2024-12-02,2024-12-01,210,In Transit,Nesciunt Product,Furniture,3585.42,1,Gour Ltd,Bhilwara,8.05,3.83,131,Hyderabad Warehouse,157,2026-06-24,319.0,Weather,High,Alias sint nobis et fuga id magni officia.,2025-11-13,319.0,Expedite Shipment,Rejected,2026-01-15,319.0,Partially Resolved,12.0,-1257.93,Minor delay occurred
1418,9,36,2025-03-01,2025-03-09,2025-03-11,265,In Transit,Suscipit Product,Electronics,2750.46,10,"Loyal, Varma and Tripathi",Firozabad,9.75,4.64,36,Hyderabad Warehouse,271,2026-07-15,,,,,,,,,,,,,,
1419,12,53,2026-01-22,2026-01-31,2026-02-03,157,Delivered,Ea Product,Clothing,3005.08,10,Thakur and Sons,Kanpur,5.83,3.5,53,Delhi Warehouse,480,2026-06-28,,,,,,,,,,,,,,
1420,5,112,2025-03-29,2025-04-07,2025-04-10,486,Delivered,Modi Product,Electronics,2985.26,19,Chander-Sibal,Kochi,6.81,4.37,112,Bangalore Warehouse,212,2026-06-25,,,,,,,,,,,,,,
1421,16,64,2024-11-13,2024-11-22,2024-11-23,264,Delayed,Officia Product,Automotive,1852.17,1,Handa-Manda,Vijayanagaram,8.66,4.77,64,Hyderabad Warehouse,751,2026-06-19,,,,,,,,,,,,,,
1422,12,71,2026-01-02,2026-01-07,2026-01-09,187,Cancelled,Aperiam Product,Clothing,4446.27,15,Thakur and Sons,Kanpur,5.83,3.5,71,Delhi Warehouse,179,2026-07-05,67.0,Weather,High,Sapiente corporis modi hic.,2026-02-24,67.0,Switch Supplier,Pending,2026-05-20,67.0,Partially Resolved,13.0,6744.58,Minor delay occurred
1423,9,62,2025-01-19,2025-01-23,2025-01-25,403,Delivered,Officiis Product,Medical,3477.18,12,"Loyal, Varma and Tripathi",Firozabad,9.75,4.64,62,Chennai Warehouse,668,2026-07-05,,,,,,,,,,,,,,
1424,2,14,2025-06-29,2025-07-01,2025-07-06,454,In Transit,Nulla Product,Electronics,1235.72,15,Gour Ltd,Bhilwara,8.05,3.83,14,Hyderabad Warehouse,453,2026-07-12,,,,,,,,,,,,,,
1425,5,85,2025-04-16,2025-04-25,2025-04-30,419,In Transit,Vero Product,Medical,287.27,20,Chander-Sibal,Kochi,6.81,4.37,85,Bangalore Warehouse,854,2026-06-21,,,,,,,,,,,,,,
1426,4,70,2026-01-10,2026-01-19,2026-01-22,59,Delayed,Excepturi Product,Automotive,4641.9,16,Rajagopal-Jayaraman,Jalna,1.0,3.51,70,Bangalore Warehouse,802,2026-06-20,,,,,,,,,,,,,,
1427,20,45,2025-10-08,2025-10-14,2025-10-17,107,Cancelled,Nobis Product,Medical,164.54,6,Chakraborty-Sengupta,Malda,5.0,3.56,45,Bangalore Warehouse,567,2026-07-04,,,,,,,,,,,,,,
1428,15,147,2024-08-13,2024-08-17,2024-08-22,419,In Transit,Sed Product,Medical,185.14,8,Sastry and Sons,Haldia,5.45,4.34,147,Chennai Warehouse,280,2026-06-17,58.0,Supplier Delay,High,Quo aut expedita repudiandae ullam eaque.,2026-07-08,58.0,Expedite Shipment,Rejected,2026-02-16,58.0,Partially Resolved,12.0,-4625.87,Supplier changed
1428,15,147,2024-08-13,2024-08-17,2024-08-22,419,In Transit,Sed Product,Medical,185.14,8,Sastry and Sons,Haldia,5.45,4.34,147,Chennai Warehouse,280,2026-06-17,187.0,Machine Failure,High,Non ipsa reiciendis doloribus provident.,2026-06-23,187.0,Change Transport Route,Approved,2026-03-13,187.0,Failed,6.0,-4289.36,Cost increased
1429,20,129,2024-10-03,2024-10-08,2024-10-11,471,Delayed,Repellat Product,Clothing,772.83,16,Chakraborty-Sengupta,Malda,5.0,3.56,129,Bangalore Warehouse,81,2026-07-01,,,,,,,,,,,,,,
1430,1,1,2024-07-24,2024-07-30,2024-07-31,233,In Transit,Sint Product,Clothing,2204.33,20,"Balasubramanian, Gara and Memon",Nadiad,5.69,4.88,1,Mumbai Warehouse,324,2026-07-01,295.0,Port Congestion,High,Eveniet autem excepturi ullam ex dolorum quis.,2026-06-11,295.0,Change Transport Route,Implemented,2025-08-11,295.0,Partially Resolved,6.0,2569.97,Issue resolved successfully
1431,5,135,2024-11-17,2024-11-21,2024-11-23,341,Delayed,Nisi Product,Medical,1322.29,1,Chander-Sibal,Kochi,6.81,4.37,135,Delhi Warehouse,660,2026-06-19,92.0,Transport Strike,High,Beatae minima hic.,2026-04-20,92.0,Change Transport Route,Approved,2025-11-26,92.0,Pending,3.0,4562.85,Minor delay occurred
1432,18,85,2025-01-25,2025-01-28,2025-02-01,261,In Transit,Vero Product,Medical,287.27,20,Raju and Sons,Etawah,3.81,4.27,85,Bangalore Warehouse,854,2026-06-21,,,,,,,,,,,,,,
1433,12,124,2024-09-10,2024-09-18,2024-09-16,265,Delivered,Excepturi Product,Furniture,756.02,2,Thakur and Sons,Kanpur,5.83,3.5,124,Chennai Warehouse,123,2026-07-09,,,,,,,,,,,,,,
1434,20,58,2026-02-03,2026-02-13,2026-02-17,94,In Transit,Tempore Product,Groceries,4870.19,6,Chakraborty-Sengupta,Malda,5.0,3.56,58,Bangalore Warehouse,328,2026-07-11,,,,,,,,,,,,,,
1435,11,138,2024-10-26,2024-11-03,2024-11-04,313,Cancelled,Commodi Product,Groceries,4831.21,4,Banerjee Group,Alappuzha,8.52,4.3,138,Bangalore Warehouse,589,2026-06-20,,,,,,,,,,,,,,
1436,19,42,2025-11-10,2025-11-20,2025-11-18,454,In Transit,Exercitationem Product,Medical,980.26,5,"Nagar, Hari and Chada",Munger,9.42,4.61,42,Bangalore Warehouse,493,2026-07-01,,,,,,,,,,,,,,
1437,14,70,2025-12-18,2025-12-21,2025-12-24,369,Cancelled,Excepturi Product,Automotive,4641.9,16,"Bahri, Dugar and Ratti",Kottayam,8.09,4.85,70,Bangalore Warehouse,802,2026-06-20,417.0,Transport Strike,High,Sed quos amet.,2026-05-17,417.0,Switch Supplier,Pending,2026-07-06,417.0,Pending,14.0,3313.26,Shipment rerouted
1438,15,118,2025-07-11,2025-07-13,2025-07-16,384,Delivered,Harum Product,Automotive,2602.93,16,Sastry and Sons,Haldia,5.45,4.34,118,Bangalore Warehouse,482,2026-06-18,,,,,,,,,,,,,,
1439,6,124,2025-08-09,2025-08-13,2025-08-13,338,Delivered,Excepturi Product,Furniture,756.02,2,Bhavsar-Sampath,Bangalore,2.52,3.72,124,Chennai Warehouse,123,2026-07-09,,,,,,,,,,,,,,
1440,6,146,2025-11-17,2025-11-24,2025-11-27,40,Delivered,Minus Product,Furniture,4540.31,18,Bhavsar-Sampath,Bangalore,2.52,3.72,146,Delhi Warehouse,858,2026-06-21,,,,,,,,,,,,,,
1441,4,90,2025-02-19,2025-03-01,2025-03-05,117,Delivered,Quo Product,Electronics,4661.14,19,Rajagopal-Jayaraman,Jalna,1.0,3.51,90,Delhi Warehouse,466,2026-06-28,,,,,,,,,,,,,,
1442,3,148,2024-10-10,2024-10-20,2024-10-24,347,In Transit,Saepe Product,Groceries,920.71,10,"Balan, Virk and Mangal",Bangalore,3.73,4.49,148,Delhi Warehouse,944,2026-06-16,,,,,,,,,,,,,,
1443,14,143,2026-04-08,2026-04-10,2026-04-12,135,In Transit,Exercitationem Product,Furniture,2333.4,6,"Bahri, Dugar and Ratti",Kottayam,8.09,4.85,143,Hyderabad Warehouse,191,2026-07-12,,,,,,,,,,,,,,
1444,8,35,2025-04-19,2025-04-28,2025-05-01,432,Cancelled,Dolores Product,Electronics,4034.14,20,Hans-Bir,Siliguri,2.43,4.68,35,Chennai Warehouse,804,2026-07-11,,,,,,,,,,,,,,
1445,13,8,2025-08-30,2025-09-07,2025-09-10,214,In Transit,Voluptatem Product,Furniture,3535.61,12,"Borah, Gill and Varma",Dehri,6.15,3.78,8,Chennai Warehouse,686,2026-07-07,,,,,,,,,,,,,,
1446,14,46,2024-09-08,2024-09-15,2024-09-19,53,Delivered,Impedit Product,Electronics,1574.36,7,"Bahri, Dugar and Ratti",Kottayam,8.09,4.85,46,Chennai Warehouse,372,2026-06-23,42.0,Machine Failure,High,Cum eligendi earum quasi quis nobis beatae.,2025-09-08,42.0,Switch Supplier,Pending,2026-04-26,42.0,Resolved,7.0,5601.55,Cost increased
1447,11,126,2025-06-23,2025-07-01,2025-07-01,472,Cancelled,Nemo Product,Groceries,3018.63,8,Banerjee Group,Alappuzha,8.52,4.3,126,Chennai Warehouse,306,2026-07-05,578.0,Transport Strike,High,Tempore animi dolorem in illo sint et.,2025-08-14,578.0,Expedite Shipment,Approved,2025-08-17,578.0,Pending,0.0,-3062.09,Shipment rerouted
1448,18,25,2025-07-01,2025-07-11,2025-07-09,240,In Transit,Vel Product,Automotive,3265.92,1,Raju and Sons,Etawah,3.81,4.27,25,Bangalore Warehouse,437,2026-07-06,,,,,,,,,,,,,,
1449,3,57,2026-02-08,2026-02-10,2026-02-09,459,In Transit,Distinctio Product,Automotive,863.84,19,"Balan, Virk and Mangal",Bangalore,3.73,4.49,57,Hyderabad Warehouse,848,2026-06-28,,,,,,,,,,,,,,
1450,2,150,2026-04-28,2026-04-30,2026-05-05,311,Delivered,Harum Product,Furniture,1928.91,14,Gour Ltd,Bhilwara,8.05,3.83,150,Bangalore Warehouse,533,2026-07-09,,,,,,,,,,,,,,
1451,5,60,2025-01-21,2025-01-29,2025-01-30,393,Delivered,Ipsa Product,Furniture,2536.82,19,Chander-Sibal,Kochi,6.81,4.37,60,Bangalore Warehouse,753,2026-07-14,,,,,,,,,,,,,,
1452,17,38,2025-04-25,2025-04-30,2025-04-28,246,In Transit,Laborum Product,Groceries,3934.86,13,"Sule, Jaggi and Char",Pallavaram,6.39,3.52,38,Mumbai Warehouse,317,2026-07-03,,,,,,,,,,,,,,
1453,15,27,2024-09-04,2024-09-13,2024-09-18,272,In Transit,Vero Product,Furniture,4788.07,19,Sastry and Sons,Haldia,5.45,4.34,27,Delhi Warehouse,91,2026-07-05,,,,,,,,,,,,,,
1454,3,128,2025-08-01,2025-08-07,2025-08-09,119,In Transit,Non Product,Clothing,4746.22,5,"Balan, Virk and Mangal",Bangalore,3.73,4.49,128,Hyderabad Warehouse,464,2026-06-23,,,,,,,,,,,,,,
1455,4,141,2024-12-16,2024-12-19,2024-12-22,339,Cancelled,Provident Product,Automotive,4798.63,6,Rajagopal-Jayaraman,Jalna,1.0,3.51,141,Delhi Warehouse,291,2026-07-10,,,,,,,,,,,,,,
1456,6,143,2026-02-08,2026-02-11,2026-02-15,34,Cancelled,Exercitationem Product,Furniture,2333.4,6,Bhavsar-Sampath,Bangalore,2.52,3.72,143,Hyderabad Warehouse,191,2026-07-12,,,,,,,,,,,,,,
1457,5,37,2024-07-17,2024-07-24,2024-07-27,474,Delayed,Earum Product,Groceries,442.22,11,Chander-Sibal,Kochi,6.81,4.37,37,Mumbai Warehouse,198,2026-06-16,,,,,,,,,,,,,,
1458,3,45,2025-03-25,2025-03-28,2025-03-30,318,Cancelled,Nobis Product,Medical,164.54,6,"Balan, Virk and Mangal",Bangalore,3.73,4.49,45,Bangalore Warehouse,567,2026-07-04,,,,,,,,,,,,,,
1459,11,68,2025-12-01,2025-12-11,2025-12-12,459,In Transit,Delectus Product,Clothing,4916.43,20,Banerjee Group,Alappuzha,8.52,4.3,68,Chennai Warehouse,660,2026-06-18,,,,,,,,,,,,,,
1460,12,75,2025-08-07,2025-08-10,2025-08-09,453,Delivered,Recusandae Product,Automotive,4884.77,14,Thakur and Sons,Kanpur,5.83,3.5,75,Chennai Warehouse,450,2026-07-07,,,,,,,,,,,,,,
1461,5,25,2024-11-16,2024-11-19,2024-11-20,162,Delivered,Vel Product,Automotive,3265.92,1,Chander-Sibal,Kochi,6.81,4.37,25,Bangalore Warehouse,437,2026-07-06,,,,,,,,,,,,,,
1462,20,89,2026-03-17,2026-03-27,2026-03-31,270,Cancelled,Fugiat Product,Electronics,4524.8,7,Chakraborty-Sengupta,Malda,5.0,3.56,89,Bangalore Warehouse,597,2026-06-18,409.0,Transport Strike,Low,Quos nihil quam necessitatibus sunt eaque.,2025-09-10,409.0,Increase Safety Stock,Implemented,2025-11-15,409.0,Partially Resolved,5.0,-247.82,Issue resolved successfully
1463,8,7,2025-06-24,2025-06-30,2025-07-01,463,Delayed,Expedita Product,Furniture,1401.54,17,Hans-Bir,Siliguri,2.43,4.68,7,Delhi Warehouse,512,2026-06-28,,,,,,,,,,,,,,
1464,19,97,2025-09-30,2025-10-07,2025-10-08,335,In Transit,Id Product,Electronics,4003.94,12,"Nagar, Hari and Chada",Munger,9.42,4.61,97,Bangalore Warehouse,353,2026-07-08,,,,,,,,,,,,,,
1465,10,137,2026-03-03,2026-03-06,2026-03-06,77,Delivered,Aliquid Product,Medical,3630.8,13,"Mitter, Srinivasan and Dixit",Shimoga,1.81,3.9,137,Delhi Warehouse,82,2026-07-03,,,,,,,,,,,,,,
1466,16,130,2024-11-02,2024-11-10,2024-11-14,266,Cancelled,Rerum Product,Clothing,379.31,9,Handa-Manda,Vijayanagaram,8.66,4.77,130,Bangalore Warehouse,702,2026-06-28,,,,,,,,,,,,,,
1467,9,13,2025-08-19,2025-08-27,2025-08-26,404,Delivered,Reiciendis Product,Automotive,3971.98,6,"Loyal, Varma and Tripathi",Firozabad,9.75,4.64,13,Mumbai Warehouse,352,2026-07-10,,,,,,,,,,,,,,
1468,17,82,2024-12-29,2025-01-05,2025-01-03,354,Delayed,Unde Product,Electronics,3347.22,1,"Sule, Jaggi and Char",Pallavaram,6.39,3.52,82,Hyderabad Warehouse,481,2026-07-04,,,,,,,,,,,,,,
1469,11,50,2024-07-21,2024-07-29,2024-07-28,275,Cancelled,Quae Product,Automotive,939.97,7,Banerjee Group,Alappuzha,8.52,4.3,50,Chennai Warehouse,576,2026-07-06,498.0,Transport Strike,Low,Ipsa modi repudiandae quisquam.,2026-04-03,498.0,Increase Safety Stock,Rejected,2026-05-08,498.0,Pending,3.0,14102.43,Cost increased
1470,15,38,2026-01-22,2026-01-27,2026-01-25,457,Cancelled,Laborum Product,Groceries,3934.86,13,Sastry and Sons,Haldia,5.45,4.34,38,Mumbai Warehouse,317,2026-07-03,,,,,,,,,,,,,,
1471,7,97,2025-02-15,2025-02-18,2025-02-23,167,Delivered,Id Product,Electronics,4003.94,12,Wali PLC,Khandwa,2.76,4.43,97,Bangalore Warehouse,353,2026-07-08,,,,,,,,,,,,,,
1472,4,65,2025-02-09,2025-02-14,2025-02-16,353,Cancelled,Ut Product,Groceries,3277.06,2,Rajagopal-Jayaraman,Jalna,1.0,3.51,65,Delhi Warehouse,911,2026-07-06,,,,,,,,,,,,,,
1473,10,120,2025-11-19,2025-11-26,2025-11-26,378,Cancelled,Magnam Product,Electronics,3329.48,19,"Mitter, Srinivasan and Dixit",Shimoga,1.81,3.9,120,Bangalore Warehouse,996,2026-07-07,,,,,,,,,,,,,,
1474,19,97,2025-12-04,2025-12-14,2025-12-13,166,Delayed,Id Product,Electronics,4003.94,12,"Nagar, Hari and Chada",Munger,9.42,4.61,97,Bangalore Warehouse,353,2026-07-08,,,,,,,,,,,,,,
1475,2,30,2026-01-20,2026-01-29,2026-02-03,289,Delayed,Voluptatem Product,Medical,3709.02,5,Gour Ltd,Bhilwara,8.05,3.83,30,Chennai Warehouse,472,2026-06-30,,,,,,,,,,,,,,
1476,4,77,2025-05-19,2025-05-28,2025-05-29,310,Delayed,Dolorum Product,Clothing,4786.13,4,Rajagopal-Jayaraman,Jalna,1.0,3.51,77,Hyderabad Warehouse,307,2026-07-05,,,,,,,,,,,,,,
1477,2,15,2024-11-09,2024-11-14,2024-11-16,166,Delivered,Dolore Product,Automotive,1024.49,5,Gour Ltd,Bhilwara,8.05,3.83,15,Chennai Warehouse,343,2026-07-02,,,,,,,,,,,,,,
1478,16,119,2024-08-20,2024-08-27,2024-08-30,247,Cancelled,Maxime Product,Furniture,4794.94,19,Handa-Manda,Vijayanagaram,8.66,4.77,119,Mumbai Warehouse,383,2026-07-01,,,,,,,,,,,,,,
1479,13,113,2024-09-17,2024-09-23,2024-09-25,38,Cancelled,Placeat Product,Groceries,4202.62,15,"Borah, Gill and Varma",Dehri,6.15,3.78,113,Mumbai Warehouse,228,2026-07-12,,,,,,,,,,,,,,
1480,3,89,2025-09-13,2025-09-15,2025-09-17,387,Delivered,Fugiat Product,Electronics,4524.8,7,"Balan, Virk and Mangal",Bangalore,3.73,4.49,89,Bangalore Warehouse,597,2026-06-18,,,,,,,,,,,,,,
1481,11,103,2024-11-08,2024-11-16,2024-11-14,105,Delivered,Sunt Product,Furniture,3330.94,12,Banerjee Group,Alappuzha,8.52,4.3,103,Chennai Warehouse,485,2026-07-13,,,,,,,,,,,,,,
1482,12,81,2024-07-23,2024-07-28,2024-07-30,308,Cancelled,Voluptatibus Product,Automotive,1958.75,1,Thakur and Sons,Kanpur,5.83,3.5,81,Chennai Warehouse,875,2026-06-17,,,,,,,,,,,,,,
1483,17,77,2024-11-17,2024-11-19,2024-11-20,314,Delayed,Dolorum Product,Clothing,4786.13,4,"Sule, Jaggi and Char",Pallavaram,6.39,3.52,77,Hyderabad Warehouse,307,2026-07-05,,,,,,,,,,,,,,
1484,1,72,2025-09-01,2025-09-07,2025-09-08,152,In Transit,Fuga Product,Groceries,160.42,9,"Balasubramanian, Gara and Memon",Nadiad,5.69,4.88,72,Chennai Warehouse,359,2026-07-11,,,,,,,,,,,,,,
1485,17,72,2025-10-10,2025-10-12,2025-10-16,204,Delivered,Fuga Product,Groceries,160.42,9,"Sule, Jaggi and Char",Pallavaram,6.39,3.52,72,Chennai Warehouse,359,2026-07-11,,,,,,,,,,,,,,
1486,10,134,2026-03-08,2026-03-14,2026-03-17,479,In Transit,Eligendi Product,Automotive,3447.14,10,"Mitter, Srinivasan and Dixit",Shimoga,1.81,3.9,134,Hyderabad Warehouse,699,2026-07-02,,,,,,,,,,,,,,
1487,20,55,2025-05-03,2025-05-07,2025-05-12,298,Delayed,Odio Product,Furniture,4563.23,5,Chakraborty-Sengupta,Malda,5.0,3.56,55,Bangalore Warehouse,422,2026-07-01,,,,,,,,,,,,,,
1488,12,60,2025-02-18,2025-02-26,2025-02-24,319,Cancelled,Ipsa Product,Furniture,2536.82,19,Thakur and Sons,Kanpur,5.83,3.5,60,Bangalore Warehouse,753,2026-07-14,,,,,,,,,,,,,,
1489,20,142,2026-04-26,2026-05-04,2026-05-03,440,In Transit,Dolorum Product,Groceries,1310.64,7,Chakraborty-Sengupta,Malda,5.0,3.56,142,Mumbai Warehouse,982,2026-07-09,469.0,Port Congestion,High,Unde quis quam eaque sit dolor molestias.,2025-11-15,469.0,Change Transport Route,Rejected,2026-06-19,469.0,Partially Resolved,1.0,14517.28,Supplier changed
1490,3,49,2024-10-17,2024-10-27,2024-11-01,489,Delivered,Alias Product,Furniture,4769.64,3,"Balan, Virk and Mangal",Bangalore,3.73,4.49,49,Bangalore Warehouse,842,2026-07-01,364.0,Machine Failure,Low,Hic cumque fuga libero eaque pariatur.,2026-01-09,364.0,Increase Safety Stock,Pending,2026-01-17,364.0,Resolved,12.0,13096.32,Supplier changed
1491,20,80,2024-12-07,2024-12-15,2024-12-15,203,Delivered,Corporis Product,Medical,4255.47,15,Chakraborty-Sengupta,Malda,5.0,3.56,80,Mumbai Warehouse,656,2026-07-08,,,,,,,,,,,,,,
1492,17,139,2025-04-11,2025-04-14,2025-04-18,446,Delivered,Vero Product,Furniture,4054.68,9,"Sule, Jaggi and Char",Pallavaram,6.39,3.52,139,Mumbai Warehouse,185,2026-07-15,,,,,,,,,,,,,,
1493,9,104,2025-12-27,2026-01-02,2026-01-01,444,In Transit,Laboriosam Product,Clothing,2160.36,3,"Loyal, Varma and Tripathi",Firozabad,9.75,4.64,104,Delhi Warehouse,338,2026-06-24,,,,,,,,,,,,,,
1494,15,102,2025-03-17,2025-03-21,2025-03-20,452,Delivered,Molestias Product,Furniture,2262.92,3,Sastry and Sons,Haldia,5.45,4.34,102,Chennai Warehouse,835,2026-06-22,,,,,,,,,,,,,,
1495,5,21,2026-02-20,2026-03-02,2026-03-02,56,Cancelled,Animi Product,Automotive,3616.57,8,Chander-Sibal,Kochi,6.81,4.37,21,Delhi Warehouse,666,2026-06-27,,,,,,,,,,,,,,
1496,3,139,2026-01-25,2026-02-04,2026-02-04,107,Delivered,Vero Product,Furniture,4054.68,9,"Balan, Virk and Mangal",Bangalore,3.73,4.49,139,Mumbai Warehouse,185,2026-07-15,212.0,Supplier Delay,Medium,Consectetur minima cupiditate delectus perferendis tempora.,2025-10-15,212.0,Expedite Shipment,Pending,2025-11-17,212.0,Partially Resolved,0.0,13394.55,Shipment rerouted
1497,13,42,2025-02-01,2025-02-10,2025-02-11,165,Delayed,Exercitationem Product,Medical,980.26,5,"Borah, Gill and Varma",Dehri,6.15,3.78,42,Bangalore Warehouse,493,2026-07-01,,,,,,,,,,,,,,
1498,18,95,2024-11-26,2024-12-05,2024-12-05,11,Delivered,Temporibus Product,Automotive,2131.71,12,Raju and Sons,Etawah,3.81,4.27,95,Hyderabad Warehouse,870,2026-07-10,,,,,,,,,,,,,,
1499,11,22,2025-01-14,2025-01-22,2025-01-21,129,Delivered,Amet Product,Furniture,1453.32,6,Banerjee Group,Alappuzha,8.52,4.3,22,Delhi Warehouse,386,2026-07-10,,,,,,,,,,,,,,
1500,2,130,2024-08-25,2024-08-27,2024-08-27,94,Delayed,Rerum Product,Clothing,379.31,9,Gour Ltd,Bhilwara,8.05,3.83,130,Bangalore Warehouse,702,2026-06-28,,,,,,,,,,,,,,
1501,11,94,2025-07-14,2025-07-22,2025-07-27,498,Delivered,Culpa Product,Clothing,4115.37,20,Banerjee Group,Alappuzha,8.52,4.3,94,Delhi Warehouse,329,2026-07-15,,,,,,,,,,,,,,
1502,8,71,2026-05-07,2026-05-13,2026-05-15,118,In Transit,Aperiam Product,Clothing,4446.27,15,Hans-Bir,Siliguri,2.43,4.68,71,Delhi Warehouse,179,2026-07-05,,,,,,,,,,,,,,
1503,18,94,2025-09-17,2025-09-27,2025-10-01,411,Cancelled,Culpa Product,Clothing,4115.37,20,Raju and Sons,Etawah,3.81,4.27,94,Delhi Warehouse,329,2026-07-15,,,,,,,,,,,,,,
1504,16,112,2025-02-05,2025-02-09,2025-02-11,109,Delayed,Modi Product,Electronics,2985.26,19,Handa-Manda,Vijayanagaram,8.66,4.77,112,Bangalore Warehouse,212,2026-06-25,,,,,,,,,,,,,,
1505,3,117,2025-11-24,2025-12-04,2025-12-05,166,Cancelled,Quisquam Product,Medical,1461.86,8,"Balan, Virk and Mangal",Bangalore,3.73,4.49,117,Hyderabad Warehouse,793,2026-06-16,,,,,,,,,,,,,,
1506,14,144,2025-11-13,2025-11-21,2025-11-24,332,Delivered,Ipsam Product,Electronics,744.79,2,"Bahri, Dugar and Ratti",Kottayam,8.09,4.85,144,Mumbai Warehouse,720,2026-06-29,,,,,,,,,,,,,,
1507,11,52,2024-11-25,2024-12-04,2024-12-06,499,In Transit,Architecto Product,Medical,1642.77,20,Banerjee Group,Alappuzha,8.52,4.3,52,Mumbai Warehouse,918,2026-06-30,,,,,,,,,,,,,,
1508,5,140,2026-01-04,2026-01-11,2026-01-12,357,Delayed,Recusandae Product,Groceries,2705.55,15,Chander-Sibal,Kochi,6.81,4.37,140,Hyderabad Warehouse,927,2026-06-18,,,,,,,,,,,,,,
1509,14,16,2026-03-19,2026-03-28,2026-04-01,46,Delivered,Vel Product,Medical,4239.68,2,"Bahri, Dugar and Ratti",Kottayam,8.09,4.85,16,Hyderabad Warehouse,928,2026-07-01,,,,,,,,,,,,,,
1510,3,55,2024-08-05,2024-08-14,2024-08-12,123,Delayed,Odio Product,Furniture,4563.23,5,"Balan, Virk and Mangal",Bangalore,3.73,4.49,55,Bangalore Warehouse,422,2026-07-01,,,,,,,,,,,,,,
1511,5,117,2025-03-20,2025-03-26,2025-03-28,231,Delayed,Quisquam Product,Medical,1461.86,8,Chander-Sibal,Kochi,6.81,4.37,117,Hyderabad Warehouse,793,2026-06-16,,,,,,,,,,,,,,
1512,17,145,2025-07-03,2025-07-11,2025-07-12,133,Delivered,Provident Product,Groceries,3598.65,5,"Sule, Jaggi and Char",Pallavaram,6.39,3.52,145,Bangalore Warehouse,739,2026-06-24,,,,,,,,,,,,,,
1513,7,30,2025-08-13,2025-08-19,2025-08-21,360,Delivered,Voluptatem Product,Medical,3709.02,5,Wali PLC,Khandwa,2.76,4.43,30,Chennai Warehouse,472,2026-06-30,,,,,,,,,,,,,,
1514,5,54,2026-02-06,2026-02-15,2026-02-17,187,In Transit,Voluptatem Product,Groceries,3641.55,2,Chander-Sibal,Kochi,6.81,4.37,54,Chennai Warehouse,842,2026-06-17,,,,,,,,,,,,,,
1515,6,91,2025-01-17,2025-01-22,2025-01-21,282,In Transit,Laudantium Product,Furniture,3665.32,5,Bhavsar-Sampath,Bangalore,2.52,3.72,91,Hyderabad Warehouse,678,2026-07-12,,,,,,,,,,,,,,
1516,11,134,2025-10-17,2025-10-23,2025-10-21,261,Delivered,Eligendi Product,Automotive,3447.14,10,Banerjee Group,Alappuzha,8.52,4.3,134,Hyderabad Warehouse,699,2026-07-02,89.0,Supplier Delay,Low,Non blanditiis aliquid doloribus tempora enim.,2025-11-25,89.0,Increase Safety Stock,Rejected,2025-09-11,89.0,Partially Resolved,13.0,14627.63,Issue resolved successfully
1516,11,134,2025-10-17,2025-10-23,2025-10-21,261,Delivered,Eligendi Product,Automotive,3447.14,10,Banerjee Group,Alappuzha,8.52,4.3,134,Hyderabad Warehouse,699,2026-07-02,443.0,Transport Strike,Low,Repellat tempora molestias.,2026-01-27,443.0,Expedite Shipment,Implemented,2025-09-18,443.0,Partially Resolved,12.0,-2728.62,Issue resolved successfully
1517,17,44,2025-06-25,2025-06-27,2025-06-29,69,In Transit,Voluptatum Product,Groceries,3216.56,15,"Sule, Jaggi and Char",Pallavaram,6.39,3.52,44,Chennai Warehouse,740,2026-07-04,281.0,Transport Strike,High,Alias at expedita.,2025-10-08,281.0,Switch Supplier,Rejected,2025-12-05,281.0,Resolved,8.0,8046.25,Minor delay occurred
1518,12,2,2025-01-03,2025-01-11,2025-01-14,379,Delivered,Veniam Product,Furniture,880.89,5,Thakur and Sons,Kanpur,5.83,3.5,2,Delhi Warehouse,824,2026-06-22,,,,,,,,,,,,,,
1519,8,49,2025-02-10,2025-02-20,2025-02-24,389,Cancelled,Alias Product,Furniture,4769.64,3,Hans-Bir,Siliguri,2.43,4.68,49,Bangalore Warehouse,842,2026-07-01,,,,,,,,,,,,,,
1520,4,107,2026-03-14,2026-03-20,2026-03-19,379,Delayed,Repudiandae Product,Automotive,609.59,11,Rajagopal-Jayaraman,Jalna,1.0,3.51,107,Delhi Warehouse,711,2026-07-01,,,,,,,,,,,,,,
1521,15,144,2025-04-16,2025-04-20,2025-04-25,306,In Transit,Ipsam Product,Electronics,744.79,2,Sastry and Sons,Haldia,5.45,4.34,144,Mumbai Warehouse,720,2026-06-29,,,,,,,,,,,,,,
1522,19,65,2025-07-28,2025-08-05,2025-08-09,108,Delayed,Ut Product,Groceries,3277.06,2,"Nagar, Hari and Chada",Munger,9.42,4.61,65,Delhi Warehouse,911,2026-07-06,,,,,,,,,,,,,,
1523,17,95,2025-10-05,2025-10-15,2025-10-20,458,Delayed,Temporibus Product,Automotive,2131.71,12,"Sule, Jaggi and Char",Pallavaram,6.39,3.52,95,Hyderabad Warehouse,870,2026-07-10,599.0,Supplier Delay,Medium,Tempora quas veritatis suscipit necessitatibus incidunt voluptatibus.,2026-04-20,599.0,Switch Supplier,Approved,2026-02-15,599.0,Resolved,5.0,13059.24,Shipment rerouted
1524,14,115,2026-03-04,2026-03-13,2026-03-13,31,Delayed,Accusamus Product,Clothing,1194.04,7,"Bahri, Dugar and Ratti",Kottayam,8.09,4.85,115,Chennai Warehouse,832,2026-06-27,410.0,Supplier Delay,Low,Quos molestias ipsum.,2025-08-18,410.0,Increase Safety Stock,Approved,2025-10-18,410.0,Pending,5.0,8388.97,Supplier changed
1525,12,63,2026-05-07,2026-05-14,2026-05-13,326,In Transit,Minus Product,Electronics,1218.88,8,Thakur and Sons,Kanpur,5.83,3.5,63,Hyderabad Warehouse,518,2026-06-17,,,,,,,,,,,,,,
1526,18,14,2025-10-15,2025-10-17,2025-10-22,111,In Transit,Nulla Product,Electronics,1235.72,15,Raju and Sons,Etawah,3.81,4.27,14,Hyderabad Warehouse,453,2026-07-12,,,,,,,,,,,,,,
1527,16,98,2025-06-25,2025-07-04,2025-07-08,420,Delivered,Quae Product,Clothing,2022.11,14,Handa-Manda,Vijayanagaram,8.66,4.77,98,Hyderabad Warehouse,832,2026-07-05,,,,,,,,,,,,,,
1528,1,76,2025-05-15,2025-05-20,2025-05-20,433,In Transit,Sunt Product,Electronics,2690.2,2,"Balasubramanian, Gara and Memon",Nadiad,5.69,4.88,76,Delhi Warehouse,630,2026-06-16,,,,,,,,,,,,,,
1529,16,93,2025-03-15,2025-03-20,2025-03-25,401,Cancelled,Nemo Product,Automotive,3838.07,10,Handa-Manda,Vijayanagaram,8.66,4.77,93,Mumbai Warehouse,413,2026-06-19,,,,,,,,,,,,,,
1530,2,9,2024-11-11,2024-11-13,2024-11-15,354,Delayed,Alias Product,Groceries,1305.18,16,Gour Ltd,Bhilwara,8.05,3.83,9,Mumbai Warehouse,917,2026-07-04,,,,,,,,,,,,,,
1531,10,134,2026-05-17,2026-05-22,2026-05-24,462,In Transit,Eligendi Product,Automotive,3447.14,10,"Mitter, Srinivasan and Dixit",Shimoga,1.81,3.9,134,Hyderabad Warehouse,699,2026-07-02,,,,,,,,,,,,,,
1532,20,47,2025-10-16,2025-10-18,2025-10-23,278,In Transit,Impedit Product,Clothing,4282.54,1,Chakraborty-Sengupta,Malda,5.0,3.56,47,Chennai Warehouse,913,2026-06-30,,,,,,,,,,,,,,
1533,4,3,2025-10-27,2025-10-29,2025-10-30,280,Cancelled,Iure Product,Medical,1939.35,19,Rajagopal-Jayaraman,Jalna,1.0,3.51,3,Mumbai Warehouse,584,2026-07-06,,,,,,,,,,,,,,
1534,8,71,2025-05-15,2025-05-21,2025-05-23,424,Delivered,Aperiam Product,Clothing,4446.27,15,Hans-Bir,Siliguri,2.43,4.68,71,Delhi Warehouse,179,2026-07-05,,,,,,,,,,,,,,
1535,5,121,2026-01-13,2026-01-16,2026-01-17,345,Delivered,Veniam Product,Furniture,3093.62,19,Chander-Sibal,Kochi,6.81,4.37,121,Bangalore Warehouse,683,2026-06-20,,,,,,,,,,,,,,
1536,12,123,2025-09-04,2025-09-14,2025-09-13,19,Delivered,Amet Product,Electronics,2966.03,9,Thakur and Sons,Kanpur,5.83,3.5,123,Chennai Warehouse,249,2026-06-23,,,,,,,,,,,,,,
1537,2,122,2026-06-30,2026-07-07,2026-07-05,445,Cancelled,Expedita Product,Electronics,1957.13,8,Gour Ltd,Bhilwara,8.05,3.83,122,Delhi Warehouse,394,2026-07-14,,,,,,,,,,,,,,
1538,6,74,2025-07-26,2025-07-30,2025-07-28,459,Delayed,Cum Product,Clothing,3762.37,5,Bhavsar-Sampath,Bangalore,2.52,3.72,74,Hyderabad Warehouse,592,2026-06-21,,,,,,,,,,,,,,
1539,15,24,2026-02-02,2026-02-04,2026-02-04,482,Cancelled,Dolorem Product,Medical,3211.29,13,Sastry and Sons,Haldia,5.45,4.34,24,Bangalore Warehouse,374,2026-06-27,202.0,Traffic,High,Tempora accusamus officiis fugiat nulla.,2025-12-11,202.0,Expedite Shipment,Implemented,2026-04-18,202.0,Failed,2.0,12370.56,Shipment rerouted
1540,12,18,2026-02-25,2026-03-07,2026-03-09,486,Delivered,Commodi Product,Electronics,2870.64,11,Thakur and Sons,Kanpur,5.83,3.5,18,Mumbai Warehouse,611,2026-06-21,,,,,,,,,,,,,,
1541,18,29,2024-09-30,2024-10-03,2024-10-06,346,In Transit,Architecto Product,Furniture,4183.31,3,Raju and Sons,Etawah,3.81,4.27,29,Chennai Warehouse,981,2026-06-27,,,,,,,,,,,,,,
1542,10,39,2025-05-25,2025-05-27,2025-05-29,221,In Transit,Amet Product,Automotive,1228.36,6,"Mitter, Srinivasan and Dixit",Shimoga,1.81,3.9,39,Chennai Warehouse,720,2026-07-10,,,,,,,,,,,,,,
1543,1,36,2025-08-07,2025-08-13,2025-08-11,465,Cancelled,Suscipit Product,Electronics,2750.46,10,"Balasubramanian, Gara and Memon",Nadiad,5.69,4.88,36,Hyderabad Warehouse,271,2026-07-15,,,,,,,,,,,,,,
1544,11,55,2025-11-30,2025-12-06,2025-12-05,394,In Transit,Odio Product,Furniture,4563.23,5,Banerjee Group,Alappuzha,8.52,4.3,55,Bangalore Warehouse,422,2026-07-01,,,,,,,,,,,,,,
1545,10,47,2025-12-03,2025-12-13,2025-12-15,485,In Transit,Impedit Product,Clothing,4282.54,1,"Mitter, Srinivasan and Dixit",Shimoga,1.81,3.9,47,Chennai Warehouse,913,2026-06-30,,,,,,,,,,,,,,
1546,9,48,2024-12-07,2024-12-10,2024-12-10,165,Cancelled,Neque Product,Medical,518.28,5,"Loyal, Varma and Tripathi",Firozabad,9.75,4.64,48,Delhi Warehouse,626,2026-06-27,,,,,,,,,,,,,,
1547,13,2,2025-03-25,2025-03-29,2025-03-27,46,Cancelled,Veniam Product,Furniture,880.89,5,"Borah, Gill and Varma",Dehri,6.15,3.78,2,Delhi Warehouse,824,2026-06-22,,,,,,,,,,,,,,
1548,17,89,2026-02-13,2026-02-20,2026-02-24,219,Delayed,Fugiat Product,Electronics,4524.8,7,"Sule, Jaggi and Char",Pallavaram,6.39,3.52,89,Bangalore Warehouse,597,2026-06-18,,,,,,,,,,,,,,
1549,4,108,2025-03-27,2025-03-29,2025-03-31,324,In Transit,Debitis Product,Automotive,3133.95,9,Rajagopal-Jayaraman,Jalna,1.0,3.51,108,Hyderabad Warehouse,767,2026-07-07,,,,,,,,,,,,,,
1550,8,86,2025-11-22,2025-11-29,2025-12-01,25,Delayed,Aliquam Product,Electronics,2475.27,3,Hans-Bir,Siliguri,2.43,4.68,86,Mumbai Warehouse,687,2026-06-23,,,,,,,,,,,,,,
1551,19,126,2025-10-23,2025-10-25,2025-10-23,395,Cancelled,Nemo Product,Groceries,3018.63,8,"Nagar, Hari and Chada",Munger,9.42,4.61,126,Chennai Warehouse,306,2026-07-05,,,,,,,,,,,,,,
1552,18,60,2026-07-11,2026-07-17,2026-07-20,205,Delivered,Ipsa Product,Furniture,2536.82,19,Raju and Sons,Etawah,3.81,4.27,60,Bangalore Warehouse,753,2026-07-14,482.0,Traffic,Low,Beatae rem itaque aspernatur dolore error dolores.,2026-03-11,482.0,Expedite Shipment,Approved,2025-09-24,482.0,Resolved,4.0,9335.72,Cost increased
1553,20,53,2025-06-27,2025-07-01,2025-07-02,462,In Transit,Ea Product,Clothing,3005.08,10,Chakraborty-Sengupta,Malda,5.0,3.56,53,Delhi Warehouse,480,2026-06-28,,,,,,,,,,,,,,
1554,8,24,2026-05-17,2026-05-25,2026-05-27,300,Cancelled,Dolorem Product,Medical,3211.29,13,Hans-Bir,Siliguri,2.43,4.68,24,Bangalore Warehouse,374,2026-06-27,,,,,,,,,,,,,,
1555,13,107,2024-07-21,2024-07-29,2024-07-30,89,Cancelled,Repudiandae Product,Automotive,609.59,11,"Borah, Gill and Varma",Dehri,6.15,3.78,107,Delhi Warehouse,711,2026-07-01,,,,,,,,,,,,,,
1556,10,76,2026-07-15,2026-07-24,2026-07-23,233,In Transit,Sunt Product,Electronics,2690.2,2,"Mitter, Srinivasan and Dixit",Shimoga,1.81,3.9,76,Delhi Warehouse,630,2026-06-16,,,,,,,,,,,,,,
1557,20,138,2025-08-04,2025-08-09,2025-08-10,260,Delivered,Commodi Product,Groceries,4831.21,4,Chakraborty-Sengupta,Malda,5.0,3.56,138,Bangalore Warehouse,589,2026-06-20,,,,,,,,,,,,,,
1558,5,112,2026-02-23,2026-02-26,2026-02-28,11,Cancelled,Modi Product,Electronics,2985.26,19,Chander-Sibal,Kochi,6.81,4.37,112,Bangalore Warehouse,212,2026-06-25,94.0,Traffic,Low,Dignissimos voluptatibus ad expedita vero.,2026-07-05,94.0,Expedite Shipment,Rejected,2025-10-08,94.0,Resolved,13.0,10233.09,Supplier changed
1559,7,48,2025-09-14,2025-09-17,2025-09-21,389,In Transit,Neque Product,Medical,518.28,5,Wali PLC,Khandwa,2.76,4.43,48,Delhi Warehouse,626,2026-06-27,,,,,,,,,,,,,,
1560,3,150,2025-05-30,2025-06-08,2025-06-13,416,Cancelled,Harum Product,Furniture,1928.91,14,"Balan, Virk and Mangal",Bangalore,3.73,4.49,150,Bangalore Warehouse,533,2026-07-09,,,,,,,,,,,,,,
1561,9,101,2025-08-31,2025-09-05,2025-09-06,312,Delayed,Delectus Product,Automotive,1333.96,11,"Loyal, Varma and Tripathi",Firozabad,9.75,4.64,101,Bangalore Warehouse,654,2026-06-16,,,,,,,,,,,,,,
1562,20,120,2026-02-16,2026-02-21,2026-02-26,443,Delivered,Magnam Product,Electronics,3329.48,19,Chakraborty-Sengupta,Malda,5.0,3.56,120,Bangalore Warehouse,996,2026-07-07,,,,,,,,,,,,,,
1563,20,89,2026-01-20,2026-01-28,2026-02-02,164,Delayed,Fugiat Product,Electronics,4524.8,7,Chakraborty-Sengupta,Malda,5.0,3.56,89,Bangalore Warehouse,597,2026-06-18,210.0,Port Congestion,Low,Beatae reprehenderit fugit sapiente praesentium libero.,2025-11-15,210.0,Expedite Shipment,Implemented,2025-11-29,210.0,Partially Resolved,15.0,14471.49,Issue resolved successfully
1564,8,49,2026-05-04,2026-05-10,2026-05-14,287,Delivered,Alias Product,Furniture,4769.64,3,Hans-Bir,Siliguri,2.43,4.68,49,Bangalore Warehouse,842,2026-07-01,,,,,,,,,,,,,,
1565,5,130,2025-09-15,2025-09-18,2025-09-19,289,Delayed,Rerum Product,Clothing,379.31,9,Chander-Sibal,Kochi,6.81,4.37,130,Bangalore Warehouse,702,2026-06-28,,,,,,,,,,,,,,
1566,5,36,2024-11-10,2024-11-12,2024-11-13,411,Cancelled,Suscipit Product,Electronics,2750.46,10,Chander-Sibal,Kochi,6.81,4.37,36,Hyderabad Warehouse,271,2026-07-15,,,,,,,,,,,,,,
1567,14,29,2024-08-22,2024-08-24,2024-08-23,458,Delivered,Architecto Product,Furniture,4183.31,3,"Bahri, Dugar and Ratti",Kottayam,8.09,4.85,29,Chennai Warehouse,981,2026-06-27,,,,,,,,,,,,,,
1568,14,22,2026-06-14,2026-06-23,2026-06-21,288,Delayed,Amet Product,Furniture,1453.32,6,"Bahri, Dugar and Ratti",Kottayam,8.09,4.85,22,Delhi Warehouse,386,2026-07-10,,,,,,,,,,,,,,
1569,11,55,2024-12-18,2024-12-26,2024-12-25,122,Delivered,Odio Product,Furniture,4563.23,5,Banerjee Group,Alappuzha,8.52,4.3,55,Bangalore Warehouse,422,2026-07-01,,,,,,,,,,,,,,
1570,11,103,2026-02-07,2026-02-10,2026-02-15,399,Delayed,Sunt Product,Furniture,3330.94,12,Banerjee Group,Alappuzha,8.52,4.3,103,Chennai Warehouse,485,2026-07-13,62.0,Supplier Delay,Low,Minus error repellendus sed molestiae amet.,2026-04-14,62.0,Switch Supplier,Pending,2026-04-03,62.0,Partially Resolved,10.0,-4126.53,Supplier changed
1571,10,123,2026-04-24,2026-04-30,2026-05-05,240,In Transit,Amet Product,Electronics,2966.03,9,"Mitter, Srinivasan and Dixit",Shimoga,1.81,3.9,123,Chennai Warehouse,249,2026-06-23,,,,,,,,,,,,,,
1572,10,48,2025-08-08,2025-08-10,2025-08-10,415,In Transit,Neque Product,Medical,518.28,5,"Mitter, Srinivasan and Dixit",Shimoga,1.81,3.9,48,Delhi Warehouse,626,2026-06-27,,,,,,,,,,,,,,
1573,12,10,2025-09-08,2025-09-14,2025-09-17,332,Delivered,Ratione Product,Medical,834.09,9,Thakur and Sons,Kanpur,5.83,3.5,10,Hyderabad Warehouse,815,2026-07-09,,,,,,,,,,,,,,
1574,5,94,2025-05-21,2025-05-28,2025-05-28,318,In Transit,Culpa Product,Clothing,4115.37,20,Chander-Sibal,Kochi,6.81,4.37,94,Delhi Warehouse,329,2026-07-15,,,,,,,,,,,,,,
1575,19,62,2024-10-20,2024-10-27,2024-11-01,179,Cancelled,Officiis Product,Medical,3477.18,12,"Nagar, Hari and Chada",Munger,9.42,4.61,62,Chennai Warehouse,668,2026-07-05,,,,,,,,,,,,,,
1576,4,49,2024-08-23,2024-08-25,2024-08-30,373,Cancelled,Alias Product,Furniture,4769.64,3,Rajagopal-Jayaraman,Jalna,1.0,3.51,49,Bangalore Warehouse,842,2026-07-01,,,,,,,,,,,,,,
1577,3,112,2025-10-07,2025-10-15,2025-10-17,64,Delivered,Modi Product,Electronics,2985.26,19,"Balan, Virk and Mangal",Bangalore,3.73,4.49,112,Bangalore Warehouse,212,2026-06-25,,,,,,,,,,,,,,
1578,7,52,2025-08-12,2025-08-17,2025-08-22,220,Delivered,Architecto Product,Medical,1642.77,20,Wali PLC,Khandwa,2.76,4.43,52,Mumbai Warehouse,918,2026-06-30,565.0,Weather,High,Numquam ducimus consequatur.,2026-06-06,565.0,Increase Safety Stock,Rejected,2025-11-16,565.0,Resolved,3.0,12077.86,Shipment rerouted
1579,12,41,2025-01-30,2025-02-02,2025-02-03,126,Delayed,Architecto Product,Furniture,1703.5,1,Thakur and Sons,Kanpur,5.83,3.5,41,Hyderabad Warehouse,681,2026-06-26,,,,,,,,,,,,,,
1580,10,92,2026-04-01,2026-04-06,2026-04-11,68,In Transit,Architecto Product,Furniture,4826.14,10,"Mitter, Srinivasan and Dixit",Shimoga,1.81,3.9,92,Mumbai Warehouse,215,2026-07-07,382.0,Supplier Delay,Medium,Reiciendis laborum veritatis enim illo officia reiciendis.,2026-06-24,382.0,Switch Supplier,Rejected,2026-01-11,382.0,Resolved,8.0,9607.26,Shipment rerouted
1581,11,43,2024-08-17,2024-08-21,2024-08-21,252,Delivered,Exercitationem Product,Furniture,2754.15,12,Banerjee Group,Alappuzha,8.52,4.3,43,Delhi Warehouse,560,2026-06-21,,,,,,,,,,,,,,
1582,5,146,2025-07-04,2025-07-06,2025-07-10,289,Delayed,Minus Product,Furniture,4540.31,18,Chander-Sibal,Kochi,6.81,4.37,146,Delhi Warehouse,858,2026-06-21,,,,,,,,,,,,,,
1583,19,114,2025-10-23,2025-10-28,2025-10-28,418,In Transit,Dicta Product,Clothing,1943.15,20,"Nagar, Hari and Chada",Munger,9.42,4.61,114,Hyderabad Warehouse,822,2026-07-08,,,,,,,,,,,,,,
1584,4,30,2026-03-30,2026-04-04,2026-04-06,444,Cancelled,Voluptatem Product,Medical,3709.02,5,Rajagopal-Jayaraman,Jalna,1.0,3.51,30,Chennai Warehouse,472,2026-06-30,,,,,,,,,,,,,,
1585,12,129,2025-09-11,2025-09-21,2025-09-19,23,In Transit,Repellat Product,Clothing,772.83,16,Thakur and Sons,Kanpur,5.83,3.5,129,Bangalore Warehouse,81,2026-07-01,,,,,,,,,,,,,,
1586,1,57,2026-03-08,2026-03-11,2026-03-09,193,Delivered,Distinctio Product,Automotive,863.84,19,"Balasubramanian, Gara and Memon",Nadiad,5.69,4.88,57,Hyderabad Warehouse,848,2026-06-28,7.0,Transport Strike,Medium,Ab quod praesentium.,2025-11-21,7.0,Increase Safety Stock,Pending,2025-09-11,7.0,Partially Resolved,0.0,3989.89,Issue resolved successfully
1587,3,111,2024-08-13,2024-08-19,2024-08-21,150,Delayed,Quaerat Product,Clothing,218.68,3,"Balan, Virk and Mangal",Bangalore,3.73,4.49,111,Hyderabad Warehouse,662,2026-07-13,,,,,,,,,,,,,,
1588,6,40,2025-06-20,2025-06-24,2025-06-23,197,Delivered,Nemo Product,Groceries,2824.16,10,Bhavsar-Sampath,Bangalore,2.52,3.72,40,Hyderabad Warehouse,554,2026-06-27,,,,,,,,,,,,,,
1589,6,42,2025-02-09,2025-02-12,2025-02-17,32,Delivered,Exercitationem Product,Medical,980.26,5,Bhavsar-Sampath,Bangalore,2.52,3.72,42,Bangalore Warehouse,493,2026-07-01,,,,,,,,,,,,,,
1590,11,124,2026-07-11,2026-07-16,2026-07-20,209,Cancelled,Excepturi Product,Furniture,756.02,2,Banerjee Group,Alappuzha,8.52,4.3,124,Chennai Warehouse,123,2026-07-09,,,,,,,,,,,,,,
1591,11,5,2025-04-12,2025-04-14,2025-04-17,237,Delayed,Occaecati Product,Medical,1257.97,15,Banerjee Group,Alappuzha,8.52,4.3,5,Hyderabad Warehouse,892,2026-07-08,,,,,,,,,,,,,,
1592,15,21,2025-07-18,2025-07-27,2025-07-26,450,In Transit,Animi Product,Automotive,3616.57,8,Sastry and Sons,Haldia,5.45,4.34,21,Delhi Warehouse,666,2026-06-27,430.0,Machine Failure,Medium,Fugiat sequi qui sint sequi ipsum.,2025-08-22,430.0,Change Transport Route,Pending,2026-03-30,430.0,Failed,9.0,3599.21,Cost increased
1593,2,145,2025-10-15,2025-10-25,2025-10-28,197,Cancelled,Provident Product,Groceries,3598.65,5,Gour Ltd,Bhilwara,8.05,3.83,145,Bangalore Warehouse,739,2026-06-24,,,,,,,,,,,,,,
1594,18,12,2024-10-24,2024-10-28,2024-11-02,408,Delivered,Fugit Product,Clothing,1357.85,15,Raju and Sons,Etawah,3.81,4.27,12,Hyderabad Warehouse,878,2026-06-22,,,,,,,,,,,,,,
1595,10,8,2025-09-08,2025-09-10,2025-09-12,98,In Transit,Voluptatem Product,Furniture,3535.61,12,"Mitter, Srinivasan and Dixit",Shimoga,1.81,3.9,8,Chennai Warehouse,686,2026-07-07,,,,,,,,,,,,,,
1596,11,25,2025-07-07,2025-07-11,2025-07-12,472,Delivered,Vel Product,Automotive,3265.92,1,Banerjee Group,Alappuzha,8.52,4.3,25,Bangalore Warehouse,437,2026-07-06,,,,,,,,,,,,,,
1597,12,49,2024-09-11,2024-09-21,2024-09-19,370,Delivered,Alias Product,Furniture,4769.64,3,Thakur and Sons,Kanpur,5.83,3.5,49,Bangalore Warehouse,842,2026-07-01,,,,,,,,,,,,,,
1598,7,61,2024-09-10,2024-09-17,2024-09-15,392,In Transit,Eveniet Product,Furniture,3258.29,8,Wali PLC,Khandwa,2.76,4.43,61,Mumbai Warehouse,725,2026-06-20,,,,,,,,,,,,,,
1599,11,29,2024-08-28,2024-08-30,2024-08-31,157,Cancelled,Architecto Product,Furniture,4183.31,3,Banerjee Group,Alappuzha,8.52,4.3,29,Chennai Warehouse,981,2026-06-27,,,,,,,,,,,,,,
1600,20,145,2025-10-06,2025-10-14,2025-10-14,169,In Transit,Provident Product,Groceries,3598.65,5,Chakraborty-Sengupta,Malda,5.0,3.56,145,Bangalore Warehouse,739,2026-06-24,,,,,,,,,,,,,,
1601,9,79,2024-11-25,2024-11-29,2024-11-28,77,Delivered,Officiis Product,Automotive,3036.4,6,"Loyal, Varma and Tripathi",Firozabad,9.75,4.64,79,Bangalore Warehouse,898,2026-06-30,,,,,,,,,,,,,,
1602,12,15,2024-09-06,2024-09-10,2024-09-10,207,In Transit,Dolore Product,Automotive,1024.49,5,Thakur and Sons,Kanpur,5.83,3.5,15,Chennai Warehouse,343,2026-07-02,561.0,Transport Strike,High,Explicabo iusto quisquam.,2025-08-17,561.0,Expedite Shipment,Rejected,2025-11-13,561.0,Failed,3.0,-2990.07,Supplier changed
1603,17,98,2025-01-12,2025-01-15,2025-01-15,319,In Transit,Quae Product,Clothing,2022.11,14,"Sule, Jaggi and Char",Pallavaram,6.39,3.52,98,Hyderabad Warehouse,832,2026-07-05,5.0,Machine Failure,High,Repudiandae omnis repellendus earum sapiente.,2026-06-05,5.0,Increase Safety Stock,Pending,2025-10-03,5.0,Pending,14.0,11357.7,Minor delay occurred
1603,17,98,2025-01-12,2025-01-15,2025-01-15,319,In Transit,Quae Product,Clothing,2022.11,14,"Sule, Jaggi and Char",Pallavaram,6.39,3.52,98,Hyderabad Warehouse,832,2026-07-05,96.0,Port Congestion,Medium,Placeat autem fugit pariatur impedit delectus voluptatum.,2025-10-23,96.0,Increase Safety Stock,Implemented,2025-08-29,96.0,Failed,2.0,-3084.17,Cost increased
1604,10,26,2025-05-03,2025-05-13,2025-05-17,29,In Transit,Ducimus Product,Medical,488.37,16,"Mitter, Srinivasan and Dixit",Shimoga,1.81,3.9,26,Mumbai Warehouse,280,2026-07-04,,,,,,,,,,,,,,
1605,4,12,2026-01-19,2026-01-26,2026-01-24,111,Delivered,Fugit Product,Clothing,1357.85,15,Rajagopal-Jayaraman,Jalna,1.0,3.51,12,Hyderabad Warehouse,878,2026-06-22,,,,,,,,,,,,,,
1606,13,140,2025-04-11,2025-04-13,2025-04-14,271,Cancelled,Recusandae Product,Groceries,2705.55,15,"Borah, Gill and Varma",Dehri,6.15,3.78,140,Hyderabad Warehouse,927,2026-06-18,,,,,,,,,,,,,,
1607,15,29,2024-09-16,2024-09-25,2024-09-29,307,Delayed,Architecto Product,Furniture,4183.31,3,Sastry and Sons,Haldia,5.45,4.34,29,Chennai Warehouse,981,2026-06-27,,,,,,,,,,,,,,
1608,16,29,2026-07-07,2026-07-17,2026-07-20,171,In Transit,Architecto Product,Furniture,4183.31,3,Handa-Manda,Vijayanagaram,8.66,4.77,29,Chennai Warehouse,981,2026-06-27,,,,,,,,,,,,,,
1609,6,141,2024-12-31,2025-01-04,2025-01-06,86,Delivered,Provident Product,Automotive,4798.63,6,Bhavsar-Sampath,Bangalore,2.52,3.72,141,Delhi Warehouse,291,2026-07-10,,,,,,,,,,,,,,
1610,6,31,2024-09-20,2024-09-30,2024-10-05,153,In Transit,Non Product,Groceries,4067.09,17,Bhavsar-Sampath,Bangalore,2.52,3.72,31,Mumbai Warehouse,995,2026-06-28,,,,,,,,,,,,,,
1611,4,40,2026-07-13,2026-07-23,2026-07-24,400,Cancelled,Nemo Product,Groceries,2824.16,10,Rajagopal-Jayaraman,Jalna,1.0,3.51,40,Hyderabad Warehouse,554,2026-06-27,,,,,,,,,,,,,,
1612,4,38,2024-09-20,2024-09-30,2024-10-03,12,In Transit,Laborum Product,Groceries,3934.86,13,Rajagopal-Jayaraman,Jalna,1.0,3.51,38,Mumbai Warehouse,317,2026-07-03,,,,,,,,,,,,,,
1613,13,120,2025-06-04,2025-06-06,2025-06-09,183,Delayed,Magnam Product,Electronics,3329.48,19,"Borah, Gill and Varma",Dehri,6.15,3.78,120,Bangalore Warehouse,996,2026-07-07,11.0,Port Congestion,High,Exercitationem dolor quam optio repellat.,2025-09-14,11.0,Change Transport Route,Implemented,2025-09-07,11.0,Pending,6.0,14550.52,Issue resolved successfully
1614,7,129,2025-02-01,2025-02-08,2025-02-07,131,Delayed,Repellat Product,Clothing,772.83,16,Wali PLC,Khandwa,2.76,4.43,129,Bangalore Warehouse,81,2026-07-01,,,,,,,,,,,,,,
1615,12,114,2024-11-29,2024-12-09,2024-12-12,325,Delayed,Dicta Product,Clothing,1943.15,20,Thakur and Sons,Kanpur,5.83,3.5,114,Hyderabad Warehouse,822,2026-07-08,,,,,,,,,,,,,,
1616,11,22,2024-08-23,2024-08-26,2024-08-28,483,Delivered,Amet Product,Furniture,1453.32,6,Banerjee Group,Alappuzha,8.52,4.3,22,Delhi Warehouse,386,2026-07-10,,,,,,,,,,,,,,
1617,17,3,2024-08-02,2024-08-10,2024-08-15,315,Delayed,Iure Product,Medical,1939.35,19,"Sule, Jaggi and Char",Pallavaram,6.39,3.52,3,Mumbai Warehouse,584,2026-07-06,,,,,,,,,,,,,,
1618,19,2,2026-03-14,2026-03-19,2026-03-24,88,Delivered,Veniam Product,Furniture,880.89,5,"Nagar, Hari and Chada",Munger,9.42,4.61,2,Delhi Warehouse,824,2026-06-22,,,,,,,,,,,,,,
1619,8,150,2025-04-02,2025-04-11,2025-04-13,91,Cancelled,Harum Product,Furniture,1928.91,14,Hans-Bir,Siliguri,2.43,4.68,150,Bangalore Warehouse,533,2026-07-09,,,,,,,,,,,,,,
1620,11,109,2025-12-10,2025-12-17,2025-12-19,314,Delivered,Beatae Product,Automotive,1167.1,12,Banerjee Group,Alappuzha,8.52,4.3,109,Mumbai Warehouse,573,2026-06-17,,,,,,,,,,,,,,
1621,18,150,2026-07-11,2026-07-19,2026-07-18,352,Delivered,Harum Product,Furniture,1928.91,14,Raju and Sons,Etawah,3.81,4.27,150,Bangalore Warehouse,533,2026-07-09,,,,,,,,,,,,,,
1622,20,89,2025-04-04,2025-04-11,2025-04-14,311,In Transit,Fugiat Product,Electronics,4524.8,7,Chakraborty-Sengupta,Malda,5.0,3.56,89,Bangalore Warehouse,597,2026-06-18,,,,,,,,,,,,,,
1623,3,118,2025-06-29,2025-07-09,2025-07-09,420,Delivered,Harum Product,Automotive,2602.93,16,"Balan, Virk and Mangal",Bangalore,3.73,4.49,118,Bangalore Warehouse,482,2026-06-18,,,,,,,,,,,,,,
1624,18,120,2026-05-04,2026-05-06,2026-05-04,64,Delivered,Magnam Product,Electronics,3329.48,19,Raju and Sons,Etawah,3.81,4.27,120,Bangalore Warehouse,996,2026-07-07,,,,,,,,,,,,,,
1625,12,147,2025-12-03,2025-12-05,2025-12-04,289,Delayed,Sed Product,Medical,185.14,8,Thakur and Sons,Kanpur,5.83,3.5,147,Chennai Warehouse,280,2026-06-17,,,,,,,,,,,,,,
1626,7,42,2026-04-11,2026-04-14,2026-04-15,454,Delayed,Exercitationem Product,Medical,980.26,5,Wali PLC,Khandwa,2.76,4.43,42,Bangalore Warehouse,493,2026-07-01,,,,,,,,,,,,,,
1627,1,7,2024-10-25,2024-11-04,2024-11-05,185,Delayed,Expedita Product,Furniture,1401.54,17,"Balasubramanian, Gara and Memon",Nadiad,5.69,4.88,7,Delhi Warehouse,512,2026-06-28,,,,,,,,,,,,,,
1628,10,86,2024-12-10,2024-12-14,2024-12-15,160,Delayed,Aliquam Product,Electronics,2475.27,3,"Mitter, Srinivasan and Dixit",Shimoga,1.81,3.9,86,Mumbai Warehouse,687,2026-06-23,,,,,,,,,,,,,,
1629,14,64,2024-08-28,2024-09-02,2024-09-06,360,Delivered,Officia Product,Automotive,1852.17,1,"Bahri, Dugar and Ratti",Kottayam,8.09,4.85,64,Hyderabad Warehouse,751,2026-06-19,582.0,Supplier Delay,High,Deleniti dolores corrupti nemo.,2025-12-06,582.0,Expedite Shipment,Pending,2026-06-27,582.0,Failed,0.0,3654.41,Shipment rerouted
1630,14,114,2024-09-13,2024-09-20,2024-09-23,104,Delayed,Dicta Product,Clothing,1943.15,20,"Bahri, Dugar and Ratti",Kottayam,8.09,4.85,114,Hyderabad Warehouse,822,2026-07-08,,,,,,,,,,,,,,
1631,2,120,2025-10-22,2025-10-27,2025-10-27,51,Delivered,Magnam Product,Electronics,3329.48,19,Gour Ltd,Bhilwara,8.05,3.83,120,Bangalore Warehouse,996,2026-07-07,,,,,,,,,,,,,,
1632,10,9,2025-06-08,2025-06-12,2025-06-11,278,Cancelled,Alias Product,Groceries,1305.18,16,"Mitter, Srinivasan and Dixit",Shimoga,1.81,3.9,9,Mumbai Warehouse,917,2026-07-04,,,,,,,,,,,,,,
1633,3,108,2025-04-25,2025-05-02,2025-05-04,437,In Transit,Debitis Product,Automotive,3133.95,9,"Balan, Virk and Mangal",Bangalore,3.73,4.49,108,Hyderabad Warehouse,767,2026-07-07,300.0,Machine Failure,Low,Itaque enim beatae repudiandae consequatur nihil.,2026-02-23,300.0,Switch Supplier,Pending,2026-06-21,300.0,Resolved,0.0,6155.41,Cost increased
1634,6,77,2025-12-27,2026-01-05,2026-01-09,376,Delivered,Dolorum Product,Clothing,4786.13,4,Bhavsar-Sampath,Bangalore,2.52,3.72,77,Hyderabad Warehouse,307,2026-07-05,,,,,,,,,,,,,,
1635,4,34,2025-06-03,2025-06-09,2025-06-09,166,Cancelled,Consequatur Product,Automotive,4834.5,8,Rajagopal-Jayaraman,Jalna,1.0,3.51,34,Delhi Warehouse,280,2026-06-18,,,,,,,,,,,,,,
1636,19,82,2025-06-21,2025-07-01,2025-07-06,26,In Transit,Unde Product,Electronics,3347.22,1,"Nagar, Hari and Chada",Munger,9.42,4.61,82,Hyderabad Warehouse,481,2026-07-04,,,,,,,,,,,,,,
1637,4,139,2025-03-11,2025-03-17,2025-03-19,33,In Transit,Vero Product,Furniture,4054.68,9,Rajagopal-Jayaraman,Jalna,1.0,3.51,139,Mumbai Warehouse,185,2026-07-15,,,,,,,,,,,,,,
1638,17,47,2025-10-30,2025-11-03,2025-11-07,25,Cancelled,Impedit Product,Clothing,4282.54,1,"Sule, Jaggi and Char",Pallavaram,6.39,3.52,47,Chennai Warehouse,913,2026-06-30,,,,,,,,,,,,,,
1639,1,27,2025-09-02,2025-09-09,2025-09-07,167,In Transit,Vero Product,Furniture,4788.07,19,"Balasubramanian, Gara and Memon",Nadiad,5.69,4.88,27,Delhi Warehouse,91,2026-07-05,,,,,,,,,,,,,,
1640,2,9,2025-08-09,2025-08-13,2025-08-18,482,Delayed,Alias Product,Groceries,1305.18,16,Gour Ltd,Bhilwara,8.05,3.83,9,Mumbai Warehouse,917,2026-07-04,,,,,,,,,,,,,,
1641,4,51,2026-06-02,2026-06-06,2026-06-10,377,Delayed,Corrupti Product,Medical,1864.29,15,Rajagopal-Jayaraman,Jalna,1.0,3.51,51,Chennai Warehouse,926,2026-07-02,,,,,,,,,,,,,,
1642,11,20,2025-09-09,2025-09-13,2025-09-12,198,Cancelled,Laborum Product,Electronics,563.85,5,Banerjee Group,Alappuzha,8.52,4.3,20,Bangalore Warehouse,426,2026-07-15,,,,,,,,,,,,,,
1643,3,103,2024-09-05,2024-09-10,2024-09-15,68,Delivered,Sunt Product,Furniture,3330.94,12,"Balan, Virk and Mangal",Bangalore,3.73,4.49,103,Chennai Warehouse,485,2026-07-13,493.0,Machine Failure,Medium,Recusandae nisi similique ea minima reprehenderit.,2026-03-31,493.0,Switch Supplier,Rejected,2025-08-01,493.0,Resolved,3.0,-3222.9,Supplier changed
1644,1,45,2024-09-13,2024-09-23,2024-09-23,368,Delayed,Nobis Product,Medical,164.54,6,"Balasubramanian, Gara and Memon",Nadiad,5.69,4.88,45,Bangalore Warehouse,567,2026-07-04,,,,,,,,,,,,,,
1645,3,113,2025-08-29,2025-09-03,2025-09-06,154,Delayed,Placeat Product,Groceries,4202.62,15,"Balan, Virk and Mangal",Bangalore,3.73,4.49,113,Mumbai Warehouse,228,2026-07-12,,,,,,,,,,,,,,
1646,8,145,2025-11-21,2025-12-01,2025-12-01,53,Delayed,Provident Product,Groceries,3598.65,5,Hans-Bir,Siliguri,2.43,4.68,145,Bangalore Warehouse,739,2026-06-24,,,,,,,,,,,,,,
1647,17,89,2026-05-29,2026-06-03,2026-06-06,278,Delivered,Fugiat Product,Electronics,4524.8,7,"Sule, Jaggi and Char",Pallavaram,6.39,3.52,89,Bangalore Warehouse,597,2026-06-18,,,,,,,,,,,,,,
1648,8,33,2025-03-13,2025-03-15,2025-03-13,184,In Transit,Facere Product,Medical,1997.29,4,Hans-Bir,Siliguri,2.43,4.68,33,Delhi Warehouse,549,2026-07-12,575.0,Machine Failure,Low,Nulla harum reprehenderit beatae veniam commodi ad.,2025-11-05,575.0,Switch Supplier,Rejected,2026-04-18,575.0,Partially Resolved,13.0,8262.56,Cost increased
1649,2,69,2025-07-27,2025-07-29,2025-08-01,82,Delivered,Ipsa Product,Groceries,1707.84,17,Gour Ltd,Bhilwara,8.05,3.83,69,Mumbai Warehouse,267,2026-07-09,,,,,,,,,,,,,,
1650,17,102,2024-10-31,2024-11-03,2024-11-08,385,Cancelled,Molestias Product,Furniture,2262.92,3,"Sule, Jaggi and Char",Pallavaram,6.39,3.52,102,Chennai Warehouse,835,2026-06-22,,,,,,,,,,,,,,
1651,5,113,2025-07-03,2025-07-09,2025-07-12,130,In Transit,Placeat Product,Groceries,4202.62,15,Chander-Sibal,Kochi,6.81,4.37,113,Mumbai Warehouse,228,2026-07-12,,,,,,,,,,,,,,
1652,2,37,2024-11-01,2024-11-10,2024-11-14,315,Delayed,Earum Product,Groceries,442.22,11,Gour Ltd,Bhilwara,8.05,3.83,37,Mumbai Warehouse,198,2026-06-16,,,,,,,,,,,,,,
1653,7,21,2026-06-02,2026-06-12,2026-06-16,395,In Transit,Animi Product,Automotive,3616.57,8,Wali PLC,Khandwa,2.76,4.43,21,Delhi Warehouse,666,2026-06-27,,,,,,,,,,,,,,
1654,17,123,2026-07-01,2026-07-11,2026-07-15,89,Delayed,Amet Product,Electronics,2966.03,9,"Sule, Jaggi and Char",Pallavaram,6.39,3.52,123,Chennai Warehouse,249,2026-06-23,,,,,,,,,,,,,,
1655,10,133,2025-03-02,2025-03-09,2025-03-12,408,Cancelled,Doloremque Product,Groceries,552.4,17,"Mitter, Srinivasan and Dixit",Shimoga,1.81,3.9,133,Hyderabad Warehouse,760,2026-06-27,,,,,,,,,,,,,,
1656,9,134,2025-05-21,2025-05-24,2025-05-28,427,Delayed,Eligendi Product,Automotive,3447.14,10,"Loyal, Varma and Tripathi",Firozabad,9.75,4.64,134,Hyderabad Warehouse,699,2026-07-02,,,,,,,,,,,,,,
1657,14,150,2025-05-03,2025-05-07,2025-05-06,361,Delayed,Harum Product,Furniture,1928.91,14,"Bahri, Dugar and Ratti",Kottayam,8.09,4.85,150,Bangalore Warehouse,533,2026-07-09,370.0,Machine Failure,High,Inventore sapiente praesentium enim placeat odio fugit dolores.,2026-03-03,370.0,Increase Safety Stock,Pending,2026-03-02,370.0,Partially Resolved,2.0,2525.57,Issue resolved successfully
1658,9,6,2025-12-23,2025-12-29,2026-01-02,421,In Transit,Reiciendis Product,Furniture,3938.69,18,"Loyal, Varma and Tripathi",Firozabad,9.75,4.64,6,Bangalore Warehouse,894,2026-06-26,,,,,,,,,,,,,,
1659,1,91,2025-12-04,2025-12-10,2025-12-14,376,Delivered,Laudantium Product,Furniture,3665.32,5,"Balasubramanian, Gara and Memon",Nadiad,5.69,4.88,91,Hyderabad Warehouse,678,2026-07-12,,,,,,,,,,,,,,
1660,13,101,2025-04-26,2025-04-30,2025-05-03,140,Delivered,Delectus Product,Automotive,1333.96,11,"Borah, Gill and Varma",Dehri,6.15,3.78,101,Bangalore Warehouse,654,2026-06-16,,,,,,,,,,,,,,
1661,14,34,2024-11-13,2024-11-15,2024-11-18,111,Delivered,Consequatur Product,Automotive,4834.5,8,"Bahri, Dugar and Ratti",Kottayam,8.09,4.85,34,Delhi Warehouse,280,2026-06-18,,,,,,,,,,,,,,
1662,10,42,2025-06-24,2025-06-28,2025-06-26,411,Cancelled,Exercitationem Product,Medical,980.26,5,"Mitter, Srinivasan and Dixit",Shimoga,1.81,3.9,42,Bangalore Warehouse,493,2026-07-01,,,,,,,,,,,,,,
1663,15,129,2025-10-10,2025-10-14,2025-10-14,247,Delivered,Repellat Product,Clothing,772.83,16,Sastry and Sons,Haldia,5.45,4.34,129,Bangalore Warehouse,81,2026-07-01,231.0,Weather,High,Corporis expedita officia consequuntur omnis aliquid aspernatur.,2025-12-02,231.0,Expedite Shipment,Approved,2025-12-23,231.0,Pending,2.0,13019.73,Issue resolved successfully
1664,14,71,2025-01-18,2025-01-26,2025-01-29,457,Delayed,Aperiam Product,Clothing,4446.27,15,"Bahri, Dugar and Ratti",Kottayam,8.09,4.85,71,Delhi Warehouse,179,2026-07-05,,,,,,,,,,,,,,
1665,7,64,2025-01-22,2025-01-28,2025-01-31,51,In Transit,Officia Product,Automotive,1852.17,1,Wali PLC,Khandwa,2.76,4.43,64,Hyderabad Warehouse,751,2026-06-19,,,,,,,,,,,,,,
1666,4,48,2025-04-25,2025-04-28,2025-04-30,137,In Transit,Neque Product,Medical,518.28,5,Rajagopal-Jayaraman,Jalna,1.0,3.51,48,Delhi Warehouse,626,2026-06-27,,,,,,,,,,,,,,
1667,7,38,2026-01-21,2026-01-24,2026-01-29,66,Delivered,Laborum Product,Groceries,3934.86,13,Wali PLC,Khandwa,2.76,4.43,38,Mumbai Warehouse,317,2026-07-03,,,,,,,,,,,,,,
1668,6,139,2024-11-17,2024-11-26,2024-12-01,301,In Transit,Vero Product,Furniture,4054.68,9,Bhavsar-Sampath,Bangalore,2.52,3.72,139,Mumbai Warehouse,185,2026-07-15,,,,,,,,,,,,,,
1669,20,149,2025-11-13,2025-11-18,2025-11-19,482,Delivered,Asperiores Product,Groceries,2199.52,9,Chakraborty-Sengupta,Malda,5.0,3.56,149,Chennai Warehouse,331,2026-07-13,197.0,Traffic,Low,Quaerat accusantium veritatis asperiores.,2026-06-09,197.0,Expedite Shipment,Pending,2026-06-30,197.0,Failed,2.0,-1059.44,Cost increased
1670,5,29,2025-10-01,2025-10-05,2025-10-07,416,Delivered,Architecto Product,Furniture,4183.31,3,Chander-Sibal,Kochi,6.81,4.37,29,Chennai Warehouse,981,2026-06-27,,,,,,,,,,,,,,
1671,20,105,2024-09-10,2024-09-13,2024-09-18,46,In Transit,Tenetur Product,Clothing,1337.9,1,Chakraborty-Sengupta,Malda,5.0,3.56,105,Hyderabad Warehouse,84,2026-07-03,,,,,,,,,,,,,,
1672,17,20,2025-09-13,2025-09-16,2025-09-20,213,In Transit,Laborum Product,Electronics,563.85,5,"Sule, Jaggi and Char",Pallavaram,6.39,3.52,20,Bangalore Warehouse,426,2026-07-15,405.0,Transport Strike,Medium,Aspernatur quae tempore quaerat.,2026-03-05,405.0,Expedite Shipment,Approved,2025-07-26,405.0,Resolved,6.0,-209.82,Supplier changed
1673,11,86,2024-08-08,2024-08-11,2024-08-15,403,Cancelled,Aliquam Product,Electronics,2475.27,3,Banerjee Group,Alappuzha,8.52,4.3,86,Mumbai Warehouse,687,2026-06-23,,,,,,,,,,,,,,
1674,7,95,2024-07-28,2024-07-31,2024-07-30,286,Cancelled,Temporibus Product,Automotive,2131.71,12,Wali PLC,Khandwa,2.76,4.43,95,Hyderabad Warehouse,870,2026-07-10,290.0,Weather,High,Dolore dolores eligendi amet reprehenderit velit similique.,2026-03-27,290.0,Switch Supplier,Pending,2025-10-18,290.0,Pending,10.0,-558.82,Minor delay occurred
1675,2,31,2024-12-02,2024-12-11,2024-12-09,271,In Transit,Non Product,Groceries,4067.09,17,Gour Ltd,Bhilwara,8.05,3.83,31,Mumbai Warehouse,995,2026-06-28,,,,,,,,,,,,,,
1676,20,50,2025-09-30,2025-10-10,2025-10-11,45,Delivered,Quae Product,Automotive,939.97,7,Chakraborty-Sengupta,Malda,5.0,3.56,50,Chennai Warehouse,576,2026-07-06,90.0,Traffic,High,Ducimus enim ullam nostrum atque.,2025-07-28,90.0,Expedite Shipment,Pending,2026-04-10,90.0,Pending,1.0,10508.94,Supplier changed
1677,9,85,2024-10-11,2024-10-21,2024-10-24,225,Cancelled,Vero Product,Medical,287.27,20,"Loyal, Varma and Tripathi",Firozabad,9.75,4.64,85,Bangalore Warehouse,854,2026-06-21,,,,,,,,,,,,,,
1678,6,55,2024-12-22,2024-12-28,2025-01-02,196,In Transit,Odio Product,Furniture,4563.23,5,Bhavsar-Sampath,Bangalore,2.52,3.72,55,Bangalore Warehouse,422,2026-07-01,,,,,,,,,,,,,,
1679,1,138,2026-03-15,2026-03-17,2026-03-19,311,Delayed,Commodi Product,Groceries,4831.21,4,"Balasubramanian, Gara and Memon",Nadiad,5.69,4.88,138,Bangalore Warehouse,589,2026-06-20,,,,,,,,,,,,,,
1680,5,78,2025-07-03,2025-07-11,2025-07-14,268,Delayed,Quam Product,Clothing,1593.13,4,Chander-Sibal,Kochi,6.81,4.37,78,Hyderabad Warehouse,637,2026-07-09,,,,,,,,,,,,,,
1681,12,78,2026-04-12,2026-04-20,2026-04-22,79,Cancelled,Quam Product,Clothing,1593.13,4,Thakur and Sons,Kanpur,5.83,3.5,78,Hyderabad Warehouse,637,2026-07-09,57.0,Port Congestion,Low,Laboriosam est nobis velit numquam architecto.,2025-12-15,57.0,Expedite Shipment,Rejected,2025-12-09,57.0,Pending,15.0,4082.13,Shipment rerouted
1682,3,48,2025-11-14,2025-11-21,2025-11-25,325,Delayed,Neque Product,Medical,518.28,5,"Balan, Virk and Mangal",Bangalore,3.73,4.49,48,Delhi Warehouse,626,2026-06-27,,,,,,,,,,,,,,
1683,2,112,2026-04-17,2026-04-21,2026-04-22,294,In Transit,Modi Product,Electronics,2985.26,19,Gour Ltd,Bhilwara,8.05,3.83,112,Bangalore Warehouse,212,2026-06-25,,,,,,,,,,,,,,
1684,12,109,2024-12-28,2025-01-04,2025-01-06,75,Delayed,Beatae Product,Automotive,1167.1,12,Thakur and Sons,Kanpur,5.83,3.5,109,Mumbai Warehouse,573,2026-06-17,,,,,,,,,,,,,,
1685,6,91,2025-04-18,2025-04-24,2025-04-28,186,Delayed,Laudantium Product,Furniture,3665.32,5,Bhavsar-Sampath,Bangalore,2.52,3.72,91,Hyderabad Warehouse,678,2026-07-12,,,,,,,,,,,,,,
1686,8,63,2026-05-15,2026-05-17,2026-05-20,447,In Transit,Minus Product,Electronics,1218.88,8,Hans-Bir,Siliguri,2.43,4.68,63,Hyderabad Warehouse,518,2026-06-17,,,,,,,,,,,,,,
1687,17,46,2024-08-30,2024-09-06,2024-09-05,496,Cancelled,Impedit Product,Electronics,1574.36,7,"Sule, Jaggi and Char",Pallavaram,6.39,3.52,46,Chennai Warehouse,372,2026-06-23,,,,,,,,,,,,,,
1688,7,12,2025-06-23,2025-06-28,2025-06-30,121,Delivered,Fugit Product,Clothing,1357.85,15,Wali PLC,Khandwa,2.76,4.43,12,Hyderabad Warehouse,878,2026-06-22,,,,,,,,,,,,,,
1689,14,112,2024-08-01,2024-08-03,2024-08-01,168,In Transit,Modi Product,Electronics,2985.26,19,"Bahri, Dugar and Ratti",Kottayam,8.09,4.85,112,Bangalore Warehouse,212,2026-06-25,,,,,,,,,,,,,,
1690,14,98,2024-08-30,2024-09-06,2024-09-10,33,Delayed,Quae Product,Clothing,2022.11,14,"Bahri, Dugar and Ratti",Kottayam,8.09,4.85,98,Hyderabad Warehouse,832,2026-07-05,,,,,,,,,,,,,,
1691,4,51,2026-01-01,2026-01-06,2026-01-10,403,Cancelled,Corrupti Product,Medical,1864.29,15,Rajagopal-Jayaraman,Jalna,1.0,3.51,51,Chennai Warehouse,926,2026-07-02,,,,,,,,,,,,,,
1692,9,133,2025-01-07,2025-01-10,2025-01-11,458,Delayed,Doloremque Product,Groceries,552.4,17,"Loyal, Varma and Tripathi",Firozabad,9.75,4.64,133,Hyderabad Warehouse,760,2026-06-27,,,,,,,,,,,,,,
1693,6,57,2025-12-27,2026-01-04,2026-01-09,321,Delayed,Distinctio Product,Automotive,863.84,19,Bhavsar-Sampath,Bangalore,2.52,3.72,57,Hyderabad Warehouse,848,2026-06-28,,,,,,,,,,,,,,
1694,9,15,2026-04-04,2026-04-08,2026-04-08,357,Cancelled,Dolore Product,Automotive,1024.49,5,"Loyal, Varma and Tripathi",Firozabad,9.75,4.64,15,Chennai Warehouse,343,2026-07-02,,,,,,,,,,,,,,
1695,13,79,2026-01-05,2026-01-07,2026-01-11,57,Delivered,Officiis Product,Automotive,3036.4,6,"Borah, Gill and Varma",Dehri,6.15,3.78,79,Bangalore Warehouse,898,2026-06-30,,,,,,,,,,,,,,
1696,4,145,2026-02-12,2026-02-14,2026-02-14,362,In Transit,Provident Product,Groceries,3598.65,5,Rajagopal-Jayaraman,Jalna,1.0,3.51,145,Bangalore Warehouse,739,2026-06-24,,,,,,,,,,,,,,
1697,14,67,2026-01-21,2026-01-26,2026-01-28,59,Delayed,Omnis Product,Clothing,1337.97,5,"Bahri, Dugar and Ratti",Kottayam,8.09,4.85,67,Hyderabad Warehouse,994,2026-06-29,,,,,,,,,,,,,,
1698,5,29,2025-03-24,2025-03-28,2025-04-02,448,Delayed,Architecto Product,Furniture,4183.31,3,Chander-Sibal,Kochi,6.81,4.37,29,Chennai Warehouse,981,2026-06-27,,,,,,,,,,,,,,
1699,19,112,2024-09-21,2024-09-24,2024-09-28,298,Cancelled,Modi Product,Electronics,2985.26,19,"Nagar, Hari and Chada",Munger,9.42,4.61,112,Bangalore Warehouse,212,2026-06-25,,,,,,,,,,,,,,
1700,17,132,2025-07-28,2025-07-30,2025-08-01,210,In Transit,Quisquam Product,Groceries,1498.72,7,"Sule, Jaggi and Char",Pallavaram,6.39,3.52,132,Mumbai Warehouse,860,2026-07-05,,,,,,,,,,,,,,
1701,6,67,2026-07-15,2026-07-23,2026-07-23,213,In Transit,Omnis Product,Clothing,1337.97,5,Bhavsar-Sampath,Bangalore,2.52,3.72,67,Hyderabad Warehouse,994,2026-06-29,,,,,,,,,,,,,,
1702,13,108,2026-01-12,2026-01-16,2026-01-17,222,In Transit,Debitis Product,Automotive,3133.95,9,"Borah, Gill and Varma",Dehri,6.15,3.78,108,Hyderabad Warehouse,767,2026-07-07,,,,,,,,,,,,,,
1703,5,86,2026-03-06,2026-03-16,2026-03-20,495,In Transit,Aliquam Product,Electronics,2475.27,3,Chander-Sibal,Kochi,6.81,4.37,86,Mumbai Warehouse,687,2026-06-23,,,,,,,,,,,,,,
1704,10,99,2025-09-18,2025-09-24,2025-09-26,348,In Transit,Quia Product,Furniture,677.17,19,"Mitter, Srinivasan and Dixit",Shimoga,1.81,3.9,99,Hyderabad Warehouse,72,2026-06-26,,,,,,,,,,,,,,
1705,12,114,2024-11-14,2024-11-18,2024-11-18,87,Cancelled,Dicta Product,Clothing,1943.15,20,Thakur and Sons,Kanpur,5.83,3.5,114,Hyderabad Warehouse,822,2026-07-08,372.0,Transport Strike,Low,Sequi quo eveniet nihil.,2025-08-27,372.0,Expedite Shipment,Approved,2026-02-18,372.0,Pending,8.0,-2546.13,Minor delay occurred
1706,8,23,2025-05-27,2025-06-06,2025-06-04,107,Delayed,Quibusdam Product,Furniture,2588.22,10,Hans-Bir,Siliguri,2.43,4.68,23,Delhi Warehouse,912,2026-06-19,,,,,,,,,,,,,,
1707,7,24,2025-06-11,2025-06-13,2025-06-12,382,Cancelled,Dolorem Product,Medical,3211.29,13,Wali PLC,Khandwa,2.76,4.43,24,Bangalore Warehouse,374,2026-06-27,16.0,Port Congestion,Medium,Voluptate nobis tempora at consectetur soluta ducimus similique.,2025-08-10,16.0,Expedite Shipment,Implemented,2026-05-26,16.0,Pending,0.0,6821.31,Supplier changed
1708,1,112,2025-08-25,2025-08-31,2025-09-01,27,In Transit,Modi Product,Electronics,2985.26,19,"Balasubramanian, Gara and Memon",Nadiad,5.69,4.88,112,Bangalore Warehouse,212,2026-06-25,,,,,,,,,,,,,,
1709,8,52,2026-06-05,2026-06-07,2026-06-05,357,Delayed,Architecto Product,Medical,1642.77,20,Hans-Bir,Siliguri,2.43,4.68,52,Mumbai Warehouse,918,2026-06-30,,,,,,,,,,,,,,
1710,12,20,2025-04-05,2025-04-11,2025-04-09,165,Delayed,Laborum Product,Electronics,563.85,5,Thakur and Sons,Kanpur,5.83,3.5,20,Bangalore Warehouse,426,2026-07-15,,,,,,,,,,,,,,
1711,17,44,2026-01-17,2026-01-19,2026-01-23,411,Delivered,Voluptatum Product,Groceries,3216.56,15,"Sule, Jaggi and Char",Pallavaram,6.39,3.52,44,Chennai Warehouse,740,2026-07-04,291.0,Supplier Delay,High,Voluptate a libero commodi quod.,2026-04-19,291.0,Change Transport Route,Implemented,2025-11-22,291.0,Pending,10.0,3839.08,Cost increased
1712,18,26,2025-01-04,2025-01-08,2025-01-11,317,In Transit,Ducimus Product,Medical,488.37,16,Raju and Sons,Etawah,3.81,4.27,26,Mumbai Warehouse,280,2026-07-04,,,,,,,,,,,,,,
1713,1,6,2026-02-05,2026-02-07,2026-02-10,388,In Transit,Reiciendis Product,Furniture,3938.69,18,"Balasubramanian, Gara and Memon",Nadiad,5.69,4.88,6,Bangalore Warehouse,894,2026-06-26,,,,,,,,,,,,,,
1714,9,148,2025-07-14,2025-07-16,2025-07-20,22,Delayed,Saepe Product,Groceries,920.71,10,"Loyal, Varma and Tripathi",Firozabad,9.75,4.64,148,Delhi Warehouse,944,2026-06-16,393.0,Supplier Delay,High,Minus labore modi quibusdam vero quae.,2026-04-27,393.0,Change Transport Route,Approved,2026-07-02,393.0,Failed,15.0,4853.73,Shipment rerouted
1715,5,59,2025-02-25,2025-03-04,2025-03-05,181,In Transit,Omnis Product,Electronics,2194.29,10,Chander-Sibal,Kochi,6.81,4.37,59,Chennai Warehouse,265,2026-07-01,,,,,,,,,,,,,,
1716,10,80,2025-09-05,2025-09-10,2025-09-09,276,In Transit,Corporis Product,Medical,4255.47,15,"Mitter, Srinivasan and Dixit",Shimoga,1.81,3.9,80,Mumbai Warehouse,656,2026-07-08,,,,,,,,,,,,,,
1717,9,93,2026-03-18,2026-03-23,2026-03-21,313,Delivered,Nemo Product,Automotive,3838.07,10,"Loyal, Varma and Tripathi",Firozabad,9.75,4.64,93,Mumbai Warehouse,413,2026-06-19,341.0,Port Congestion,High,Quod quod harum eos itaque ipsam saepe.,2025-11-05,341.0,Expedite Shipment,Approved,2025-10-09,341.0,Pending,2.0,5430.85,Supplier changed
1718,9,106,2025-03-16,2025-03-26,2025-03-26,106,In Transit,Officiis Product,Clothing,3586.71,17,"Loyal, Varma and Tripathi",Firozabad,9.75,4.64,106,Delhi Warehouse,595,2026-06-23,,,,,,,,,,,,,,
1719,5,109,2026-03-18,2026-03-26,2026-03-31,42,Delivered,Beatae Product,Automotive,1167.1,12,Chander-Sibal,Kochi,6.81,4.37,109,Mumbai Warehouse,573,2026-06-17,,,,,,,,,,,,,,
1720,11,37,2025-07-31,2025-08-03,2025-08-05,167,Delayed,Earum Product,Groceries,442.22,11,Banerjee Group,Alappuzha,8.52,4.3,37,Mumbai Warehouse,198,2026-06-16,,,,,,,,,,,,,,
1721,16,125,2024-11-15,2024-11-22,2024-11-21,367,Delivered,Consectetur Product,Clothing,1221.23,13,Handa-Manda,Vijayanagaram,8.66,4.77,125,Chennai Warehouse,72,2026-06-29,,,,,,,,,,,,,,
1722,12,36,2025-07-08,2025-07-16,2025-07-16,145,Delivered,Suscipit Product,Electronics,2750.46,10,Thakur and Sons,Kanpur,5.83,3.5,36,Hyderabad Warehouse,271,2026-07-15,,,,,,,,,,,,,,
1723,15,115,2025-09-07,2025-09-09,2025-09-08,496,Delivered,Accusamus Product,Clothing,1194.04,7,Sastry and Sons,Haldia,5.45,4.34,115,Chennai Warehouse,832,2026-06-27,,,,,,,,,,,,,,
1724,3,19,2026-01-17,2026-01-19,2026-01-17,349,In Transit,Officia Product,Electronics,667.17,9,"Balan, Virk and Mangal",Bangalore,3.73,4.49,19,Bangalore Warehouse,273,2026-06-24,,,,,,,,,,,,,,
1725,13,113,2025-05-31,2025-06-03,2025-06-02,14,Cancelled,Placeat Product,Groceries,4202.62,15,"Borah, Gill and Varma",Dehri,6.15,3.78,113,Mumbai Warehouse,228,2026-07-12,510.0,Port Congestion,High,Voluptatibus atque eius velit maxime.,2025-07-27,510.0,Change Transport Route,Pending,2025-11-02,510.0,Failed,4.0,11554.65,Cost increased
1726,11,105,2026-06-21,2026-06-24,2026-06-28,431,Cancelled,Tenetur Product,Clothing,1337.9,1,Banerjee Group,Alappuzha,8.52,4.3,105,Hyderabad Warehouse,84,2026-07-03,,,,,,,,,,,,,,
1727,10,136,2024-08-15,2024-08-17,2024-08-18,210,Delayed,Facilis Product,Groceries,4154.63,13,"Mitter, Srinivasan and Dixit",Shimoga,1.81,3.9,136,Bangalore Warehouse,943,2026-07-08,563.0,Machine Failure,Medium,Possimus odit rerum asperiores nostrum magnam.,2026-05-29,563.0,Increase Safety Stock,Implemented,2025-10-07,563.0,Pending,3.0,-1294.14,Shipment rerouted
1728,1,123,2026-05-14,2026-05-23,2026-05-23,81,In Transit,Amet Product,Electronics,2966.03,9,"Balasubramanian, Gara and Memon",Nadiad,5.69,4.88,123,Chennai Warehouse,249,2026-06-23,107.0,Transport Strike,Medium,Deserunt cumque fugit delectus.,2026-05-31,107.0,Increase Safety Stock,Rejected,2025-10-28,107.0,Pending,7.0,10464.69,Cost increased
1729,19,42,2026-02-03,2026-02-11,2026-02-14,27,In Transit,Exercitationem Product,Medical,980.26,5,"Nagar, Hari and Chada",Munger,9.42,4.61,42,Bangalore Warehouse,493,2026-07-01,,,,,,,,,,,,,,
1730,6,114,2026-06-05,2026-06-13,2026-06-14,349,Delivered,Dicta Product,Clothing,1943.15,20,Bhavsar-Sampath,Bangalore,2.52,3.72,114,Hyderabad Warehouse,822,2026-07-08,170.0,Transport Strike,High,Praesentium quam quod nostrum unde perferendis.,2026-05-15,170.0,Switch Supplier,Rejected,2026-04-03,170.0,Partially Resolved,3.0,1374.6,Minor delay occurred
1730,6,114,2026-06-05,2026-06-13,2026-06-14,349,Delivered,Dicta Product,Clothing,1943.15,20,Bhavsar-Sampath,Bangalore,2.52,3.72,114,Hyderabad Warehouse,822,2026-07-08,353.0,Supplier Delay,High,Minima deleniti aperiam.,2025-10-27,353.0,Increase Safety Stock,Rejected,2025-11-01,353.0,Resolved,8.0,11422.95,Cost increased
1731,10,82,2025-03-15,2025-03-23,2025-03-27,61,Delivered,Unde Product,Electronics,3347.22,1,"Mitter, Srinivasan and Dixit",Shimoga,1.81,3.9,82,Hyderabad Warehouse,481,2026-07-04,,,,,,,,,,,,,,
1732,7,62,2025-09-13,2025-09-19,2025-09-22,297,Delivered,Officiis Product,Medical,3477.18,12,Wali PLC,Khandwa,2.76,4.43,62,Chennai Warehouse,668,2026-07-05,,,,,,,,,,,,,,
1733,1,24,2026-03-06,2026-03-15,2026-03-15,274,Delayed,Dolorem Product,Medical,3211.29,13,"Balasubramanian, Gara and Memon",Nadiad,5.69,4.88,24,Bangalore Warehouse,374,2026-06-27,,,,,,,,,,,,,,
1734,11,10,2025-09-09,2025-09-19,2025-09-18,119,In Transit,Ratione Product,Medical,834.09,9,Banerjee Group,Alappuzha,8.52,4.3,10,Hyderabad Warehouse,815,2026-07-09,,,,,,,,,,,,,,
1735,18,19,2025-09-24,2025-09-28,2025-10-01,139,In Transit,Officia Product,Electronics,667.17,9,Raju and Sons,Etawah,3.81,4.27,19,Bangalore Warehouse,273,2026-06-24,,,,,,,,,,,,,,
1736,12,53,2025-10-22,2025-11-01,2025-10-30,376,Cancelled,Ea Product,Clothing,3005.08,10,Thakur and Sons,Kanpur,5.83,3.5,53,Delhi Warehouse,480,2026-06-28,,,,,,,,,,,,,,
1737,15,36,2026-03-30,2026-04-03,2026-04-07,492,Cancelled,Suscipit Product,Electronics,2750.46,10,Sastry and Sons,Haldia,5.45,4.34,36,Hyderabad Warehouse,271,2026-07-15,,,,,,,,,,,,,,
1738,8,121,2025-08-25,2025-09-01,2025-09-01,392,Delayed,Veniam Product,Furniture,3093.62,19,Hans-Bir,Siliguri,2.43,4.68,121,Bangalore Warehouse,683,2026-06-20,292.0,Supplier Delay,Low,Ad ut incidunt quis ea.,2026-04-15,292.0,Expedite Shipment,Rejected,2025-11-28,292.0,Resolved,3.0,3858.35,Cost increased
1739,12,51,2024-12-29,2025-01-07,2025-01-09,189,Cancelled,Corrupti Product,Medical,1864.29,15,Thakur and Sons,Kanpur,5.83,3.5,51,Chennai Warehouse,926,2026-07-02,,,,,,,,,,,,,,
1740,6,106,2025-02-07,2025-02-11,2025-02-16,240,Delayed,Officiis Product,Clothing,3586.71,17,Bhavsar-Sampath,Bangalore,2.52,3.72,106,Delhi Warehouse,595,2026-06-23,,,,,,,,,,,,,,
1741,1,43,2024-08-15,2024-08-20,2024-08-18,75,Delayed,Exercitationem Product,Furniture,2754.15,12,"Balasubramanian, Gara and Memon",Nadiad,5.69,4.88,43,Delhi Warehouse,560,2026-06-21,,,,,,,,,,,,,,
1742,5,38,2026-06-04,2026-06-07,2026-06-09,229,Delayed,Laborum Product,Groceries,3934.86,13,Chander-Sibal,Kochi,6.81,4.37,38,Mumbai Warehouse,317,2026-07-03,280.0,Weather,Low,Rem nemo minima delectus.,2025-10-18,280.0,Switch Supplier,Pending,2026-01-02,280.0,Failed,12.0,-2816.36,Cost increased
1743,2,137,2025-11-15,2025-11-20,2025-11-23,332,Cancelled,Aliquid Product,Medical,3630.8,13,Gour Ltd,Bhilwara,8.05,3.83,137,Delhi Warehouse,82,2026-07-03,,,,,,,,,,,,,,
1744,1,51,2024-09-01,2024-09-06,2024-09-09,113,Delayed,Corrupti Product,Medical,1864.29,15,"Balasubramanian, Gara and Memon",Nadiad,5.69,4.88,51,Chennai Warehouse,926,2026-07-02,,,,,,,,,,,,,,
1745,2,114,2025-11-05,2025-11-15,2025-11-15,490,Delivered,Dicta Product,Clothing,1943.15,20,Gour Ltd,Bhilwara,8.05,3.83,114,Hyderabad Warehouse,822,2026-07-08,,,,,,,,,,,,,,
1746,15,25,2026-05-15,2026-05-22,2026-05-25,283,Delayed,Vel Product,Automotive,3265.92,1,Sastry and Sons,Haldia,5.45,4.34,25,Bangalore Warehouse,437,2026-07-06,,,,,,,,,,,,,,
1747,12,150,2024-07-29,2024-08-08,2024-08-09,118,Cancelled,Harum Product,Furniture,1928.91,14,Thakur and Sons,Kanpur,5.83,3.5,150,Bangalore Warehouse,533,2026-07-09,,,,,,,,,,,,,,
1748,10,102,2025-06-11,2025-06-17,2025-06-20,84,Delivered,Molestias Product,Furniture,2262.92,3,"Mitter, Srinivasan and Dixit",Shimoga,1.81,3.9,102,Chennai Warehouse,835,2026-06-22,,,,,,,,,,,,,,
1749,2,34,2025-07-06,2025-07-08,2025-07-09,302,Cancelled,Consequatur Product,Automotive,4834.5,8,Gour Ltd,Bhilwara,8.05,3.83,34,Delhi Warehouse,280,2026-06-18,374.0,Traffic,High,Eos voluptas perspiciatis neque.,2026-06-01,374.0,Increase Safety Stock,Pending,2025-09-10,374.0,Resolved,8.0,10550.53,Supplier changed
1750,18,48,2026-01-26,2026-02-01,2026-01-31,188,Delayed,Neque Product,Medical,518.28,5,Raju and Sons,Etawah,3.81,4.27,48,Delhi Warehouse,626,2026-06-27,,,,,,,,,,,,,,
1751,3,141,2025-12-30,2026-01-08,2026-01-09,410,In Transit,Provident Product,Automotive,4798.63,6,"Balan, Virk and Mangal",Bangalore,3.73,4.49,141,Delhi Warehouse,291,2026-07-10,,,,,,,,,,,,,,
1752,2,111,2026-07-14,2026-07-21,2026-07-25,474,Delivered,Quaerat Product,Clothing,218.68,3,Gour Ltd,Bhilwara,8.05,3.83,111,Hyderabad Warehouse,662,2026-07-13,,,,,,,,,,,,,,
1753,1,24,2026-04-22,2026-05-02,2026-05-06,121,In Transit,Dolorem Product,Medical,3211.29,13,"Balasubramanian, Gara and Memon",Nadiad,5.69,4.88,24,Bangalore Warehouse,374,2026-06-27,,,,,,,,,,,,,,
1754,3,106,2026-06-24,2026-07-04,2026-07-05,69,Delayed,Officiis Product,Clothing,3586.71,17,"Balan, Virk and Mangal",Bangalore,3.73,4.49,106,Delhi Warehouse,595,2026-06-23,,,,,,,,,,,,,,
1755,17,29,2025-06-08,2025-06-10,2025-06-10,473,Delivered,Architecto Product,Furniture,4183.31,3,"Sule, Jaggi and Char",Pallavaram,6.39,3.52,29,Chennai Warehouse,981,2026-06-27,,,,,,,,,,,,,,
1756,15,11,2025-07-25,2025-07-29,2025-07-29,195,Cancelled,Ducimus Product,Clothing,2306.22,11,Sastry and Sons,Haldia,5.45,4.34,11,Delhi Warehouse,137,2026-06-19,,,,,,,,,,,,,,
1757,10,20,2025-03-29,2025-04-05,2025-04-10,57,Delivered,Laborum Product,Electronics,563.85,5,"Mitter, Srinivasan and Dixit",Shimoga,1.81,3.9,20,Bangalore Warehouse,426,2026-07-15,,,,,,,,,,,,,,
1758,5,58,2024-09-21,2024-10-01,2024-09-29,84,In Transit,Tempore Product,Groceries,4870.19,6,Chander-Sibal,Kochi,6.81,4.37,58,Bangalore Warehouse,328,2026-07-11,,,,,,,,,,,,,,
1759,7,120,2025-11-20,2025-11-29,2025-12-01,444,Delivered,Magnam Product,Electronics,3329.48,19,Wali PLC,Khandwa,2.76,4.43,120,Bangalore Warehouse,996,2026-07-07,,,,,,,,,,,,,,
1760,13,67,2024-12-12,2024-12-17,2024-12-18,429,Delivered,Omnis Product,Clothing,1337.97,5,"Borah, Gill and Varma",Dehri,6.15,3.78,67,Hyderabad Warehouse,994,2026-06-29,427.0,Supplier Delay,Medium,Itaque recusandae excepturi dignissimos ratione.,2026-02-05,427.0,Expedite Shipment,Pending,2025-07-27,427.0,Pending,5.0,-376.38,Shipment rerouted
1761,4,26,2025-01-11,2025-01-20,2025-01-25,290,Delivered,Ducimus Product,Medical,488.37,16,Rajagopal-Jayaraman,Jalna,1.0,3.51,26,Mumbai Warehouse,280,2026-07-04,,,,,,,,,,,,,,
1762,4,130,2025-10-04,2025-10-11,2025-10-13,393,Delivered,Rerum Product,Clothing,379.31,9,Rajagopal-Jayaraman,Jalna,1.0,3.51,130,Bangalore Warehouse,702,2026-06-28,,,,,,,,,,,,,,
1763,1,46,2026-07-07,2026-07-10,2026-07-11,455,Cancelled,Impedit Product,Electronics,1574.36,7,"Balasubramanian, Gara and Memon",Nadiad,5.69,4.88,46,Chennai Warehouse,372,2026-06-23,17.0,Machine Failure,Low,Non perspiciatis vel molestiae.,2025-09-17,17.0,Change Transport Route,Approved,2025-10-18,17.0,Partially Resolved,15.0,11419.18,Shipment rerouted
1764,19,75,2024-11-29,2024-12-03,2024-12-02,372,In Transit,Recusandae Product,Automotive,4884.77,14,"Nagar, Hari and Chada",Munger,9.42,4.61,75,Chennai Warehouse,450,2026-07-07,,,,,,,,,,,,,,
1765,13,137,2025-10-07,2025-10-11,2025-10-14,138,Cancelled,Aliquid Product,Medical,3630.8,13,"Borah, Gill and Varma",Dehri,6.15,3.78,137,Delhi Warehouse,82,2026-07-03,,,,,,,,,,,,,,
1766,1,68,2024-10-01,2024-10-05,2024-10-04,98,In Transit,Delectus Product,Clothing,4916.43,20,"Balasubramanian, Gara and Memon",Nadiad,5.69,4.88,68,Chennai Warehouse,660,2026-06-18,,,,,,,,,,,,,,
1767,6,144,2025-11-21,2025-11-27,2025-11-28,293,Delivered,Ipsam Product,Electronics,744.79,2,Bhavsar-Sampath,Bangalore,2.52,3.72,144,Mumbai Warehouse,720,2026-06-29,,,,,,,,,,,,,,
1768,17,126,2025-09-06,2025-09-11,2025-09-16,298,In Transit,Nemo Product,Groceries,3018.63,8,"Sule, Jaggi and Char",Pallavaram,6.39,3.52,126,Chennai Warehouse,306,2026-07-05,,,,,,,,,,,,,,
1769,11,136,2024-11-25,2024-12-02,2024-12-04,43,In Transit,Facilis Product,Groceries,4154.63,13,Banerjee Group,Alappuzha,8.52,4.3,136,Bangalore Warehouse,943,2026-07-08,,,,,,,,,,,,,,
1770,10,10,2024-10-22,2024-10-29,2024-10-28,245,Delivered,Ratione Product,Medical,834.09,9,"Mitter, Srinivasan and Dixit",Shimoga,1.81,3.9,10,Hyderabad Warehouse,815,2026-07-09,,,,,,,,,,,,,,
1771,13,79,2025-03-10,2025-03-15,2025-03-14,107,Cancelled,Officiis Product,Automotive,3036.4,6,"Borah, Gill and Varma",Dehri,6.15,3.78,79,Bangalore Warehouse,898,2026-06-30,,,,,,,,,,,,,,
1772,15,136,2025-01-23,2025-01-27,2025-02-01,432,In Transit,Facilis Product,Groceries,4154.63,13,Sastry and Sons,Haldia,5.45,4.34,136,Bangalore Warehouse,943,2026-07-08,254.0,Weather,Medium,Corrupti magni velit delectus aut dolore.,2025-09-05,254.0,Switch Supplier,Approved,2026-05-20,254.0,Pending,0.0,-539.51,Issue resolved successfully
1773,5,56,2026-07-08,2026-07-13,2026-07-11,383,In Transit,Error Product,Electronics,333.18,11,Chander-Sibal,Kochi,6.81,4.37,56,Chennai Warehouse,777,2026-07-07,,,,,,,,,,,,,,
1774,1,146,2025-10-04,2025-10-08,2025-10-11,121,Cancelled,Minus Product,Furniture,4540.31,18,"Balasubramanian, Gara and Memon",Nadiad,5.69,4.88,146,Delhi Warehouse,858,2026-06-21,,,,,,,,,,,,,,
1775,11,148,2025-06-14,2025-06-20,2025-06-20,40,Cancelled,Saepe Product,Groceries,920.71,10,Banerjee Group,Alappuzha,8.52,4.3,148,Delhi Warehouse,944,2026-06-16,,,,,,,,,,,,,,
1776,19,5,2024-11-06,2024-11-09,2024-11-07,337,Delivered,Occaecati Product,Medical,1257.97,15,"Nagar, Hari and Chada",Munger,9.42,4.61,5,Hyderabad Warehouse,892,2026-07-08,,,,,,,,,,,,,,
1777,7,76,2024-08-11,2024-08-15,2024-08-15,12,In Transit,Sunt Product,Electronics,2690.2,2,Wali PLC,Khandwa,2.76,4.43,76,Delhi Warehouse,630,2026-06-16,,,,,,,,,,,,,,
1778,2,103,2026-04-29,2026-05-02,2026-05-05,102,Delayed,Sunt Product,Furniture,3330.94,12,Gour Ltd,Bhilwara,8.05,3.83,103,Chennai Warehouse,485,2026-07-13,,,,,,,,,,,,,,
1779,1,150,2026-03-08,2026-03-18,2026-03-19,270,Delivered,Harum Product,Furniture,1928.91,14,"Balasubramanian, Gara and Memon",Nadiad,5.69,4.88,150,Bangalore Warehouse,533,2026-07-09,,,,,,,,,,,,,,
1780,14,95,2024-09-05,2024-09-12,2024-09-17,139,In Transit,Temporibus Product,Automotive,2131.71,12,"Bahri, Dugar and Ratti",Kottayam,8.09,4.85,95,Hyderabad Warehouse,870,2026-07-10,,,,,,,,,,,,,,
1781,16,68,2024-12-27,2024-12-29,2024-12-31,469,Delivered,Delectus Product,Clothing,4916.43,20,Handa-Manda,Vijayanagaram,8.66,4.77,68,Chennai Warehouse,660,2026-06-18,,,,,,,,,,,,,,
1782,8,43,2026-01-13,2026-01-20,2026-01-20,89,In Transit,Exercitationem Product,Furniture,2754.15,12,Hans-Bir,Siliguri,2.43,4.68,43,Delhi Warehouse,560,2026-06-21,,,,,,,,,,,,,,
1783,1,17,2025-02-05,2025-02-10,2025-02-15,95,In Transit,Veniam Product,Clothing,2682.42,6,"Balasubramanian, Gara and Memon",Nadiad,5.69,4.88,17,Bangalore Warehouse,243,2026-07-06,,,,,,,,,,,,,,
1784,9,12,2025-11-26,2025-11-29,2025-12-03,248,Delayed,Fugit Product,Clothing,1357.85,15,"Loyal, Varma and Tripathi",Firozabad,9.75,4.64,12,Hyderabad Warehouse,878,2026-06-22,,,,,,,,,,,,,,
1785,19,75,2024-12-07,2024-12-09,2024-12-10,416,Delivered,Recusandae Product,Automotive,4884.77,14,"Nagar, Hari and Chada",Munger,9.42,4.61,75,Chennai Warehouse,450,2026-07-07,,,,,,,,,,,,,,
1786,9,42,2026-04-16,2026-04-21,2026-04-24,306,Delivered,Exercitationem Product,Medical,980.26,5,"Loyal, Varma and Tripathi",Firozabad,9.75,4.64,42,Bangalore Warehouse,493,2026-07-01,41.0,Traffic,Medium,Minima qui quisquam dolorem.,2025-09-17,41.0,Switch Supplier,Rejected,2026-01-24,41.0,Partially Resolved,11.0,1215.53,Shipment rerouted
1787,1,112,2024-11-24,2024-12-04,2024-12-02,361,In Transit,Modi Product,Electronics,2985.26,19,"Balasubramanian, Gara and Memon",Nadiad,5.69,4.88,112,Bangalore Warehouse,212,2026-06-25,,,,,,,,,,,,,,
1788,17,137,2025-02-18,2025-02-26,2025-02-28,211,Delayed,Aliquid Product,Medical,3630.8,13,"Sule, Jaggi and Char",Pallavaram,6.39,3.52,137,Delhi Warehouse,82,2026-07-03,,,,,,,,,,,,,,
1789,6,146,2024-10-16,2024-10-19,2024-10-22,361,Delivered,Minus Product,Furniture,4540.31,18,Bhavsar-Sampath,Bangalore,2.52,3.72,146,Delhi Warehouse,858,2026-06-21,,,,,,,,,,,,,,
1790,11,10,2025-03-15,2025-03-21,2025-03-22,142,Delivered,Ratione Product,Medical,834.09,9,Banerjee Group,Alappuzha,8.52,4.3,10,Hyderabad Warehouse,815,2026-07-09,,,,,,,,,,,,,,
1791,12,133,2026-07-02,2026-07-08,2026-07-11,451,Delivered,Doloremque Product,Groceries,552.4,17,Thakur and Sons,Kanpur,5.83,3.5,133,Hyderabad Warehouse,760,2026-06-27,,,,,,,,,,,,,,
1792,10,145,2025-12-01,2025-12-09,2025-12-09,192,Cancelled,Provident Product,Groceries,3598.65,5,"Mitter, Srinivasan and Dixit",Shimoga,1.81,3.9,145,Bangalore Warehouse,739,2026-06-24,,,,,,,,,,,,,,
1793,13,140,2026-02-26,2026-02-28,2026-03-01,327,Cancelled,Recusandae Product,Groceries,2705.55,15,"Borah, Gill and Varma",Dehri,6.15,3.78,140,Hyderabad Warehouse,927,2026-06-18,,,,,,,,,,,,,,
1794,4,60,2024-12-29,2024-12-31,2024-12-30,460,Delivered,Ipsa Product,Furniture,2536.82,19,Rajagopal-Jayaraman,Jalna,1.0,3.51,60,Bangalore Warehouse,753,2026-07-14,,,,,,,,,,,,,,
1795,1,89,2025-09-20,2025-09-25,2025-09-25,420,Delivered,Fugiat Product,Electronics,4524.8,7,"Balasubramanian, Gara and Memon",Nadiad,5.69,4.88,89,Bangalore Warehouse,597,2026-06-18,,,,,,,,,,,,,,
1796,5,94,2025-10-20,2025-10-30,2025-10-29,413,Cancelled,Culpa Product,Clothing,4115.37,20,Chander-Sibal,Kochi,6.81,4.37,94,Delhi Warehouse,329,2026-07-15,,,,,,,,,,,,,,
1797,6,77,2024-09-26,2024-10-06,2024-10-05,400,Cancelled,Dolorum Product,Clothing,4786.13,4,Bhavsar-Sampath,Bangalore,2.52,3.72,77,Hyderabad Warehouse,307,2026-07-05,,,,,,,,,,,,,,
1798,16,144,2026-02-10,2026-02-13,2026-02-17,63,Cancelled,Ipsam Product,Electronics,744.79,2,Handa-Manda,Vijayanagaram,8.66,4.77,144,Mumbai Warehouse,720,2026-06-29,,,,,,,,,,,,,,
1799,10,121,2025-06-09,2025-06-14,2025-06-15,119,Delivered,Veniam Product,Furniture,3093.62,19,"Mitter, Srinivasan and Dixit",Shimoga,1.81,3.9,121,Bangalore Warehouse,683,2026-06-20,,,,,,,,,,,,,,
1800,10,63,2024-10-20,2024-10-29,2024-10-31,285,Delayed,Minus Product,Electronics,1218.88,8,"Mitter, Srinivasan and Dixit",Shimoga,1.81,3.9,63,Hyderabad Warehouse,518,2026-06-17,,,,,,,,,,,,,,
1801,15,102,2025-04-11,2025-04-19,2025-04-19,497,Delivered,Molestias Product,Furniture,2262.92,3,Sastry and Sons,Haldia,5.45,4.34,102,Chennai Warehouse,835,2026-06-22,,,,,,,,,,,,,,
1802,15,107,2024-11-06,2024-11-11,2024-11-09,362,Delayed,Repudiandae Product,Automotive,609.59,11,Sastry and Sons,Haldia,5.45,4.34,107,Delhi Warehouse,711,2026-07-01,597.0,Port Congestion,Low,Voluptatibus qui possimus.,2026-01-16,597.0,Switch Supplier,Rejected,2025-11-25,597.0,Failed,11.0,3179.16,Issue resolved successfully
1803,5,105,2026-01-25,2026-01-30,2026-02-02,148,In Transit,Tenetur Product,Clothing,1337.9,1,Chander-Sibal,Kochi,6.81,4.37,105,Hyderabad Warehouse,84,2026-07-03,,,,,,,,,,,,,,
1804,20,73,2024-10-26,2024-11-01,2024-10-30,29,Delivered,Debitis Product,Furniture,1718.5,11,Chakraborty-Sengupta,Malda,5.0,3.56,73,Mumbai Warehouse,263,2026-07-09,,,,,,,,,,,,,,
1805,19,6,2026-04-07,2026-04-14,2026-04-15,272,Delivered,Reiciendis Product,Furniture,3938.69,18,"Nagar, Hari and Chada",Munger,9.42,4.61,6,Bangalore Warehouse,894,2026-06-26,,,,,,,,,,,,,,
1806,6,26,2025-11-19,2025-11-23,2025-11-28,50,Delayed,Ducimus Product,Medical,488.37,16,Bhavsar-Sampath,Bangalore,2.52,3.72,26,Mumbai Warehouse,280,2026-07-04,,,,,,,,,,,,,,
1807,12,70,2025-07-09,2025-07-13,2025-07-15,214,Cancelled,Excepturi Product,Automotive,4641.9,16,Thakur and Sons,Kanpur,5.83,3.5,70,Bangalore Warehouse,802,2026-06-20,,,,,,,,,,,,,,
1808,7,25,2026-04-29,2026-05-02,2026-05-06,146,Delivered,Vel Product,Automotive,3265.92,1,Wali PLC,Khandwa,2.76,4.43,25,Bangalore Warehouse,437,2026-07-06,,,,,,,,,,,,,,
1809,11,128,2025-12-21,2025-12-27,2025-12-26,145,Cancelled,Non Product,Clothing,4746.22,5,Banerjee Group,Alappuzha,8.52,4.3,128,Hyderabad Warehouse,464,2026-06-23,,,,,,,,,,,,,,
1810,2,119,2026-02-26,2026-03-03,2026-03-04,190,Delayed,Maxime Product,Furniture,4794.94,19,Gour Ltd,Bhilwara,8.05,3.83,119,Mumbai Warehouse,383,2026-07-01,,,,,,,,,,,,,,
1811,4,7,2026-03-20,2026-03-24,2026-03-27,382,Cancelled,Expedita Product,Furniture,1401.54,17,Rajagopal-Jayaraman,Jalna,1.0,3.51,7,Delhi Warehouse,512,2026-06-28,,,,,,,,,,,,,,
1812,1,21,2026-06-12,2026-06-18,2026-06-19,375,Delayed,Animi Product,Automotive,3616.57,8,"Balasubramanian, Gara and Memon",Nadiad,5.69,4.88,21,Delhi Warehouse,666,2026-06-27,,,,,,,,,,,,,,
1813,4,61,2025-06-17,2025-06-19,2025-06-19,191,In Transit,Eveniet Product,Furniture,3258.29,8,Rajagopal-Jayaraman,Jalna,1.0,3.51,61,Mumbai Warehouse,725,2026-06-20,59.0,Traffic,High,Dolorum veniam ullam quia fuga.,2026-04-24,59.0,Expedite Shipment,Rejected,2026-06-14,59.0,Failed,3.0,5696.01,Supplier changed
1814,7,41,2025-09-13,2025-09-22,2025-09-22,262,Cancelled,Architecto Product,Furniture,1703.5,1,Wali PLC,Khandwa,2.76,4.43,41,Hyderabad Warehouse,681,2026-06-26,,,,,,,,,,,,,,
1815,11,142,2025-01-10,2025-01-17,2025-01-19,197,In Transit,Dolorum Product,Groceries,1310.64,7,Banerjee Group,Alappuzha,8.52,4.3,142,Mumbai Warehouse,982,2026-07-09,,,,,,,,,,,,,,
1816,14,86,2025-01-09,2025-01-11,2025-01-14,67,Delivered,Aliquam Product,Electronics,2475.27,3,"Bahri, Dugar and Ratti",Kottayam,8.09,4.85,86,Mumbai Warehouse,687,2026-06-23,,,,,,,,,,,,,,
1817,15,64,2026-03-18,2026-03-26,2026-03-30,219,Delayed,Officia Product,Automotive,1852.17,1,Sastry and Sons,Haldia,5.45,4.34,64,Hyderabad Warehouse,751,2026-06-19,,,,,,,,,,,,,,
1818,11,32,2024-10-09,2024-10-13,2024-10-14,103,Cancelled,Quis Product,Groceries,4929.24,1,Banerjee Group,Alappuzha,8.52,4.3,32,Mumbai Warehouse,715,2026-07-01,,,,,,,,,,,,,,
1819,11,110,2024-10-20,2024-10-30,2024-10-31,187,Cancelled,Assumenda Product,Furniture,4904.71,9,Banerjee Group,Alappuzha,8.52,4.3,110,Chennai Warehouse,817,2026-06-23,209.0,Weather,Medium,Optio incidunt corrupti dolores consequuntur excepturi praesentium.,2025-12-20,209.0,Switch Supplier,Approved,2025-10-11,209.0,Pending,11.0,5363.34,Supplier changed
1820,6,68,2025-08-13,2025-08-17,2025-08-19,103,Cancelled,Delectus Product,Clothing,4916.43,20,Bhavsar-Sampath,Bangalore,2.52,3.72,68,Chennai Warehouse,660,2026-06-18,,,,,,,,,,,,,,
1821,1,97,2026-07-04,2026-07-14,2026-07-19,464,Delayed,Id Product,Electronics,4003.94,12,"Balasubramanian, Gara and Memon",Nadiad,5.69,4.88,97,Bangalore Warehouse,353,2026-07-08,241.0,Port Congestion,High,Molestias accusantium exercitationem sit blanditiis in.,2026-02-21,241.0,Switch Supplier,Approved,2025-11-05,241.0,Failed,0.0,5684.05,Shipment rerouted
1822,16,22,2026-04-21,2026-04-23,2026-04-26,232,Delivered,Amet Product,Furniture,1453.32,6,Handa-Manda,Vijayanagaram,8.66,4.77,22,Delhi Warehouse,386,2026-07-10,,,,,,,,,,,,,,
1823,4,31,2024-07-31,2024-08-07,2024-08-05,394,Delayed,Non Product,Groceries,4067.09,17,Rajagopal-Jayaraman,Jalna,1.0,3.51,31,Mumbai Warehouse,995,2026-06-28,,,,,,,,,,,,,,
1824,12,44,2026-06-16,2026-06-22,2026-06-24,403,Delivered,Voluptatum Product,Groceries,3216.56,15,Thakur and Sons,Kanpur,5.83,3.5,44,Chennai Warehouse,740,2026-07-04,,,,,,,,,,,,,,
1825,9,14,2025-06-02,2025-06-09,2025-06-08,176,Cancelled,Nulla Product,Electronics,1235.72,15,"Loyal, Varma and Tripathi",Firozabad,9.75,4.64,14,Hyderabad Warehouse,453,2026-07-12,,,,,,,,,,,,,,
1826,13,44,2025-07-14,2025-07-23,2025-07-28,67,Delivered,Voluptatum Product,Groceries,3216.56,15,"Borah, Gill and Varma",Dehri,6.15,3.78,44,Chennai Warehouse,740,2026-07-04,,,,,,,,,,,,,,
1827,9,60,2024-09-19,2024-09-25,2024-09-30,450,Cancelled,Ipsa Product,Furniture,2536.82,19,"Loyal, Varma and Tripathi",Firozabad,9.75,4.64,60,Bangalore Warehouse,753,2026-07-14,,,,,,,,,,,,,,
1828,3,120,2025-11-23,2025-11-27,2025-12-01,248,Cancelled,Magnam Product,Electronics,3329.48,19,"Balan, Virk and Mangal",Bangalore,3.73,4.49,120,Bangalore Warehouse,996,2026-07-07,,,,,,,,,,,,,,
1829,18,15,2025-03-22,2025-03-28,2025-03-29,122,In Transit,Dolore Product,Automotive,1024.49,5,Raju and Sons,Etawah,3.81,4.27,15,Chennai Warehouse,343,2026-07-02,,,,,,,,,,,,,,
1830,1,4,2026-04-27,2026-04-30,2026-05-04,427,Delayed,Dignissimos Product,Clothing,2106.24,6,"Balasubramanian, Gara and Memon",Nadiad,5.69,4.88,4,Bangalore Warehouse,473,2026-06-30,293.0,Weather,High,Inventore ad vel nihil saepe dolorem error corrupti.,2026-02-15,293.0,Expedite Shipment,Implemented,2025-08-02,293.0,Failed,9.0,11211.74,Issue resolved successfully
1831,1,41,2025-02-16,2025-02-18,2025-02-23,499,Cancelled,Architecto Product,Furniture,1703.5,1,"Balasubramanian, Gara and Memon",Nadiad,5.69,4.88,41,Hyderabad Warehouse,681,2026-06-26,,,,,,,,,,,,,,
1832,4,110,2024-07-30,2024-08-01,2024-07-31,121,Delayed,Assumenda Product,Furniture,4904.71,9,Rajagopal-Jayaraman,Jalna,1.0,3.51,110,Chennai Warehouse,817,2026-06-23,,,,,,,,,,,,,,
1833,18,58,2025-04-09,2025-04-18,2025-04-23,393,In Transit,Tempore Product,Groceries,4870.19,6,Raju and Sons,Etawah,3.81,4.27,58,Bangalore Warehouse,328,2026-07-11,,,,,,,,,,,,,,
1834,9,87,2025-06-09,2025-06-18,2025-06-23,10,In Transit,Vitae Product,Clothing,4295.55,19,"Loyal, Varma and Tripathi",Firozabad,9.75,4.64,87,Delhi Warehouse,423,2026-06-26,,,,,,,,,,,,,,
1835,7,104,2024-11-24,2024-11-28,2024-11-27,408,Cancelled,Laboriosam Product,Clothing,2160.36,3,Wali PLC,Khandwa,2.76,4.43,104,Delhi Warehouse,338,2026-06-24,,,,,,,,,,,,,,
1836,2,120,2025-06-11,2025-06-13,2025-06-11,105,Cancelled,Magnam Product,Electronics,3329.48,19,Gour Ltd,Bhilwara,8.05,3.83,120,Bangalore Warehouse,996,2026-07-07,,,,,,,,,,,,,,
1837,18,140,2025-05-25,2025-06-03,2025-06-05,287,Delivered,Recusandae Product,Groceries,2705.55,15,Raju and Sons,Etawah,3.81,4.27,140,Hyderabad Warehouse,927,2026-06-18,,,,,,,,,,,,,,
1838,5,75,2026-07-10,2026-07-19,2026-07-18,496,Cancelled,Recusandae Product,Automotive,4884.77,14,Chander-Sibal,Kochi,6.81,4.37,75,Chennai Warehouse,450,2026-07-07,,,,,,,,,,,,,,
1839,9,12,2025-04-11,2025-04-15,2025-04-17,442,In Transit,Fugit Product,Clothing,1357.85,15,"Loyal, Varma and Tripathi",Firozabad,9.75,4.64,12,Hyderabad Warehouse,878,2026-06-22,,,,,,,,,,,,,,
1840,7,23,2024-11-14,2024-11-24,2024-11-22,159,Cancelled,Quibusdam Product,Furniture,2588.22,10,Wali PLC,Khandwa,2.76,4.43,23,Delhi Warehouse,912,2026-06-19,,,,,,,,,,,,,,
1841,20,66,2025-11-03,2025-11-13,2025-11-14,42,Delayed,Quas Product,Groceries,4225.31,19,Chakraborty-Sengupta,Malda,5.0,3.56,66,Bangalore Warehouse,853,2026-06-19,,,,,,,,,,,,,,
1842,2,130,2025-08-13,2025-08-16,2025-08-21,333,Delivered,Rerum Product,Clothing,379.31,9,Gour Ltd,Bhilwara,8.05,3.83,130,Bangalore Warehouse,702,2026-06-28,,,,,,,,,,,,,,
1843,13,9,2024-12-16,2024-12-24,2024-12-26,218,Cancelled,Alias Product,Groceries,1305.18,16,"Borah, Gill and Varma",Dehri,6.15,3.78,9,Mumbai Warehouse,917,2026-07-04,,,,,,,,,,,,,,
1844,18,6,2024-10-20,2024-10-24,2024-10-29,492,Cancelled,Reiciendis Product,Furniture,3938.69,18,Raju and Sons,Etawah,3.81,4.27,6,Bangalore Warehouse,894,2026-06-26,,,,,,,,,,,,,,
1845,11,34,2025-12-15,2025-12-22,2025-12-27,33,Delayed,Consequatur Product,Automotive,4834.5,8,Banerjee Group,Alappuzha,8.52,4.3,34,Delhi Warehouse,280,2026-06-18,,,,,,,,,,,,,,
1846,20,112,2025-10-15,2025-10-23,2025-10-24,444,Delivered,Modi Product,Electronics,2985.26,19,Chakraborty-Sengupta,Malda,5.0,3.56,112,Bangalore Warehouse,212,2026-06-25,284.0,Port Congestion,Medium,Ea velit iste consequatur mollitia ducimus consequatur.,2026-06-12,284.0,Increase Safety Stock,Implemented,2025-08-30,284.0,Pending,6.0,8152.68,Supplier changed
1846,20,112,2025-10-15,2025-10-23,2025-10-24,444,Delivered,Modi Product,Electronics,2985.26,19,Chakraborty-Sengupta,Malda,5.0,3.56,112,Bangalore Warehouse,212,2026-06-25,446.0,Port Congestion,Low,Aspernatur officiis dolorem ipsam.,2025-12-02,446.0,Switch Supplier,Pending,2026-04-09,446.0,Partially Resolved,10.0,-2861.43,Minor delay occurred
1847,8,60,2025-11-25,2025-12-03,2025-12-02,62,Cancelled,Ipsa Product,Furniture,2536.82,19,Hans-Bir,Siliguri,2.43,4.68,60,Bangalore Warehouse,753,2026-07-14,,,,,,,,,,,,,,
1848,8,11,2025-11-09,2025-11-12,2025-11-16,271,In Transit,Ducimus Product,Clothing,2306.22,11,Hans-Bir,Siliguri,2.43,4.68,11,Delhi Warehouse,137,2026-06-19,593.0,Transport Strike,Medium,Incidunt eveniet sunt expedita quod dolorum.,2026-04-30,593.0,Increase Safety Stock,Approved,2025-12-06,593.0,Partially Resolved,4.0,-3680.65,Supplier changed
1849,15,137,2025-04-03,2025-04-05,2025-04-08,117,In Transit,Aliquid Product,Medical,3630.8,13,Sastry and Sons,Haldia,5.45,4.34,137,Delhi Warehouse,82,2026-07-03,,,,,,,,,,,,,,
1850,9,31,2025-07-21,2025-07-27,2025-07-27,185,Delivered,Non Product,Groceries,4067.09,17,"Loyal, Varma and Tripathi",Firozabad,9.75,4.64,31,Mumbai Warehouse,995,2026-06-28,149.0,Port Congestion,High,Minima molestiae doloremque itaque.,2026-01-28,149.0,Expedite Shipment,Pending,2025-12-30,149.0,Pending,10.0,4686.86,Shipment rerouted
1851,12,43,2025-04-22,2025-04-26,2025-05-01,202,Cancelled,Exercitationem Product,Furniture,2754.15,12,Thakur and Sons,Kanpur,5.83,3.5,43,Delhi Warehouse,560,2026-06-21,95.0,Traffic,High,Soluta numquam at ipsa voluptates.,2026-06-22,95.0,Switch Supplier,Rejected,2026-01-14,95.0,Pending,7.0,924.52,Supplier changed
1852,16,64,2025-07-05,2025-07-13,2025-07-18,187,Delivered,Officia Product,Automotive,1852.17,1,Handa-Manda,Vijayanagaram,8.66,4.77,64,Hyderabad Warehouse,751,2026-06-19,198.0,Port Congestion,Low,Tenetur doloribus dignissimos doloribus nihil fuga quo tempore.,2025-08-29,198.0,Change Transport Route,Approved,2025-11-20,198.0,Partially Resolved,12.0,6427.76,Shipment rerouted
1853,12,109,2025-03-18,2025-03-28,2025-03-31,481,Delivered,Beatae Product,Automotive,1167.1,12,Thakur and Sons,Kanpur,5.83,3.5,109,Mumbai Warehouse,573,2026-06-17,,,,,,,,,,,,,,
1854,9,4,2025-05-19,2025-05-25,2025-05-23,56,Delayed,Dignissimos Product,Clothing,2106.24,6,"Loyal, Varma and Tripathi",Firozabad,9.75,4.64,4,Bangalore Warehouse,473,2026-06-30,,,,,,,,,,,,,,
1855,12,134,2026-04-30,2026-05-02,2026-05-01,453,Cancelled,Eligendi Product,Automotive,3447.14,10,Thakur and Sons,Kanpur,5.83,3.5,134,Hyderabad Warehouse,699,2026-07-02,79.0,Weather,High,Facilis odit expedita libero.,2025-12-29,79.0,Switch Supplier,Approved,2026-03-20,79.0,Partially Resolved,7.0,12362.12,Minor delay occurred
1856,7,64,2026-03-10,2026-03-14,2026-03-14,185,In Transit,Officia Product,Automotive,1852.17,1,Wali PLC,Khandwa,2.76,4.43,64,Hyderabad Warehouse,751,2026-06-19,,,,,,,,,,,,,,
1857,9,103,2025-11-28,2025-12-06,2025-12-04,14,Cancelled,Sunt Product,Furniture,3330.94,12,"Loyal, Varma and Tripathi",Firozabad,9.75,4.64,103,Chennai Warehouse,485,2026-07-13,,,,,,,,,,,,,,
1858,15,60,2026-01-01,2026-01-06,2026-01-05,90,Cancelled,Ipsa Product,Furniture,2536.82,19,Sastry and Sons,Haldia,5.45,4.34,60,Bangalore Warehouse,753,2026-07-14,,,,,,,,,,,,,,
1859,8,82,2026-03-11,2026-03-20,2026-03-23,403,In Transit,Unde Product,Electronics,3347.22,1,Hans-Bir,Siliguri,2.43,4.68,82,Hyderabad Warehouse,481,2026-07-04,,,,,,,,,,,,,,
1860,13,124,2025-01-27,2025-01-31,2025-02-02,99,Cancelled,Excepturi Product,Furniture,756.02,2,"Borah, Gill and Varma",Dehri,6.15,3.78,124,Chennai Warehouse,123,2026-07-09,,,,,,,,,,,,,,
1861,2,28,2024-08-24,2024-08-28,2024-09-02,25,Delayed,Quidem Product,Groceries,4168.94,2,Gour Ltd,Bhilwara,8.05,3.83,28,Hyderabad Warehouse,118,2026-06-24,93.0,Machine Failure,Low,Eius recusandae architecto odio sit.,2026-06-18,93.0,Expedite Shipment,Pending,2026-06-29,93.0,Partially Resolved,10.0,3803.32,Supplier changed
1862,19,56,2026-04-08,2026-04-17,2026-04-21,285,Cancelled,Error Product,Electronics,333.18,11,"Nagar, Hari and Chada",Munger,9.42,4.61,56,Chennai Warehouse,777,2026-07-07,,,,,,,,,,,,,,
1863,4,103,2025-08-12,2025-08-18,2025-08-16,372,Delayed,Sunt Product,Furniture,3330.94,12,Rajagopal-Jayaraman,Jalna,1.0,3.51,103,Chennai Warehouse,485,2026-07-13,,,,,,,,,,,,,,
1864,6,99,2025-03-16,2025-03-20,2025-03-20,220,Delayed,Quia Product,Furniture,677.17,19,Bhavsar-Sampath,Bangalore,2.52,3.72,99,Hyderabad Warehouse,72,2026-06-26,,,,,,,,,,,,,,
1865,12,66,2026-04-10,2026-04-15,2026-04-18,340,In Transit,Quas Product,Groceries,4225.31,19,Thakur and Sons,Kanpur,5.83,3.5,66,Bangalore Warehouse,853,2026-06-19,,,,,,,,,,,,,,
1866,12,56,2025-02-05,2025-02-10,2025-02-12,59,In Transit,Error Product,Electronics,333.18,11,Thakur and Sons,Kanpur,5.83,3.5,56,Chennai Warehouse,777,2026-07-07,64.0,Port Congestion,Low,Nam fuga velit repellat.,2025-11-14,64.0,Change Transport Route,Rejected,2026-07-13,64.0,Partially Resolved,7.0,-2704.11,Shipment rerouted
1867,5,121,2025-11-11,2025-11-20,2025-11-22,448,Cancelled,Veniam Product,Furniture,3093.62,19,Chander-Sibal,Kochi,6.81,4.37,121,Bangalore Warehouse,683,2026-06-20,,,,,,,,,,,,,,
1868,17,130,2024-11-06,2024-11-12,2024-11-11,194,Delivered,Rerum Product,Clothing,379.31,9,"Sule, Jaggi and Char",Pallavaram,6.39,3.52,130,Bangalore Warehouse,702,2026-06-28,,,,,,,,,,,,,,
1869,5,147,2025-12-25,2025-12-27,2025-12-27,21,In Transit,Sed Product,Medical,185.14,8,Chander-Sibal,Kochi,6.81,4.37,147,Chennai Warehouse,280,2026-06-17,,,,,,,,,,,,,,
1870,1,98,2026-05-17,2026-05-24,2026-05-22,300,Delayed,Quae Product,Clothing,2022.11,14,"Balasubramanian, Gara and Memon",Nadiad,5.69,4.88,98,Hyderabad Warehouse,832,2026-07-05,,,,,,,,,,,,,,
1871,1,40,2024-08-28,2024-09-06,2024-09-04,470,In Transit,Nemo Product,Groceries,2824.16,10,"Balasubramanian, Gara and Memon",Nadiad,5.69,4.88,40,Hyderabad Warehouse,554,2026-06-27,,,,,,,,,,,,,,
1872,4,113,2025-01-14,2025-01-19,2025-01-17,15,In Transit,Placeat Product,Groceries,4202.62,15,Rajagopal-Jayaraman,Jalna,1.0,3.51,113,Mumbai Warehouse,228,2026-07-12,,,,,,,,,,,,,,
1873,8,73,2026-04-29,2026-05-07,2026-05-05,125,Delivered,Debitis Product,Furniture,1718.5,11,Hans-Bir,Siliguri,2.43,4.68,73,Mumbai Warehouse,263,2026-07-09,,,,,,,,,,,,,,
1874,12,74,2026-06-14,2026-06-23,2026-06-24,219,Delivered,Cum Product,Clothing,3762.37,5,Thakur and Sons,Kanpur,5.83,3.5,74,Hyderabad Warehouse,592,2026-06-21,,,,,,,,,,,,,,
1875,20,100,2024-10-02,2024-10-11,2024-10-14,164,In Transit,Fugit Product,Clothing,465.64,12,Chakraborty-Sengupta,Malda,5.0,3.56,100,Bangalore Warehouse,276,2026-06-20,,,,,,,,,,,,,,
1876,19,23,2026-01-27,2026-02-04,2026-02-08,460,Delivered,Quibusdam Product,Furniture,2588.22,10,"Nagar, Hari and Chada",Munger,9.42,4.61,23,Delhi Warehouse,912,2026-06-19,188.0,Supplier Delay,Medium,Ipsa natus et eius ullam.,2025-11-16,188.0,Increase Safety Stock,Pending,2026-02-15,188.0,Partially Resolved,15.0,-2453.46,Shipment rerouted
1877,1,129,2025-01-20,2025-01-22,2025-01-22,308,Delayed,Repellat Product,Clothing,772.83,16,"Balasubramanian, Gara and Memon",Nadiad,5.69,4.88,129,Bangalore Warehouse,81,2026-07-01,,,,,,,,,,,,,,
1878,6,29,2026-03-17,2026-03-26,2026-03-25,412,In Transit,Architecto Product,Furniture,4183.31,3,Bhavsar-Sampath,Bangalore,2.52,3.72,29,Chennai Warehouse,981,2026-06-27,,,,,,,,,,,,,,
1879,3,79,2024-09-10,2024-09-17,2024-09-20,350,Delivered,Officiis Product,Automotive,3036.4,6,"Balan, Virk and Mangal",Bangalore,3.73,4.49,79,Bangalore Warehouse,898,2026-06-30,,,,,,,,,,,,,,
1880,12,18,2026-05-25,2026-05-28,2026-05-31,492,Cancelled,Commodi Product,Electronics,2870.64,11,Thakur and Sons,Kanpur,5.83,3.5,18,Mumbai Warehouse,611,2026-06-21,,,,,,,,,,,,,,
1881,10,59,2025-07-14,2025-07-22,2025-07-26,34,Delayed,Omnis Product,Electronics,2194.29,10,"Mitter, Srinivasan and Dixit",Shimoga,1.81,3.9,59,Chennai Warehouse,265,2026-07-01,,,,,,,,,,,,,,
1882,4,128,2026-03-04,2026-03-08,2026-03-09,155,Delivered,Non Product,Clothing,4746.22,5,Rajagopal-Jayaraman,Jalna,1.0,3.51,128,Hyderabad Warehouse,464,2026-06-23,,,,,,,,,,,,,,
1883,11,9,2025-07-26,2025-08-05,2025-08-09,396,In Transit,Alias Product,Groceries,1305.18,16,Banerjee Group,Alappuzha,8.52,4.3,9,Mumbai Warehouse,917,2026-07-04,,,,,,,,,,,,,,
1884,11,41,2025-04-25,2025-04-27,2025-04-29,16,Cancelled,Architecto Product,Furniture,1703.5,1,Banerjee Group,Alappuzha,8.52,4.3,41,Hyderabad Warehouse,681,2026-06-26,,,,,,,,,,,,,,
1885,9,36,2024-08-09,2024-08-11,2024-08-13,500,Cancelled,Suscipit Product,Electronics,2750.46,10,"Loyal, Varma and Tripathi",Firozabad,9.75,4.64,36,Hyderabad Warehouse,271,2026-07-15,434.0,Transport Strike,Low,Repellat laudantium necessitatibus officia minima.,2025-08-21,434.0,Increase Safety Stock,Rejected,2025-08-19,434.0,Pending,5.0,-971.98,Shipment rerouted
1886,19,12,2025-09-18,2025-09-24,2025-09-28,93,In Transit,Fugit Product,Clothing,1357.85,15,"Nagar, Hari and Chada",Munger,9.42,4.61,12,Hyderabad Warehouse,878,2026-06-22,,,,,,,,,,,,,,
1887,3,14,2024-09-21,2024-09-24,2024-09-27,345,In Transit,Nulla Product,Electronics,1235.72,15,"Balan, Virk and Mangal",Bangalore,3.73,4.49,14,Hyderabad Warehouse,453,2026-07-12,,,,,,,,,,,,,,
1888,17,96,2026-04-22,2026-04-26,2026-04-30,499,In Transit,Laborum Product,Medical,3501.37,20,"Sule, Jaggi and Char",Pallavaram,6.39,3.52,96,Mumbai Warehouse,471,2026-06-19,,,,,,,,,,,,,,
1889,17,61,2025-04-21,2025-05-01,2025-05-06,333,Delivered,Eveniet Product,Furniture,3258.29,8,"Sule, Jaggi and Char",Pallavaram,6.39,3.52,61,Mumbai Warehouse,725,2026-06-20,,,,,,,,,,,,,,
1890,18,58,2025-07-09,2025-07-11,2025-07-16,213,Cancelled,Tempore Product,Groceries,4870.19,6,Raju and Sons,Etawah,3.81,4.27,58,Bangalore Warehouse,328,2026-07-11,124.0,Transport Strike,High,Animi fugiat officiis at odit sapiente.,2025-11-16,124.0,Change Transport Route,Pending,2026-07-14,124.0,Failed,9.0,6434.54,Minor delay occurred
1890,18,58,2025-07-09,2025-07-11,2025-07-16,213,Cancelled,Tempore Product,Groceries,4870.19,6,Raju and Sons,Etawah,3.81,4.27,58,Bangalore Warehouse,328,2026-07-11,289.0,Weather,Low,Reiciendis rerum est itaque corrupti.,2026-03-07,289.0,Expedite Shipment,Rejected,2025-08-20,289.0,Partially Resolved,10.0,-2532.37,Supplier changed
1891,9,82,2026-05-07,2026-05-11,2026-05-14,142,In Transit,Unde Product,Electronics,3347.22,1,"Loyal, Varma and Tripathi",Firozabad,9.75,4.64,82,Hyderabad Warehouse,481,2026-07-04,,,,,,,,,,,,,,
1892,5,23,2026-01-26,2026-02-04,2026-02-02,203,Delayed,Quibusdam Product,Furniture,2588.22,10,Chander-Sibal,Kochi,6.81,4.37,23,Delhi Warehouse,912,2026-06-19,,,,,,,,,,,,,,
1893,16,125,2025-11-07,2025-11-10,2025-11-11,200,Delayed,Consectetur Product,Clothing,1221.23,13,Handa-Manda,Vijayanagaram,8.66,4.77,125,Chennai Warehouse,72,2026-06-29,,,,,,,,,,,,,,
1894,17,80,2025-02-07,2025-02-17,2025-02-17,132,Delivered,Corporis Product,Medical,4255.47,15,"Sule, Jaggi and Char",Pallavaram,6.39,3.52,80,Mumbai Warehouse,656,2026-07-08,,,,,,,,,,,,,,
1895,4,117,2025-07-17,2025-07-19,2025-07-19,225,Delayed,Quisquam Product,Medical,1461.86,8,Rajagopal-Jayaraman,Jalna,1.0,3.51,117,Hyderabad Warehouse,793,2026-06-16,,,,,,,,,,,,,,
1896,6,108,2025-03-06,2025-03-15,2025-03-17,176,Cancelled,Debitis Product,Automotive,3133.95,9,Bhavsar-Sampath,Bangalore,2.52,3.72,108,Hyderabad Warehouse,767,2026-07-07,,,,,,,,,,,,,,
1897,11,60,2026-01-08,2026-01-17,2026-01-17,294,In Transit,Ipsa Product,Furniture,2536.82,19,Banerjee Group,Alappuzha,8.52,4.3,60,Bangalore Warehouse,753,2026-07-14,,,,,,,,,,,,,,
1898,3,102,2024-07-16,2024-07-19,2024-07-23,278,In Transit,Molestias Product,Furniture,2262.92,3,"Balan, Virk and Mangal",Bangalore,3.73,4.49,102,Chennai Warehouse,835,2026-06-22,,,,,,,,,,,,,,
1899,3,143,2026-02-16,2026-02-25,2026-02-27,40,Cancelled,Exercitationem Product,Furniture,2333.4,6,"Balan, Virk and Mangal",Bangalore,3.73,4.49,143,Hyderabad Warehouse,191,2026-07-12,,,,,,,,,,,,,,
1900,20,6,2025-08-09,2025-08-12,2025-08-12,399,Delayed,Reiciendis Product,Furniture,3938.69,18,Chakraborty-Sengupta,Malda,5.0,3.56,6,Bangalore Warehouse,894,2026-06-26,,,,,,,,,,,,,,
1901,3,140,2025-04-25,2025-05-03,2025-05-08,200,Delayed,Recusandae Product,Groceries,2705.55,15,"Balan, Virk and Mangal",Bangalore,3.73,4.49,140,Hyderabad Warehouse,927,2026-06-18,402.0,Weather,Medium,Neque repellat consequatur consequatur.,2026-04-23,402.0,Increase Safety Stock,Implemented,2025-12-03,402.0,Partially Resolved,14.0,724.16,Cost increased
1902,17,9,2025-05-13,2025-05-15,2025-05-14,69,Delayed,Alias Product,Groceries,1305.18,16,"Sule, Jaggi and Char",Pallavaram,6.39,3.52,9,Mumbai Warehouse,917,2026-07-04,,,,,,,,,,,,,,
1903,17,107,2025-02-25,2025-03-06,2025-03-08,28,Delayed,Repudiandae Product,Automotive,609.59,11,"Sule, Jaggi and Char",Pallavaram,6.39,3.52,107,Delhi Warehouse,711,2026-07-01,,,,,,,,,,,,,,
1904,16,126,2026-02-02,2026-02-08,2026-02-10,404,Delayed,Nemo Product,Groceries,3018.63,8,Handa-Manda,Vijayanagaram,8.66,4.77,126,Chennai Warehouse,306,2026-07-05,76.0,Supplier Delay,High,Consectetur hic exercitationem nobis aspernatur.,2026-03-09,76.0,Change Transport Route,Pending,2026-06-01,76.0,Resolved,10.0,-4054.26,Shipment rerouted
1905,1,20,2025-02-06,2025-02-10,2025-02-12,474,Delivered,Laborum Product,Electronics,563.85,5,"Balasubramanian, Gara and Memon",Nadiad,5.69,4.88,20,Bangalore Warehouse,426,2026-07-15,,,,,,,,,,,,,,
1906,19,51,2024-10-09,2024-10-17,2024-10-16,95,Delayed,Corrupti Product,Medical,1864.29,15,"Nagar, Hari and Chada",Munger,9.42,4.61,51,Chennai Warehouse,926,2026-07-02,,,,,,,,,,,,,,
1907,16,94,2024-12-27,2025-01-03,2025-01-02,42,Delivered,Culpa Product,Clothing,4115.37,20,Handa-Manda,Vijayanagaram,8.66,4.77,94,Delhi Warehouse,329,2026-07-15,,,,,,,,,,,,,,
1908,4,127,2025-05-15,2025-05-24,2025-05-23,111,Delayed,Eum Product,Automotive,1710.79,7,Rajagopal-Jayaraman,Jalna,1.0,3.51,127,Delhi Warehouse,588,2026-07-12,,,,,,,,,,,,,,
1909,18,26,2026-01-05,2026-01-12,2026-01-13,389,Delayed,Ducimus Product,Medical,488.37,16,Raju and Sons,Etawah,3.81,4.27,26,Mumbai Warehouse,280,2026-07-04,,,,,,,,,,,,,,
1910,11,38,2024-11-09,2024-11-15,2024-11-13,58,Delayed,Laborum Product,Groceries,3934.86,13,Banerjee Group,Alappuzha,8.52,4.3,38,Mumbai Warehouse,317,2026-07-03,,,,,,,,,,,,,,
1911,11,29,2026-01-01,2026-01-07,2026-01-05,319,Cancelled,Architecto Product,Furniture,4183.31,3,Banerjee Group,Alappuzha,8.52,4.3,29,Chennai Warehouse,981,2026-06-27,,,,,,,,,,,,,,
1912,10,89,2024-10-13,2024-10-15,2024-10-20,36,In Transit,Fugiat Product,Electronics,4524.8,7,"Mitter, Srinivasan and Dixit",Shimoga,1.81,3.9,89,Bangalore Warehouse,597,2026-06-18,,,,,,,,,,,,,,
1913,15,90,2026-03-30,2026-04-03,2026-04-01,79,Delivered,Quo Product,Electronics,4661.14,19,Sastry and Sons,Haldia,5.45,4.34,90,Delhi Warehouse,466,2026-06-28,,,,,,,,,,,,,,
1914,6,4,2025-08-03,2025-08-10,2025-08-11,433,Delayed,Dignissimos Product,Clothing,2106.24,6,Bhavsar-Sampath,Bangalore,2.52,3.72,4,Bangalore Warehouse,473,2026-06-30,,,,,,,,,,,,,,
1915,14,134,2025-12-01,2025-12-09,2025-12-10,248,Delivered,Eligendi Product,Automotive,3447.14,10,"Bahri, Dugar and Ratti",Kottayam,8.09,4.85,134,Hyderabad Warehouse,699,2026-07-02,,,,,,,,,,,,,,
1916,17,41,2025-11-15,2025-11-22,2025-11-21,315,Delivered,Architecto Product,Furniture,1703.5,1,"Sule, Jaggi and Char",Pallavaram,6.39,3.52,41,Hyderabad Warehouse,681,2026-06-26,,,,,,,,,,,,,,
1917,19,118,2025-09-07,2025-09-10,2025-09-12,145,Delivered,Harum Product,Automotive,2602.93,16,"Nagar, Hari and Chada",Munger,9.42,4.61,118,Bangalore Warehouse,482,2026-06-18,,,,,,,,,,,,,,
1918,2,76,2025-07-31,2025-08-09,2025-08-12,34,Cancelled,Sunt Product,Electronics,2690.2,2,Gour Ltd,Bhilwara,8.05,3.83,76,Delhi Warehouse,630,2026-06-16,,,,,,,,,,,,,,
1919,5,34,2025-04-18,2025-04-25,2025-04-26,393,In Transit,Consequatur Product,Automotive,4834.5,8,Chander-Sibal,Kochi,6.81,4.37,34,Delhi Warehouse,280,2026-06-18,,,,,,,,,,,,,,
1920,8,36,2025-04-09,2025-04-12,2025-04-16,436,Cancelled,Suscipit Product,Electronics,2750.46,10,Hans-Bir,Siliguri,2.43,4.68,36,Hyderabad Warehouse,271,2026-07-15,307.0,Machine Failure,Low,Maxime excepturi tempore debitis facere illum rerum.,2026-04-03,307.0,Switch Supplier,Rejected,2025-10-01,307.0,Pending,10.0,476.82,Minor delay occurred
1921,4,2,2026-03-02,2026-03-06,2026-03-11,70,Delivered,Veniam Product,Furniture,880.89,5,Rajagopal-Jayaraman,Jalna,1.0,3.51,2,Delhi Warehouse,824,2026-06-22,416.0,Supplier Delay,Medium,Vel quos reprehenderit at.,2026-05-23,416.0,Switch Supplier,Approved,2025-11-06,416.0,Failed,15.0,7171.61,Cost increased
1922,5,46,2024-08-07,2024-08-15,2024-08-18,186,Delayed,Impedit Product,Electronics,1574.36,7,Chander-Sibal,Kochi,6.81,4.37,46,Chennai Warehouse,372,2026-06-23,526.0,Supplier Delay,Low,Ratione iste ipsam dolorum.,2025-12-01,526.0,Expedite Shipment,Rejected,2026-04-04,526.0,Failed,3.0,1998.59,Minor delay occurred
1923,17,84,2024-11-12,2024-11-22,2024-11-26,128,In Transit,Ab Product,Clothing,1108.56,18,"Sule, Jaggi and Char",Pallavaram,6.39,3.52,84,Bangalore Warehouse,80,2026-06-28,,,,,,,,,,,,,,
1924,14,59,2024-11-13,2024-11-19,2024-11-17,175,In Transit,Omnis Product,Electronics,2194.29,10,"Bahri, Dugar and Ratti",Kottayam,8.09,4.85,59,Chennai Warehouse,265,2026-07-01,,,,,,,,,,,,,,
1925,20,33,2025-09-24,2025-09-27,2025-09-26,78,Cancelled,Facere Product,Medical,1997.29,4,Chakraborty-Sengupta,Malda,5.0,3.56,33,Delhi Warehouse,549,2026-07-12,,,,,,,,,,,,,,
1926,15,43,2024-08-03,2024-08-12,2024-08-11,420,Delayed,Exercitationem Product,Furniture,2754.15,12,Sastry and Sons,Haldia,5.45,4.34,43,Delhi Warehouse,560,2026-06-21,,,,,,,,,,,,,,
1927,2,99,2025-06-12,2025-06-21,2025-06-22,369,Cancelled,Quia Product,Furniture,677.17,19,Gour Ltd,Bhilwara,8.05,3.83,99,Hyderabad Warehouse,72,2026-06-26,,,,,,,,,,,,,,
1928,2,23,2024-08-07,2024-08-15,2024-08-17,257,In Transit,Quibusdam Product,Furniture,2588.22,10,Gour Ltd,Bhilwara,8.05,3.83,23,Delhi Warehouse,912,2026-06-19,,,,,,,,,,,,,,
1929,4,124,2024-07-30,2024-08-06,2024-08-11,23,In Transit,Excepturi Product,Furniture,756.02,2,Rajagopal-Jayaraman,Jalna,1.0,3.51,124,Chennai Warehouse,123,2026-07-09,,,,,,,,,,,,,,
1930,16,57,2025-04-09,2025-04-19,2025-04-18,280,Delayed,Distinctio Product,Automotive,863.84,19,Handa-Manda,Vijayanagaram,8.66,4.77,57,Hyderabad Warehouse,848,2026-06-28,,,,,,,,,,,,,,
1931,10,11,2025-05-11,2025-05-16,2025-05-19,372,Delivered,Ducimus Product,Clothing,2306.22,11,"Mitter, Srinivasan and Dixit",Shimoga,1.81,3.9,11,Delhi Warehouse,137,2026-06-19,,,,,,,,,,,,,,
1932,4,133,2024-12-23,2024-12-31,2024-12-29,103,In Transit,Doloremque Product,Groceries,552.4,17,Rajagopal-Jayaraman,Jalna,1.0,3.51,133,Hyderabad Warehouse,760,2026-06-27,385.0,Port Congestion,Medium,Unde ipsum voluptates blanditiis sapiente alias.,2026-07-11,385.0,Change Transport Route,Pending,2025-08-04,385.0,Partially Resolved,0.0,14518.74,Shipment rerouted
1933,20,116,2024-08-20,2024-08-26,2024-08-29,495,Delayed,Architecto Product,Groceries,763.04,10,Chakraborty-Sengupta,Malda,5.0,3.56,116,Bangalore Warehouse,102,2026-07-04,,,,,,,,,,,,,,
1934,6,48,2024-07-30,2024-08-07,2024-08-09,158,In Transit,Neque Product,Medical,518.28,5,Bhavsar-Sampath,Bangalore,2.52,3.72,48,Delhi Warehouse,626,2026-06-27,,,,,,,,,,,,,,
1935,12,91,2026-06-27,2026-06-30,2026-07-05,416,Delayed,Laudantium Product,Furniture,3665.32,5,Thakur and Sons,Kanpur,5.83,3.5,91,Hyderabad Warehouse,678,2026-07-12,,,,,,,,,,,,,,
1936,12,104,2026-01-24,2026-01-30,2026-02-03,97,Delayed,Laboriosam Product,Clothing,2160.36,3,Thakur and Sons,Kanpur,5.83,3.5,104,Delhi Warehouse,338,2026-06-24,,,,,,,,,,,,,,
1937,20,130,2024-08-22,2024-08-25,2024-08-30,489,Cancelled,Rerum Product,Clothing,379.31,9,Chakraborty-Sengupta,Malda,5.0,3.56,130,Bangalore Warehouse,702,2026-06-28,,,,,,,,,,,,,,
1938,12,46,2025-03-17,2025-03-25,2025-03-26,383,Delayed,Impedit Product,Electronics,1574.36,7,Thakur and Sons,Kanpur,5.83,3.5,46,Chennai Warehouse,372,2026-06-23,,,,,,,,,,,,,,
1939,5,80,2025-10-22,2025-11-01,2025-11-02,276,Cancelled,Corporis Product,Medical,4255.47,15,Chander-Sibal,Kochi,6.81,4.37,80,Mumbai Warehouse,656,2026-07-08,,,,,,,,,,,,,,
1940,20,89,2026-06-06,2026-06-13,2026-06-12,226,Delivered,Fugiat Product,Electronics,4524.8,7,Chakraborty-Sengupta,Malda,5.0,3.56,89,Bangalore Warehouse,597,2026-06-18,,,,,,,,,,,,,,
1941,4,30,2025-01-26,2025-02-03,2025-02-03,294,In Transit,Voluptatem Product,Medical,3709.02,5,Rajagopal-Jayaraman,Jalna,1.0,3.51,30,Chennai Warehouse,472,2026-06-30,,,,,,,,,,,,,,
1942,9,148,2026-06-21,2026-06-27,2026-06-25,51,In Transit,Saepe Product,Groceries,920.71,10,"Loyal, Varma and Tripathi",Firozabad,9.75,4.64,148,Delhi Warehouse,944,2026-06-16,,,,,,,,,,,,,,
1943,8,35,2026-05-17,2026-05-19,2026-05-22,483,Delayed,Dolores Product,Electronics,4034.14,20,Hans-Bir,Siliguri,2.43,4.68,35,Chennai Warehouse,804,2026-07-11,,,,,,,,,,,,,,
1944,12,92,2025-10-04,2025-10-12,2025-10-11,428,Delayed,Architecto Product,Furniture,4826.14,10,Thakur and Sons,Kanpur,5.83,3.5,92,Mumbai Warehouse,215,2026-07-07,,,,,,,,,,,,,,
1945,18,85,2025-09-08,2025-09-13,2025-09-11,474,In Transit,Vero Product,Medical,287.27,20,Raju and Sons,Etawah,3.81,4.27,85,Bangalore Warehouse,854,2026-06-21,23.0,Port Congestion,Medium,Ipsam officiis delectus ex autem saepe architecto.,2025-12-04,23.0,Change Transport Route,Rejected,2026-05-31,23.0,Pending,10.0,12369.49,Cost increased
1946,19,106,2025-05-10,2025-05-13,2025-05-11,388,In Transit,Officiis Product,Clothing,3586.71,17,"Nagar, Hari and Chada",Munger,9.42,4.61,106,Delhi Warehouse,595,2026-06-23,,,,,,,,,,,,,,
1947,4,12,2024-09-01,2024-09-04,2024-09-04,335,Delayed,Fugit Product,Clothing,1357.85,15,Rajagopal-Jayaraman,Jalna,1.0,3.51,12,Hyderabad Warehouse,878,2026-06-22,,,,,,,,,,,,,,
1948,7,127,2025-01-03,2025-01-05,2025-01-06,288,Delivered,Eum Product,Automotive,1710.79,7,Wali PLC,Khandwa,2.76,4.43,127,Delhi Warehouse,588,2026-07-12,,,,,,,,,,,,,,
1949,3,20,2025-09-04,2025-09-13,2025-09-15,496,Cancelled,Laborum Product,Electronics,563.85,5,"Balan, Virk and Mangal",Bangalore,3.73,4.49,20,Bangalore Warehouse,426,2026-07-15,273.0,Supplier Delay,Medium,Quibusdam ea cum quam doloremque cum.,2025-11-07,273.0,Change Transport Route,Pending,2025-11-17,273.0,Pending,0.0,3953.31,Minor delay occurred
1950,7,125,2026-03-02,2026-03-10,2026-03-12,409,In Transit,Consectetur Product,Clothing,1221.23,13,Wali PLC,Khandwa,2.76,4.43,125,Chennai Warehouse,72,2026-06-29,191.0,Machine Failure,Low,Cumque odit saepe totam sequi ullam voluptatum.,2025-09-05,191.0,Change Transport Route,Approved,2026-03-05,191.0,Partially Resolved,6.0,1527.61,Shipment rerouted
1951,20,64,2025-07-09,2025-07-18,2025-07-20,352,Cancelled,Officia Product,Automotive,1852.17,1,Chakraborty-Sengupta,Malda,5.0,3.56,64,Hyderabad Warehouse,751,2026-06-19,,,,,,,,,,,,,,
1952,1,22,2025-01-29,2025-02-08,2025-02-06,37,Delivered,Amet Product,Furniture,1453.32,6,"Balasubramanian, Gara and Memon",Nadiad,5.69,4.88,22,Delhi Warehouse,386,2026-07-10,65.0,Machine Failure,High,Iste quos libero dicta.,2026-05-17,65.0,Expedite Shipment,Pending,2025-11-22,65.0,Failed,12.0,4172.67,Issue resolved successfully
1953,10,87,2025-02-21,2025-03-03,2025-03-06,322,Delivered,Vitae Product,Clothing,4295.55,19,"Mitter, Srinivasan and Dixit",Shimoga,1.81,3.9,87,Delhi Warehouse,423,2026-06-26,,,,,,,,,,,,,,
1954,19,133,2025-07-05,2025-07-11,2025-07-11,346,Cancelled,Doloremque Product,Groceries,552.4,17,"Nagar, Hari and Chada",Munger,9.42,4.61,133,Hyderabad Warehouse,760,2026-06-27,,,,,,,,,,,,,,
1955,3,107,2025-07-02,2025-07-04,2025-07-03,338,In Transit,Repudiandae Product,Automotive,609.59,11,"Balan, Virk and Mangal",Bangalore,3.73,4.49,107,Delhi Warehouse,711,2026-07-01,257.0,Transport Strike,Medium,Distinctio quisquam quaerat reiciendis voluptatum esse architecto.,2025-10-24,257.0,Switch Supplier,Implemented,2025-10-19,257.0,Partially Resolved,14.0,14935.77,Cost increased
1956,6,16,2026-02-10,2026-02-17,2026-02-20,182,In Transit,Vel Product,Medical,4239.68,2,Bhavsar-Sampath,Bangalore,2.52,3.72,16,Hyderabad Warehouse,928,2026-07-01,,,,,,,,,,,,,,
1957,4,79,2025-03-17,2025-03-20,2025-03-19,278,Delivered,Officiis Product,Automotive,3036.4,6,Rajagopal-Jayaraman,Jalna,1.0,3.51,79,Bangalore Warehouse,898,2026-06-30,,,,,,,,,,,,,,
1958,9,150,2024-11-09,2024-11-15,2024-11-14,268,Delivered,Harum Product,Furniture,1928.91,14,"Loyal, Varma and Tripathi",Firozabad,9.75,4.64,150,Bangalore Warehouse,533,2026-07-09,462.0,Traffic,Low,Quo mollitia repellat repudiandae eveniet.,2026-03-13,462.0,Switch Supplier,Approved,2026-03-31,462.0,Resolved,6.0,7518.73,Minor delay occurred
1959,12,95,2025-10-19,2025-10-29,2025-10-31,309,In Transit,Temporibus Product,Automotive,2131.71,12,Thakur and Sons,Kanpur,5.83,3.5,95,Hyderabad Warehouse,870,2026-07-10,,,,,,,,,,,,,,
1960,8,143,2024-11-11,2024-11-14,2024-11-13,266,Cancelled,Exercitationem Product,Furniture,2333.4,6,Hans-Bir,Siliguri,2.43,4.68,143,Hyderabad Warehouse,191,2026-07-12,116.0,Machine Failure,Medium,Veritatis temporibus voluptatibus porro.,2025-12-13,116.0,Increase Safety Stock,Pending,2025-11-27,116.0,Failed,15.0,4797.03,Issue resolved successfully
1961,19,109,2026-01-27,2026-02-06,2026-02-08,136,Delayed,Beatae Product,Automotive,1167.1,12,"Nagar, Hari and Chada",Munger,9.42,4.61,109,Mumbai Warehouse,573,2026-06-17,,,,,,,,,,,,,,
1962,7,61,2026-07-02,2026-07-07,2026-07-05,430,Delayed,Eveniet Product,Furniture,3258.29,8,Wali PLC,Khandwa,2.76,4.43,61,Mumbai Warehouse,725,2026-06-20,,,,,,,,,,,,,,
1963,3,19,2025-11-23,2025-11-25,2025-11-25,86,Cancelled,Officia Product,Electronics,667.17,9,"Balan, Virk and Mangal",Bangalore,3.73,4.49,19,Bangalore Warehouse,273,2026-06-24,,,,,,,,,,,,,,
1964,13,98,2024-09-16,2024-09-24,2024-09-23,71,Cancelled,Quae Product,Clothing,2022.11,14,"Borah, Gill and Varma",Dehri,6.15,3.78,98,Hyderabad Warehouse,832,2026-07-05,406.0,Transport Strike,Medium,Laudantium animi error blanditiis eligendi nisi.,2026-03-29,406.0,Increase Safety Stock,Approved,2025-11-12,406.0,Partially Resolved,4.0,10047.91,Cost increased
1965,11,39,2024-11-16,2024-11-25,2024-11-24,121,Delayed,Amet Product,Automotive,1228.36,6,Banerjee Group,Alappuzha,8.52,4.3,39,Chennai Warehouse,720,2026-07-10,,,,,,,,,,,,,,
1966,13,82,2024-12-26,2025-01-02,2025-01-07,425,Cancelled,Unde Product,Electronics,3347.22,1,"Borah, Gill and Varma",Dehri,6.15,3.78,82,Hyderabad Warehouse,481,2026-07-04,,,,,,,,,,,,,,
1967,7,131,2024-10-17,2024-10-22,2024-10-26,429,Delayed,Nesciunt Product,Furniture,3585.42,1,Wali PLC,Khandwa,2.76,4.43,131,Hyderabad Warehouse,157,2026-06-24,,,,,,,,,,,,,,
1968,15,148,2025-02-28,2025-03-08,2025-03-07,440,In Transit,Saepe Product,Groceries,920.71,10,Sastry and Sons,Haldia,5.45,4.34,148,Delhi Warehouse,944,2026-06-16,,,,,,,,,,,,,,
1969,8,113,2026-02-03,2026-02-09,2026-02-08,251,Delivered,Placeat Product,Groceries,4202.62,15,Hans-Bir,Siliguri,2.43,4.68,113,Mumbai Warehouse,228,2026-07-12,358.0,Traffic,High,Cumque id voluptatibus explicabo dolorum totam dolore.,2025-07-21,358.0,Switch Supplier,Rejected,2026-01-18,358.0,Pending,14.0,-2368.62,Minor delay occurred
1970,3,148,2025-08-28,2025-09-04,2025-09-02,167,In Transit,Saepe Product,Groceries,920.71,10,"Balan, Virk and Mangal",Bangalore,3.73,4.49,148,Delhi Warehouse,944,2026-06-16,,,,,,,,,,,,,,
1971,4,10,2025-09-05,2025-09-15,2025-09-17,389,In Transit,Ratione Product,Medical,834.09,9,Rajagopal-Jayaraman,Jalna,1.0,3.51,10,Hyderabad Warehouse,815,2026-07-09,305.0,Supplier Delay,Medium,Culpa hic officia reiciendis cumque ex eos repudiandae.,2026-03-10,305.0,Expedite Shipment,Implemented,2026-06-18,305.0,Failed,9.0,-4038.83,Minor delay occurred
1972,9,107,2025-12-25,2025-12-31,2026-01-05,433,In Transit,Repudiandae Product,Automotive,609.59,11,"Loyal, Varma and Tripathi",Firozabad,9.75,4.64,107,Delhi Warehouse,711,2026-07-01,,,,,,,,,,,,,,
1973,19,17,2026-01-19,2026-01-21,2026-01-23,387,Delivered,Veniam Product,Clothing,2682.42,6,"Nagar, Hari and Chada",Munger,9.42,4.61,17,Bangalore Warehouse,243,2026-07-06,,,,,,,,,,,,,,
1974,12,82,2025-04-05,2025-04-14,2025-04-13,181,Delayed,Unde Product,Electronics,3347.22,1,Thakur and Sons,Kanpur,5.83,3.5,82,Hyderabad Warehouse,481,2026-07-04,,,,,,,,,,,,,,
1975,11,107,2025-12-17,2025-12-25,2025-12-26,401,Delivered,Repudiandae Product,Automotive,609.59,11,Banerjee Group,Alappuzha,8.52,4.3,107,Delhi Warehouse,711,2026-07-01,527.0,Traffic,Low,Quas minima voluptate sunt aliquam totam dolorum.,2026-02-20,527.0,Expedite Shipment,Implemented,2025-11-09,527.0,Partially Resolved,6.0,-3574.63,Shipment rerouted
1976,4,105,2025-03-17,2025-03-24,2025-03-22,463,In Transit,Tenetur Product,Clothing,1337.9,1,Rajagopal-Jayaraman,Jalna,1.0,3.51,105,Hyderabad Warehouse,84,2026-07-03,,,,,,,,,,,,,,
1977,7,77,2024-11-16,2024-11-22,2024-11-25,70,In Transit,Dolorum Product,Clothing,4786.13,4,Wali PLC,Khandwa,2.76,4.43,77,Hyderabad Warehouse,307,2026-07-05,,,,,,,,,,,,,,
1978,8,4,2026-04-20,2026-04-27,2026-04-28,231,Delivered,Dignissimos Product,Clothing,2106.24,6,Hans-Bir,Siliguri,2.43,4.68,4,Bangalore Warehouse,473,2026-06-30,,,,,,,,,,,,,,
1979,6,21,2025-12-06,2025-12-14,2025-12-14,450,Delivered,Animi Product,Automotive,3616.57,8,Bhavsar-Sampath,Bangalore,2.52,3.72,21,Delhi Warehouse,666,2026-06-27,,,,,,,,,,,,,,
1980,15,3,2024-11-01,2024-11-05,2024-11-10,480,Cancelled,Iure Product,Medical,1939.35,19,Sastry and Sons,Haldia,5.45,4.34,3,Mumbai Warehouse,584,2026-07-06,,,,,,,,,,,,,,
1981,11,64,2024-08-29,2024-09-01,2024-09-06,401,Delayed,Officia Product,Automotive,1852.17,1,Banerjee Group,Alappuzha,8.52,4.3,64,Hyderabad Warehouse,751,2026-06-19,365.0,Transport Strike,Medium,Nostrum cumque fugiat aliquam.,2026-06-01,365.0,Expedite Shipment,Rejected,2026-02-12,365.0,Resolved,13.0,-1854.7,Cost increased
1982,9,52,2026-06-27,2026-07-02,2026-07-03,185,In Transit,Architecto Product,Medical,1642.77,20,"Loyal, Varma and Tripathi",Firozabad,9.75,4.64,52,Mumbai Warehouse,918,2026-06-30,,,,,,,,,,,,,,
1983,8,24,2025-08-13,2025-08-20,2025-08-19,319,Delivered,Dolorem Product,Medical,3211.29,13,Hans-Bir,Siliguri,2.43,4.68,24,Bangalore Warehouse,374,2026-06-27,,,,,,,,,,,,,,
1984,4,102,2025-07-20,2025-07-30,2025-07-31,294,Delayed,Molestias Product,Furniture,2262.92,3,Rajagopal-Jayaraman,Jalna,1.0,3.51,102,Chennai Warehouse,835,2026-06-22,,,,,,,,,,,,,,
1985,17,7,2025-09-27,2025-10-07,2025-10-11,394,Cancelled,Expedita Product,Furniture,1401.54,17,"Sule, Jaggi and Char",Pallavaram,6.39,3.52,7,Delhi Warehouse,512,2026-06-28,,,,,,,,,,,,,,
1986,4,129,2026-02-27,2026-03-08,2026-03-10,407,Cancelled,Repellat Product,Clothing,772.83,16,Rajagopal-Jayaraman,Jalna,1.0,3.51,129,Bangalore Warehouse,81,2026-07-01,,,,,,,,,,,,,,
1987,1,27,2025-12-04,2025-12-06,2025-12-11,307,In Transit,Vero Product,Furniture,4788.07,19,"Balasubramanian, Gara and Memon",Nadiad,5.69,4.88,27,Delhi Warehouse,91,2026-07-05,,,,,,,,,,,,,,
1988,18,124,2025-08-14,2025-08-21,2025-08-24,379,Delayed,Excepturi Product,Furniture,756.02,2,Raju and Sons,Etawah,3.81,4.27,124,Chennai Warehouse,123,2026-07-09,,,,,,,,,,,,,,
1989,19,101,2025-01-02,2025-01-11,2025-01-13,46,Delayed,Delectus Product,Automotive,1333.96,11,"Nagar, Hari and Chada",Munger,9.42,4.61,101,Bangalore Warehouse,654,2026-06-16,,,,,,,,,,,,,,
1990,11,94,2025-05-26,2025-05-28,2025-05-29,460,Cancelled,Culpa Product,Clothing,4115.37,20,Banerjee Group,Alappuzha,8.52,4.3,94,Delhi Warehouse,329,2026-07-15,,,,,,,,,,,,,,
1991,9,118,2024-12-12,2024-12-16,2024-12-15,271,Delivered,Harum Product,Automotive,2602.93,16,"Loyal, Varma and Tripathi",Firozabad,9.75,4.64,118,Bangalore Warehouse,482,2026-06-18,534.0,Supplier Delay,Medium,Voluptas harum accusamus tenetur nobis.,2025-09-16,534.0,Switch Supplier,Rejected,2025-08-31,534.0,Failed,0.0,-1530.62,Cost increased
1992,17,69,2026-02-02,2026-02-04,2026-02-08,276,Delayed,Ipsa Product,Groceries,1707.84,17,"Sule, Jaggi and Char",Pallavaram,6.39,3.52,69,Mumbai Warehouse,267,2026-07-09,,,,,,,,,,,,,,
1993,4,14,2024-09-11,2024-09-17,2024-09-16,70,Delivered,Nulla Product,Electronics,1235.72,15,Rajagopal-Jayaraman,Jalna,1.0,3.51,14,Hyderabad Warehouse,453,2026-07-12,,,,,,,,,,,,,,
1994,14,16,2025-01-22,2025-01-31,2025-01-31,294,Delivered,Vel Product,Medical,4239.68,2,"Bahri, Dugar and Ratti",Kottayam,8.09,4.85,16,Hyderabad Warehouse,928,2026-07-01,,,,,,,,,,,,,,
1995,1,8,2025-10-06,2025-10-10,2025-10-08,157,In Transit,Voluptatem Product,Furniture,3535.61,12,"Balasubramanian, Gara and Memon",Nadiad,5.69,4.88,8,Chennai Warehouse,686,2026-07-07,,,,,,,,,,,,,,
1996,12,88,2024-10-05,2024-10-10,2024-10-13,135,Cancelled,Ab Product,Medical,441.59,19,Thakur and Sons,Kanpur,5.83,3.5,88,Bangalore Warehouse,70,2026-07-10,,,,,,,,,,,,,,
1997,19,30,2026-05-25,2026-06-02,2026-06-05,396,Delivered,Voluptatem Product,Medical,3709.02,5,"Nagar, Hari and Chada",Munger,9.42,4.61,30,Chennai Warehouse,472,2026-06-30,,,,,,,,,,,,,,
1998,7,96,2025-05-09,2025-05-13,2025-05-16,52,Delayed,Laborum Product,Medical,3501.37,20,Wali PLC,Khandwa,2.76,4.43,96,Mumbai Warehouse,471,2026-06-19,,,,,,,,,,,,,,
1999,15,37,2025-08-07,2025-08-13,2025-08-15,302,In Transit,Earum Product,Groceries,442.22,11,Sastry and Sons,Haldia,5.45,4.34,37,Mumbai Warehouse,198,2026-06-16,,,,,,,,,,,,,,
2000,20,141,2024-09-02,2024-09-09,2024-09-14,379,Cancelled,Provident Product,Automotive,4798.63,6,Chakraborty-Sengupta,Malda,5.0,3.56,141,Delhi Warehouse,291,2026-07-10,,,,,,,,,,,,,,
2001,11,116,2026-01-27,2026-02-04,2026-02-09,288,Cancelled,Architecto Product,Groceries,763.04,10,Banerjee Group,Alappuzha,8.52,4.3,116,Bangalore Warehouse,102,2026-07-04,,,,,,,,,,,,,,
2002,6,5,2025-06-19,2025-06-23,2025-06-27,46,Cancelled,Occaecati Product,Medical,1257.97,15,Bhavsar-Sampath,Bangalore,2.52,3.72,5,Hyderabad Warehouse,892,2026-07-08,,,,,,,,,,,,,,
2003,5,6,2024-12-20,2024-12-27,2024-12-27,355,In Transit,Reiciendis Product,Furniture,3938.69,18,Chander-Sibal,Kochi,6.81,4.37,6,Bangalore Warehouse,894,2026-06-26,,,,,,,,,,,,,,
2004,10,119,2025-09-12,2025-09-20,2025-09-22,305,Delayed,Maxime Product,Furniture,4794.94,19,"Mitter, Srinivasan and Dixit",Shimoga,1.81,3.9,119,Mumbai Warehouse,383,2026-07-01,,,,,,,,,,,,,,
2005,16,85,2025-08-03,2025-08-07,2025-08-12,95,Cancelled,Vero Product,Medical,287.27,20,Handa-Manda,Vijayanagaram,8.66,4.77,85,Bangalore Warehouse,854,2026-06-21,,,,,,,,,,,,,,
2006,9,128,2025-05-17,2025-05-26,2025-05-29,84,Cancelled,Non Product,Clothing,4746.22,5,"Loyal, Varma and Tripathi",Firozabad,9.75,4.64,128,Hyderabad Warehouse,464,2026-06-23,,,,,,,,,,,,,,
2007,15,5,2026-04-18,2026-04-28,2026-05-01,245,Delayed,Occaecati Product,Medical,1257.97,15,Sastry and Sons,Haldia,5.45,4.34,5,Hyderabad Warehouse,892,2026-07-08,,,,,,,,,,,,,,
2008,18,118,2026-02-20,2026-02-25,2026-02-24,35,Delivered,Harum Product,Automotive,2602.93,16,Raju and Sons,Etawah,3.81,4.27,118,Bangalore Warehouse,482,2026-06-18,,,,,,,,,,,,,,
2009,18,58,2025-09-16,2025-09-20,2025-09-25,410,Delivered,Tempore Product,Groceries,4870.19,6,Raju and Sons,Etawah,3.81,4.27,58,Bangalore Warehouse,328,2026-07-11,,,,,,,,,,,,,,
2010,4,49,2025-11-20,2025-11-23,2025-11-28,454,Cancelled,Alias Product,Furniture,4769.64,3,Rajagopal-Jayaraman,Jalna,1.0,3.51,49,Bangalore Warehouse,842,2026-07-01,,,,,,,,,,,,,,
2011,11,32,2024-11-28,2024-12-04,2024-12-08,489,In Transit,Quis Product,Groceries,4929.24,1,Banerjee Group,Alappuzha,8.52,4.3,32,Mumbai Warehouse,715,2026-07-01,,,,,,,,,,,,,,
2012,5,13,2025-02-21,2025-02-23,2025-02-27,217,Delivered,Reiciendis Product,Automotive,3971.98,6,Chander-Sibal,Kochi,6.81,4.37,13,Mumbai Warehouse,352,2026-07-10,,,,,,,,,,,,,,
2013,20,24,2026-05-28,2026-06-07,2026-06-08,95,Cancelled,Dolorem Product,Medical,3211.29,13,Chakraborty-Sengupta,Malda,5.0,3.56,24,Bangalore Warehouse,374,2026-06-27,,,,,,,,,,,,,,
2014,18,28,2024-09-20,2024-09-24,2024-09-24,139,In Transit,Quidem Product,Groceries,4168.94,2,Raju and Sons,Etawah,3.81,4.27,28,Hyderabad Warehouse,118,2026-06-24,,,,,,,,,,,,,,
2015,9,82,2025-07-16,2025-07-21,2025-07-24,56,Cancelled,Unde Product,Electronics,3347.22,1,"Loyal, Varma and Tripathi",Firozabad,9.75,4.64,82,Hyderabad Warehouse,481,2026-07-04,,,,,,,,,,,,,,
2016,18,35,2025-11-28,2025-12-07,2025-12-11,72,Delayed,Dolores Product,Electronics,4034.14,20,Raju and Sons,Etawah,3.81,4.27,35,Chennai Warehouse,804,2026-07-11,,,,,,,,,,,,,,
2017,1,58,2026-03-12,2026-03-19,2026-03-18,411,Delivered,Tempore Product,Groceries,4870.19,6,"Balasubramanian, Gara and Memon",Nadiad,5.69,4.88,58,Bangalore Warehouse,328,2026-07-11,,,,,,,,,,,,,,
2018,11,31,2025-09-13,2025-09-20,2025-09-22,391,Delayed,Non Product,Groceries,4067.09,17,Banerjee Group,Alappuzha,8.52,4.3,31,Mumbai Warehouse,995,2026-06-28,,,,,,,,,,,,,,
2019,20,60,2026-03-16,2026-03-19,2026-03-22,465,Delayed,Ipsa Product,Furniture,2536.82,19,Chakraborty-Sengupta,Malda,5.0,3.56,60,Bangalore Warehouse,753,2026-07-14,502.0,Transport Strike,Low,Omnis vel ab voluptate earum tenetur fugit.,2025-12-02,502.0,Expedite Shipment,Rejected,2025-11-30,502.0,Resolved,13.0,8670.46,Supplier changed
2020,9,98,2025-02-22,2025-02-28,2025-03-04,140,Delivered,Quae Product,Clothing,2022.11,14,"Loyal, Varma and Tripathi",Firozabad,9.75,4.64,98,Hyderabad Warehouse,832,2026-07-05,,,,,,,,,,,,,,
2021,13,117,2024-12-04,2024-12-14,2024-12-19,217,In Transit,Quisquam Product,Medical,1461.86,8,"Borah, Gill and Varma",Dehri,6.15,3.78,117,Hyderabad Warehouse,793,2026-06-16,115.0,Machine Failure,Low,Omnis ea maiores accusamus labore necessitatibus.,2026-03-28,115.0,Switch Supplier,Approved,2026-04-14,115.0,Pending,14.0,7616.01,Issue resolved successfully
2022,6,146,2025-10-22,2025-10-27,2025-10-27,111,Delivered,Minus Product,Furniture,4540.31,18,Bhavsar-Sampath,Bangalore,2.52,3.72,146,Delhi Warehouse,858,2026-06-21,,,,,,,,,,,,,,
2023,20,141,2026-05-30,2026-06-02,2026-06-06,285,Delivered,Provident Product,Automotive,4798.63,6,Chakraborty-Sengupta,Malda,5.0,3.56,141,Delhi Warehouse,291,2026-07-10,,,,,,,,,,,,,,
2024,10,104,2026-04-04,2026-04-08,2026-04-07,121,Delayed,Laboriosam Product,Clothing,2160.36,3,"Mitter, Srinivasan and Dixit",Shimoga,1.81,3.9,104,Delhi Warehouse,338,2026-06-24,,,,,,,,,,,,,,
2025,10,142,2024-08-16,2024-08-23,2024-08-24,200,Cancelled,Dolorum Product,Groceries,1310.64,7,"Mitter, Srinivasan and Dixit",Shimoga,1.81,3.9,142,Mumbai Warehouse,982,2026-07-09,,,,,,,,,,,,,,
2026,2,97,2024-09-02,2024-09-08,2024-09-11,16,Cancelled,Id Product,Electronics,4003.94,12,Gour Ltd,Bhilwara,8.05,3.83,97,Bangalore Warehouse,353,2026-07-08,,,,,,,,,,,,,,
2027,16,31,2025-01-05,2025-01-07,2025-01-09,148,Delayed,Non Product,Groceries,4067.09,17,Handa-Manda,Vijayanagaram,8.66,4.77,31,Mumbai Warehouse,995,2026-06-28,,,,,,,,,,,,,,
2028,16,41,2024-10-22,2024-10-29,2024-10-28,83,Delayed,Architecto Product,Furniture,1703.5,1,Handa-Manda,Vijayanagaram,8.66,4.77,41,Hyderabad Warehouse,681,2026-06-26,,,,,,,,,,,,,,
2029,6,93,2026-05-30,2026-06-03,2026-06-02,106,Delayed,Nemo Product,Automotive,3838.07,10,Bhavsar-Sampath,Bangalore,2.52,3.72,93,Mumbai Warehouse,413,2026-06-19,,,,,,,,,,,,,,
2030,10,7,2026-07-13,2026-07-21,2026-07-25,393,Delayed,Expedita Product,Furniture,1401.54,17,"Mitter, Srinivasan and Dixit",Shimoga,1.81,3.9,7,Delhi Warehouse,512,2026-06-28,,,,,,,,,,,,,,
2031,16,19,2026-03-07,2026-03-16,2026-03-19,378,Delayed,Officia Product,Electronics,667.17,9,Handa-Manda,Vijayanagaram,8.66,4.77,19,Bangalore Warehouse,273,2026-06-24,,,,,,,,,,,,,,
2032,9,109,2026-04-19,2026-04-27,2026-04-30,329,In Transit,Beatae Product,Automotive,1167.1,12,"Loyal, Varma and Tripathi",Firozabad,9.75,4.64,109,Mumbai Warehouse,573,2026-06-17,,,,,,,,,,,,,,
2033,7,41,2026-01-23,2026-01-31,2026-01-31,93,Cancelled,Architecto Product,Furniture,1703.5,1,Wali PLC,Khandwa,2.76,4.43,41,Hyderabad Warehouse,681,2026-06-26,,,,,,,,,,,,,,
2034,15,60,2026-01-05,2026-01-15,2026-01-13,291,Delayed,Ipsa Product,Furniture,2536.82,19,Sastry and Sons,Haldia,5.45,4.34,60,Bangalore Warehouse,753,2026-07-14,,,,,,,,,,,,,,
2035,4,42,2025-06-20,2025-06-30,2025-07-03,51,Delayed,Exercitationem Product,Medical,980.26,5,Rajagopal-Jayaraman,Jalna,1.0,3.51,42,Bangalore Warehouse,493,2026-07-01,,,,,,,,,,,,,,
2036,9,89,2026-06-18,2026-06-28,2026-06-27,70,Delayed,Fugiat Product,Electronics,4524.8,7,"Loyal, Varma and Tripathi",Firozabad,9.75,4.64,89,Bangalore Warehouse,597,2026-06-18,,,,,,,,,,,,,,
2037,19,22,2026-02-18,2026-02-25,2026-02-27,296,Delivered,Amet Product,Furniture,1453.32,6,"Nagar, Hari and Chada",Munger,9.42,4.61,22,Delhi Warehouse,386,2026-07-10,49.0,Machine Failure,Low,Nisi nihil incidunt enim quis culpa.,2026-04-20,49.0,Expedite Shipment,Pending,2026-04-23,49.0,Pending,14.0,4150.85,Issue resolved successfully
2038,4,59,2024-10-26,2024-11-04,2024-11-04,470,Delivered,Omnis Product,Electronics,2194.29,10,Rajagopal-Jayaraman,Jalna,1.0,3.51,59,Chennai Warehouse,265,2026-07-01,,,,,,,,,,,,,,
2039,10,1,2025-12-10,2025-12-13,2025-12-16,294,Delayed,Sint Product,Clothing,2204.33,20,"Mitter, Srinivasan and Dixit",Shimoga,1.81,3.9,1,Mumbai Warehouse,324,2026-07-01,,,,,,,,,,,,,,
2040,16,6,2024-11-11,2024-11-14,2024-11-19,430,Cancelled,Reiciendis Product,Furniture,3938.69,18,Handa-Manda,Vijayanagaram,8.66,4.77,6,Bangalore Warehouse,894,2026-06-26,,,,,,,,,,,,,,
2041,13,2,2026-05-23,2026-05-28,2026-05-28,284,In Transit,Veniam Product,Furniture,880.89,5,"Borah, Gill and Varma",Dehri,6.15,3.78,2,Delhi Warehouse,824,2026-06-22,,,,,,,,,,,,,,
2042,11,4,2024-12-23,2025-01-01,2025-01-03,131,Delivered,Dignissimos Product,Clothing,2106.24,6,Banerjee Group,Alappuzha,8.52,4.3,4,Bangalore Warehouse,473,2026-06-30,,,,,,,,,,,,,,
2043,2,80,2025-07-15,2025-07-25,2025-07-24,311,In Transit,Corporis Product,Medical,4255.47,15,Gour Ltd,Bhilwara,8.05,3.83,80,Mumbai Warehouse,656,2026-07-08,,,,,,,,,,,,,,
2044,9,77,2025-03-29,2025-04-07,2025-04-12,186,In Transit,Dolorum Product,Clothing,4786.13,4,"Loyal, Varma and Tripathi",Firozabad,9.75,4.64,77,Hyderabad Warehouse,307,2026-07-05,,,,,,,,,,,,,,
2045,2,37,2026-06-28,2026-06-30,2026-07-01,296,In Transit,Earum Product,Groceries,442.22,11,Gour Ltd,Bhilwara,8.05,3.83,37,Mumbai Warehouse,198,2026-06-16,,,,,,,,,,,,,,
2046,5,2,2026-02-09,2026-02-11,2026-02-13,491,Delayed,Veniam Product,Furniture,880.89,5,Chander-Sibal,Kochi,6.81,4.37,2,Delhi Warehouse,824,2026-06-22,,,,,,,,,,,,,,
2047,7,134,2024-10-03,2024-10-08,2024-10-12,197,Cancelled,Eligendi Product,Automotive,3447.14,10,Wali PLC,Khandwa,2.76,4.43,134,Hyderabad Warehouse,699,2026-07-02,,,,,,,,,,,,,,
2048,17,51,2025-05-17,2025-05-26,2025-05-27,471,In Transit,Corrupti Product,Medical,1864.29,15,"Sule, Jaggi and Char",Pallavaram,6.39,3.52,51,Chennai Warehouse,926,2026-07-02,,,,,,,,,,,,,,
2049,18,131,2025-10-24,2025-10-27,2025-10-31,294,Cancelled,Nesciunt Product,Furniture,3585.42,1,Raju and Sons,Etawah,3.81,4.27,131,Hyderabad Warehouse,157,2026-06-24,,,,,,,,,,,,,,
2050,19,84,2025-02-06,2025-02-09,2025-02-14,57,In Transit,Ab Product,Clothing,1108.56,18,"Nagar, Hari and Chada",Munger,9.42,4.61,84,Bangalore Warehouse,80,2026-06-28,,,,,,,,,,,,,,
2051,13,111,2026-07-07,2026-07-10,2026-07-15,101,Delayed,Quaerat Product,Clothing,218.68,3,"Borah, Gill and Varma",Dehri,6.15,3.78,111,Hyderabad Warehouse,662,2026-07-13,,,,,,,,,,,,,,
2052,20,89,2024-08-10,2024-08-20,2024-08-25,383,In Transit,Fugiat Product,Electronics,4524.8,7,Chakraborty-Sengupta,Malda,5.0,3.56,89,Bangalore Warehouse,597,2026-06-18,,,,,,,,,,,,,,
2053,1,120,2025-12-11,2025-12-14,2025-12-18,128,Cancelled,Magnam Product,Electronics,3329.48,19,"Balasubramanian, Gara and Memon",Nadiad,5.69,4.88,120,Bangalore Warehouse,996,2026-07-07,,,,,,,,,,,,,,
2054,8,125,2025-09-16,2025-09-21,2025-09-26,383,In Transit,Consectetur Product,Clothing,1221.23,13,Hans-Bir,Siliguri,2.43,4.68,125,Chennai Warehouse,72,2026-06-29,98.0,Port Congestion,Low,Adipisci architecto numquam animi aliquid.,2025-12-18,98.0,Expedite Shipment,Pending,2026-05-05,98.0,Resolved,2.0,12747.64,Issue resolved successfully
2055,2,140,2024-07-26,2024-08-04,2024-08-06,469,Delayed,Recusandae Product,Groceries,2705.55,15,Gour Ltd,Bhilwara,8.05,3.83,140,Hyderabad Warehouse,927,2026-06-18,422.0,Traffic,Medium,Laboriosam dolore saepe sint reprehenderit error sunt accusamus.,2026-07-04,422.0,Increase Safety Stock,Rejected,2025-12-02,422.0,Pending,12.0,-3494.78,Minor delay occurred
2056,14,12,2026-02-26,2026-03-03,2026-03-01,481,Cancelled,Fugit Product,Clothing,1357.85,15,"Bahri, Dugar and Ratti",Kottayam,8.09,4.85,12,Hyderabad Warehouse,878,2026-06-22,,,,,,,,,,,,,,
2057,20,65,2024-10-28,2024-11-02,2024-11-03,346,Cancelled,Ut Product,Groceries,3277.06,2,Chakraborty-Sengupta,Malda,5.0,3.56,65,Delhi Warehouse,911,2026-07-06,,,,,,,,,,,,,,
2058,18,41,2026-05-18,2026-05-24,2026-05-25,68,Delayed,Architecto Product,Furniture,1703.5,1,Raju and Sons,Etawah,3.81,4.27,41,Hyderabad Warehouse,681,2026-06-26,,,,,,,,,,,,,,
2059,2,5,2026-04-23,2026-04-28,2026-04-29,71,Delivered,Occaecati Product,Medical,1257.97,15,Gour Ltd,Bhilwara,8.05,3.83,5,Hyderabad Warehouse,892,2026-07-08,371.0,Weather,High,Libero quod molestiae minima rem earum.,2025-08-26,371.0,Change Transport Route,Pending,2025-08-10,371.0,Pending,5.0,-3160.47,Cost increased
2060,18,5,2026-04-24,2026-04-29,2026-05-04,438,Delivered,Occaecati Product,Medical,1257.97,15,Raju and Sons,Etawah,3.81,4.27,5,Hyderabad Warehouse,892,2026-07-08,,,,,,,,,,,,,,
2061,1,81,2026-07-09,2026-07-14,2026-07-17,238,Delivered,Voluptatibus Product,Automotive,1958.75,1,"Balasubramanian, Gara and Memon",Nadiad,5.69,4.88,81,Chennai Warehouse,875,2026-06-17,,,,,,,,,,,,,,
2062,9,25,2025-10-29,2025-10-31,2025-11-01,495,Delayed,Vel Product,Automotive,3265.92,1,"Loyal, Varma and Tripathi",Firozabad,9.75,4.64,25,Bangalore Warehouse,437,2026-07-06,,,,,,,,,,,,,,
2063,3,13,2026-07-14,2026-07-18,2026-07-22,186,Delayed,Reiciendis Product,Automotive,3971.98,6,"Balan, Virk and Mangal",Bangalore,3.73,4.49,13,Mumbai Warehouse,352,2026-07-10,,,,,,,,,,,,,,
2064,16,78,2026-06-16,2026-06-24,2026-06-25,21,Delivered,Quam Product,Clothing,1593.13,4,Handa-Manda,Vijayanagaram,8.66,4.77,78,Hyderabad Warehouse,637,2026-07-09,508.0,Supplier Delay,Low,Unde omnis repellat.,2025-07-29,508.0,Switch Supplier,Rejected,2026-04-08,508.0,Partially Resolved,11.0,5951.35,Supplier changed
2065,3,113,2024-08-26,2024-08-28,2024-09-02,459,Delayed,Placeat Product,Groceries,4202.62,15,"Balan, Virk and Mangal",Bangalore,3.73,4.49,113,Mumbai Warehouse,228,2026-07-12,,,,,,,,,,,,,,
2066,13,150,2025-07-11,2025-07-21,2025-07-26,477,Delayed,Harum Product,Furniture,1928.91,14,"Borah, Gill and Varma",Dehri,6.15,3.78,150,Bangalore Warehouse,533,2026-07-09,,,,,,,,,,,,,,
2067,10,149,2026-04-30,2026-05-06,2026-05-08,488,Delayed,Asperiores Product,Groceries,2199.52,9,"Mitter, Srinivasan and Dixit",Shimoga,1.81,3.9,149,Chennai Warehouse,331,2026-07-13,54.0,Transport Strike,Low,Ea iure neque nulla doloremque quidem.,2026-03-12,54.0,Expedite Shipment,Pending,2026-01-25,54.0,Resolved,14.0,13321.13,Shipment rerouted
2068,19,63,2024-09-22,2024-09-26,2024-09-24,179,Delayed,Minus Product,Electronics,1218.88,8,"Nagar, Hari and Chada",Munger,9.42,4.61,63,Hyderabad Warehouse,518,2026-06-17,,,,,,,,,,,,,,
2069,14,104,2025-12-16,2025-12-18,2025-12-23,376,Cancelled,Laboriosam Product,Clothing,2160.36,3,"Bahri, Dugar and Ratti",Kottayam,8.09,4.85,104,Delhi Warehouse,338,2026-06-24,,,,,,,,,,,,,,
2070,15,44,2026-03-05,2026-03-09,2026-03-08,207,Delayed,Voluptatum Product,Groceries,3216.56,15,Sastry and Sons,Haldia,5.45,4.34,44,Chennai Warehouse,740,2026-07-04,,,,,,,,,,,,,,
2071,6,132,2025-12-18,2025-12-24,2025-12-29,244,In Transit,Quisquam Product,Groceries,1498.72,7,Bhavsar-Sampath,Bangalore,2.52,3.72,132,Mumbai Warehouse,860,2026-07-05,,,,,,,,,,,,,,
2072,2,34,2025-02-17,2025-02-19,2025-02-23,490,Cancelled,Consequatur Product,Automotive,4834.5,8,Gour Ltd,Bhilwara,8.05,3.83,34,Delhi Warehouse,280,2026-06-18,,,,,,,,,,,,,,
2073,17,125,2025-01-13,2025-01-18,2025-01-19,41,In Transit,Consectetur Product,Clothing,1221.23,13,"Sule, Jaggi and Char",Pallavaram,6.39,3.52,125,Chennai Warehouse,72,2026-06-29,,,,,,,,,,,,,,
2074,11,105,2025-07-01,2025-07-05,2025-07-09,99,Delayed,Tenetur Product,Clothing,1337.9,1,Banerjee Group,Alappuzha,8.52,4.3,105,Hyderabad Warehouse,84,2026-07-03,,,,,,,,,,,,,,
2075,17,112,2025-08-19,2025-08-27,2025-08-27,296,Delivered,Modi Product,Electronics,2985.26,19,"Sule, Jaggi and Char",Pallavaram,6.39,3.52,112,Bangalore Warehouse,212,2026-06-25,,,,,,,,,,,,,,
2076,9,140,2026-01-28,2026-02-05,2026-02-07,203,Delayed,Recusandae Product,Groceries,2705.55,15,"Loyal, Varma and Tripathi",Firozabad,9.75,4.64,140,Hyderabad Warehouse,927,2026-06-18,,,,,,,,,,,,,,
2077,14,42,2024-08-01,2024-08-03,2024-08-08,187,Delivered,Exercitationem Product,Medical,980.26,5,"Bahri, Dugar and Ratti",Kottayam,8.09,4.85,42,Bangalore Warehouse,493,2026-07-01,,,,,,,,,,,,,,
2078,11,143,2026-04-09,2026-04-17,2026-04-19,300,Cancelled,Exercitationem Product,Furniture,2333.4,6,Banerjee Group,Alappuzha,8.52,4.3,143,Hyderabad Warehouse,191,2026-07-12,,,,,,,,,,,,,,
2079,7,88,2026-06-19,2026-06-26,2026-06-27,198,Cancelled,Ab Product,Medical,441.59,19,Wali PLC,Khandwa,2.76,4.43,88,Bangalore Warehouse,70,2026-07-10,,,,,,,,,,,,,,
2080,20,141,2026-03-28,2026-04-03,2026-04-01,182,Delayed,Provident Product,Automotive,4798.63,6,Chakraborty-Sengupta,Malda,5.0,3.56,141,Delhi Warehouse,291,2026-07-10,,,,,,,,,,,,,,
2081,8,106,2025-07-24,2025-07-28,2025-07-30,282,In Transit,Officiis Product,Clothing,3586.71,17,Hans-Bir,Siliguri,2.43,4.68,106,Delhi Warehouse,595,2026-06-23,,,,,,,,,,,,,,
2082,12,35,2026-03-08,2026-03-18,2026-03-21,328,Delayed,Dolores Product,Electronics,4034.14,20,Thakur and Sons,Kanpur,5.83,3.5,35,Chennai Warehouse,804,2026-07-11,,,,,,,,,,,,,,
2083,14,15,2026-01-26,2026-01-31,2026-02-05,127,Delivered,Dolore Product,Automotive,1024.49,5,"Bahri, Dugar and Ratti",Kottayam,8.09,4.85,15,Chennai Warehouse,343,2026-07-02,,,,,,,,,,,,,,
2084,4,143,2026-03-09,2026-03-13,2026-03-15,66,In Transit,Exercitationem Product,Furniture,2333.4,6,Rajagopal-Jayaraman,Jalna,1.0,3.51,143,Hyderabad Warehouse,191,2026-07-12,,,,,,,,,,,,,,
2085,7,29,2025-05-27,2025-05-31,2025-05-29,136,Cancelled,Architecto Product,Furniture,4183.31,3,Wali PLC,Khandwa,2.76,4.43,29,Chennai Warehouse,981,2026-06-27,,,,,,,,,,,,,,
2086,8,142,2024-09-19,2024-09-24,2024-09-23,120,Cancelled,Dolorum Product,Groceries,1310.64,7,Hans-Bir,Siliguri,2.43,4.68,142,Mumbai Warehouse,982,2026-07-09,520.0,Machine Failure,Low,Eius voluptate necessitatibus a ratione aspernatur veniam.,2026-04-18,520.0,Increase Safety Stock,Rejected,2026-06-14,520.0,Partially Resolved,12.0,10929.85,Minor delay occurred
2087,13,103,2025-03-16,2025-03-25,2025-03-24,364,Cancelled,Sunt Product,Furniture,3330.94,12,"Borah, Gill and Varma",Dehri,6.15,3.78,103,Chennai Warehouse,485,2026-07-13,,,,,,,,,,,,,,
2088,7,98,2024-09-07,2024-09-10,2024-09-13,150,Delayed,Quae Product,Clothing,2022.11,14,Wali PLC,Khandwa,2.76,4.43,98,Hyderabad Warehouse,832,2026-07-05,,,,,,,,,,,,,,
2089,13,45,2026-03-25,2026-04-02,2026-04-04,194,Delivered,Nobis Product,Medical,164.54,6,"Borah, Gill and Varma",Dehri,6.15,3.78,45,Bangalore Warehouse,567,2026-07-04,272.0,Transport Strike,Low,Perferendis dolor sunt quas magni.,2026-04-08,272.0,Change Transport Route,Rejected,2026-04-08,272.0,Resolved,7.0,4166.52,Supplier changed
2090,3,23,2026-06-22,2026-06-26,2026-06-25,355,In Transit,Quibusdam Product,Furniture,2588.22,10,"Balan, Virk and Mangal",Bangalore,3.73,4.49,23,Delhi Warehouse,912,2026-06-19,,,,,,,,,,,,,,
2091,10,114,2026-04-29,2026-05-04,2026-05-09,219,Cancelled,Dicta Product,Clothing,1943.15,20,"Mitter, Srinivasan and Dixit",Shimoga,1.81,3.9,114,Hyderabad Warehouse,822,2026-07-08,,,,,,,,,,,,,,
2092,16,143,2026-01-20,2026-01-27,2026-01-26,190,Delivered,Exercitationem Product,Furniture,2333.4,6,Handa-Manda,Vijayanagaram,8.66,4.77,143,Hyderabad Warehouse,191,2026-07-12,,,,,,,,,,,,,,
2093,8,124,2025-11-01,2025-11-11,2025-11-10,211,In Transit,Excepturi Product,Furniture,756.02,2,Hans-Bir,Siliguri,2.43,4.68,124,Chennai Warehouse,123,2026-07-09,,,,,,,,,,,,,,
2094,11,104,2025-08-29,2025-09-02,2025-09-07,220,Delivered,Laboriosam Product,Clothing,2160.36,3,Banerjee Group,Alappuzha,8.52,4.3,104,Delhi Warehouse,338,2026-06-24,449.0,Port Congestion,High,Accusantium harum non corrupti numquam.,2025-11-12,449.0,Change Transport Route,Rejected,2025-11-26,449.0,Partially Resolved,3.0,-2667.0,Issue resolved successfully
2095,12,134,2026-04-02,2026-04-12,2026-04-12,176,Delayed,Eligendi Product,Automotive,3447.14,10,Thakur and Sons,Kanpur,5.83,3.5,134,Hyderabad Warehouse,699,2026-07-02,,,,,,,,,,,,,,
2096,8,54,2026-05-01,2026-05-05,2026-05-09,389,In Transit,Voluptatem Product,Groceries,3641.55,2,Hans-Bir,Siliguri,2.43,4.68,54,Chennai Warehouse,842,2026-06-17,,,,,,,,,,,,,,
2097,4,75,2025-03-06,2025-03-12,2025-03-14,324,Cancelled,Recusandae Product,Automotive,4884.77,14,Rajagopal-Jayaraman,Jalna,1.0,3.51,75,Chennai Warehouse,450,2026-07-07,227.0,Weather,Low,Dolorum consequatur dolorum quam eius repudiandae voluptatum.,2025-10-21,227.0,Change Transport Route,Implemented,2026-03-10,227.0,Partially Resolved,6.0,591.61,Supplier changed
2098,18,56,2026-02-27,2026-03-05,2026-03-07,208,In Transit,Error Product,Electronics,333.18,11,Raju and Sons,Etawah,3.81,4.27,56,Chennai Warehouse,777,2026-07-07,,,,,,,,,,,,,,
2099,9,22,2024-08-25,2024-08-29,2024-08-29,230,In Transit,Amet Product,Furniture,1453.32,6,"Loyal, Varma and Tripathi",Firozabad,9.75,4.64,22,Delhi Warehouse,386,2026-07-10,,,,,,,,,,,,,,
2100,5,24,2026-04-28,2026-05-02,2026-05-01,187,Delivered,Dolorem Product,Medical,3211.29,13,Chander-Sibal,Kochi,6.81,4.37,24,Bangalore Warehouse,374,2026-06-27,,,,,,,,,,,,,,
2101,12,119,2025-08-18,2025-08-28,2025-08-28,30,In Transit,Maxime Product,Furniture,4794.94,19,Thakur and Sons,Kanpur,5.83,3.5,119,Mumbai Warehouse,383,2026-07-01,463.0,Port Congestion,Low,Earum culpa mollitia facilis quisquam.,2026-06-30,463.0,Increase Safety Stock,Pending,2025-11-10,463.0,Partially Resolved,0.0,6528.71,Shipment rerouted
2102,10,148,2026-03-24,2026-04-03,2026-04-08,29,Cancelled,Saepe Product,Groceries,920.71,10,"Mitter, Srinivasan and Dixit",Shimoga,1.81,3.9,148,Delhi Warehouse,944,2026-06-16,541.0,Traffic,Low,Fugiat sunt dicta laudantium esse deserunt ad.,2026-03-11,541.0,Expedite Shipment,Rejected,2026-05-16,541.0,Failed,15.0,13371.59,Supplier changed
2103,18,1,2025-02-15,2025-02-17,2025-02-18,398,Cancelled,Sint Product,Clothing,2204.33,20,Raju and Sons,Etawah,3.81,4.27,1,Mumbai Warehouse,324,2026-07-01,,,,,,,,,,,,,,
2104,13,145,2025-03-02,2025-03-08,2025-03-08,355,Delivered,Provident Product,Groceries,3598.65,5,"Borah, Gill and Varma",Dehri,6.15,3.78,145,Bangalore Warehouse,739,2026-06-24,,,,,,,,,,,,,,
2105,20,2,2025-04-03,2025-04-11,2025-04-10,423,Cancelled,Veniam Product,Furniture,880.89,5,Chakraborty-Sengupta,Malda,5.0,3.56,2,Delhi Warehouse,824,2026-06-22,,,,,,,,,,,,,,
2106,7,64,2025-07-31,2025-08-04,2025-08-07,267,Delayed,Officia Product,Automotive,1852.17,1,Wali PLC,Khandwa,2.76,4.43,64,Hyderabad Warehouse,751,2026-06-19,206.0,Machine Failure,High,Totam tempore maiores inventore.,2025-09-19,206.0,Switch Supplier,Implemented,2026-02-28,206.0,Partially Resolved,10.0,956.54,Issue resolved successfully
2107,8,70,2025-03-06,2025-03-12,2025-03-13,272,Cancelled,Excepturi Product,Automotive,4641.9,16,Hans-Bir,Siliguri,2.43,4.68,70,Bangalore Warehouse,802,2026-06-20,,,,,,,,,,,,,,
2108,11,41,2025-10-14,2025-10-22,2025-10-27,179,In Transit,Architecto Product,Furniture,1703.5,1,Banerjee Group,Alappuzha,8.52,4.3,41,Hyderabad Warehouse,681,2026-06-26,444.0,Weather,Low,Quos error exercitationem neque dignissimos fuga dicta.,2025-09-01,444.0,Change Transport Route,Implemented,2026-01-03,444.0,Pending,11.0,9401.47,Issue resolved successfully
2109,2,86,2026-04-14,2026-04-18,2026-04-16,390,In Transit,Aliquam Product,Electronics,2475.27,3,Gour Ltd,Bhilwara,8.05,3.83,86,Mumbai Warehouse,687,2026-06-23,585.0,Supplier Delay,Low,Deleniti iure iusto autem sit sit temporibus.,2025-09-26,585.0,Expedite Shipment,Rejected,2026-05-19,585.0,Pending,5.0,-3019.89,Issue resolved successfully
2110,7,50,2026-05-05,2026-05-08,2026-05-09,275,Delayed,Quae Product,Automotive,939.97,7,Wali PLC,Khandwa,2.76,4.43,50,Chennai Warehouse,576,2026-07-06,,,,,,,,,,,,,,
2111,8,129,2025-04-20,2025-04-24,2025-04-27,297,Cancelled,Repellat Product,Clothing,772.83,16,Hans-Bir,Siliguri,2.43,4.68,129,Bangalore Warehouse,81,2026-07-01,,,,,,,,,,,,,,
2112,11,87,2025-02-19,2025-02-26,2025-02-28,472,Delayed,Vitae Product,Clothing,4295.55,19,Banerjee Group,Alappuzha,8.52,4.3,87,Delhi Warehouse,423,2026-06-26,,,,,,,,,,,,,,
2113,17,76,2025-03-07,2025-03-09,2025-03-11,318,Delivered,Sunt Product,Electronics,2690.2,2,"Sule, Jaggi and Char",Pallavaram,6.39,3.52,76,Delhi Warehouse,630,2026-06-16,133.0,Port Congestion,Medium,Recusandae aspernatur voluptatum architecto est voluptas.,2025-12-19,133.0,Expedite Shipment,Pending,2026-06-29,133.0,Resolved,0.0,2062.11,Supplier changed
2114,14,90,2026-07-01,2026-07-07,2026-07-08,292,In Transit,Quo Product,Electronics,4661.14,19,"Bahri, Dugar and Ratti",Kottayam,8.09,4.85,90,Delhi Warehouse,466,2026-06-28,,,,,,,,,,,,,,
2115,14,79,2024-09-21,2024-09-23,2024-09-22,444,Cancelled,Officiis Product,Automotive,3036.4,6,"Bahri, Dugar and Ratti",Kottayam,8.09,4.85,79,Bangalore Warehouse,898,2026-06-30,320.0,Transport Strike,Low,Molestias ut maxime aliquam.,2025-11-06,320.0,Switch Supplier,Pending,2025-11-23,320.0,Pending,10.0,-4378.57,Minor delay occurred
2116,16,59,2025-02-05,2025-02-13,2025-02-18,466,Cancelled,Omnis Product,Electronics,2194.29,10,Handa-Manda,Vijayanagaram,8.66,4.77,59,Chennai Warehouse,265,2026-07-01,,,,,,,,,,,,,,
2117,17,65,2025-11-29,2025-12-02,2025-12-01,96,In Transit,Ut Product,Groceries,3277.06,2,"Sule, Jaggi and Char",Pallavaram,6.39,3.52,65,Delhi Warehouse,911,2026-07-06,,,,,,,,,,,,,,
2118,10,130,2024-09-10,2024-09-14,2024-09-13,377,Cancelled,Rerum Product,Clothing,379.31,9,"Mitter, Srinivasan and Dixit",Shimoga,1.81,3.9,130,Bangalore Warehouse,702,2026-06-28,,,,,,,,,,,,,,
2119,7,46,2025-08-17,2025-08-21,2025-08-25,471,Delayed,Impedit Product,Electronics,1574.36,7,Wali PLC,Khandwa,2.76,4.43,46,Chennai Warehouse,372,2026-06-23,,,,,,,,,,,,,,
2120,15,103,2026-05-18,2026-05-20,2026-05-23,466,Delivered,Sunt Product,Furniture,3330.94,12,Sastry and Sons,Haldia,5.45,4.34,103,Chennai Warehouse,485,2026-07-13,,,,,,,,,,,,,,
2121,9,30,2024-11-15,2024-11-24,2024-11-24,20,Delayed,Voluptatem Product,Medical,3709.02,5,"Loyal, Varma and Tripathi",Firozabad,9.75,4.64,30,Chennai Warehouse,472,2026-06-30,,,,,,,,,,,,,,
2122,8,53,2024-09-08,2024-09-14,2024-09-13,285,Delayed,Ea Product,Clothing,3005.08,10,Hans-Bir,Siliguri,2.43,4.68,53,Delhi Warehouse,480,2026-06-28,,,,,,,,,,,,,,
2123,18,67,2026-01-31,2026-02-02,2026-02-03,23,Delayed,Omnis Product,Clothing,1337.97,5,Raju and Sons,Etawah,3.81,4.27,67,Hyderabad Warehouse,994,2026-06-29,,,,,,,,,,,,,,
2124,18,39,2024-12-17,2024-12-26,2024-12-28,218,In Transit,Amet Product,Automotive,1228.36,6,Raju and Sons,Etawah,3.81,4.27,39,Chennai Warehouse,720,2026-07-10,,,,,,,,,,,,,,
2125,3,143,2026-06-25,2026-06-28,2026-06-27,304,Delayed,Exercitationem Product,Furniture,2333.4,6,"Balan, Virk and Mangal",Bangalore,3.73,4.49,143,Hyderabad Warehouse,191,2026-07-12,,,,,,,,,,,,,,
2126,8,97,2025-04-27,2025-05-05,2025-05-10,458,Delivered,Id Product,Electronics,4003.94,12,Hans-Bir,Siliguri,2.43,4.68,97,Bangalore Warehouse,353,2026-07-08,,,,,,,,,,,,,,
2127,2,45,2024-11-23,2024-11-27,2024-11-30,153,Cancelled,Nobis Product,Medical,164.54,6,Gour Ltd,Bhilwara,8.05,3.83,45,Bangalore Warehouse,567,2026-07-04,,,,,,,,,,,,,,
2128,18,135,2025-06-15,2025-06-23,2025-06-24,59,Delivered,Nisi Product,Medical,1322.29,1,Raju and Sons,Etawah,3.81,4.27,135,Delhi Warehouse,660,2026-06-19,,,,,,,,,,,,,,
2129,10,148,2024-09-26,2024-09-30,2024-10-01,387,Delayed,Saepe Product,Groceries,920.71,10,"Mitter, Srinivasan and Dixit",Shimoga,1.81,3.9,148,Delhi Warehouse,944,2026-06-16,,,,,,,,,,,,,,
2130,5,12,2025-03-11,2025-03-21,2025-03-19,53,Cancelled,Fugit Product,Clothing,1357.85,15,Chander-Sibal,Kochi,6.81,4.37,12,Hyderabad Warehouse,878,2026-06-22,,,,,,,,,,,,,,
2131,15,112,2025-05-15,2025-05-18,2025-05-16,316,Cancelled,Modi Product,Electronics,2985.26,19,Sastry and Sons,Haldia,5.45,4.34,112,Bangalore Warehouse,212,2026-06-25,,,,,,,,,,,,,,
2132,11,13,2025-11-22,2025-11-28,2025-11-26,178,Delivered,Reiciendis Product,Automotive,3971.98,6,Banerjee Group,Alappuzha,8.52,4.3,13,Mumbai Warehouse,352,2026-07-10,,,,,,,,,,,,,,
2133,19,125,2026-07-03,2026-07-05,2026-07-10,325,Cancelled,Consectetur Product,Clothing,1221.23,13,"Nagar, Hari and Chada",Munger,9.42,4.61,125,Chennai Warehouse,72,2026-06-29,,,,,,,,,,,,,,
2134,6,78,2025-01-24,2025-02-01,2025-02-04,249,Cancelled,Quam Product,Clothing,1593.13,4,Bhavsar-Sampath,Bangalore,2.52,3.72,78,Hyderabad Warehouse,637,2026-07-09,,,,,,,,,,,,,,
2135,12,30,2026-04-18,2026-04-23,2026-04-23,174,In Transit,Voluptatem Product,Medical,3709.02,5,Thakur and Sons,Kanpur,5.83,3.5,30,Chennai Warehouse,472,2026-06-30,,,,,,,,,,,,,,
2136,9,54,2024-11-15,2024-11-21,2024-11-20,74,Delivered,Voluptatem Product,Groceries,3641.55,2,"Loyal, Varma and Tripathi",Firozabad,9.75,4.64,54,Chennai Warehouse,842,2026-06-17,,,,,,,,,,,,,,
2137,18,85,2024-12-10,2024-12-19,2024-12-23,350,Delayed,Vero Product,Medical,287.27,20,Raju and Sons,Etawah,3.81,4.27,85,Bangalore Warehouse,854,2026-06-21,,,,,,,,,,,,,,
2138,18,103,2026-01-16,2026-01-26,2026-01-24,414,Cancelled,Sunt Product,Furniture,3330.94,12,Raju and Sons,Etawah,3.81,4.27,103,Chennai Warehouse,485,2026-07-13,,,,,,,,,,,,,,
2139,9,75,2025-01-29,2025-02-02,2025-02-04,126,Delivered,Recusandae Product,Automotive,4884.77,14,"Loyal, Varma and Tripathi",Firozabad,9.75,4.64,75,Chennai Warehouse,450,2026-07-07,,,,,,,,,,,,,,
2140,9,75,2024-12-14,2024-12-20,2024-12-19,406,In Transit,Recusandae Product,Automotive,4884.77,14,"Loyal, Varma and Tripathi",Firozabad,9.75,4.64,75,Chennai Warehouse,450,2026-07-07,,,,,,,,,,,,,,
2141,8,93,2026-04-25,2026-05-01,2026-05-04,321,Delayed,Nemo Product,Automotive,3838.07,10,Hans-Bir,Siliguri,2.43,4.68,93,Mumbai Warehouse,413,2026-06-19,50.0,Machine Failure,Low,Impedit libero hic fugiat.,2025-09-01,50.0,Expedite Shipment,Pending,2026-04-28,50.0,Failed,4.0,-1027.59,Issue resolved successfully
2142,7,107,2025-06-25,2025-07-04,2025-07-06,94,Delayed,Repudiandae Product,Automotive,609.59,11,Wali PLC,Khandwa,2.76,4.43,107,Delhi Warehouse,711,2026-07-01,,,,,,,,,,,,,,
2143,10,58,2026-01-12,2026-01-20,2026-01-20,156,In Transit,Tempore Product,Groceries,4870.19,6,"Mitter, Srinivasan and Dixit",Shimoga,1.81,3.9,58,Bangalore Warehouse,328,2026-07-11,,,,,,,,,,,,,,
2144,20,28,2026-05-10,2026-05-16,2026-05-17,120,Cancelled,Quidem Product,Groceries,4168.94,2,Chakraborty-Sengupta,Malda,5.0,3.56,28,Hyderabad Warehouse,118,2026-06-24,,,,,,,,,,,,,,
2145,7,132,2026-06-07,2026-06-13,2026-06-17,488,In Transit,Quisquam Product,Groceries,1498.72,7,Wali PLC,Khandwa,2.76,4.43,132,Mumbai Warehouse,860,2026-07-05,,,,,,,,,,,,,,
2146,3,130,2025-09-27,2025-10-07,2025-10-11,158,Delivered,Rerum Product,Clothing,379.31,9,"Balan, Virk and Mangal",Bangalore,3.73,4.49,130,Bangalore Warehouse,702,2026-06-28,,,,,,,,,,,,,,
2147,1,94,2025-08-26,2025-09-03,2025-09-08,126,Cancelled,Culpa Product,Clothing,4115.37,20,"Balasubramanian, Gara and Memon",Nadiad,5.69,4.88,94,Delhi Warehouse,329,2026-07-15,,,,,,,,,,,,,,
2148,20,86,2025-02-22,2025-03-01,2025-03-06,38,In Transit,Aliquam Product,Electronics,2475.27,3,Chakraborty-Sengupta,Malda,5.0,3.56,86,Mumbai Warehouse,687,2026-06-23,,,,,,,,,,,,,,
2149,19,10,2025-07-09,2025-07-15,2025-07-17,438,Delivered,Ratione Product,Medical,834.09,9,"Nagar, Hari and Chada",Munger,9.42,4.61,10,Hyderabad Warehouse,815,2026-07-09,,,,,,,,,,,,,,
2150,3,140,2025-11-10,2025-11-12,2025-11-16,456,Delayed,Recusandae Product,Groceries,2705.55,15,"Balan, Virk and Mangal",Bangalore,3.73,4.49,140,Hyderabad Warehouse,927,2026-06-18,,,,,,,,,,,,,,
2151,3,109,2026-05-03,2026-05-05,2026-05-04,249,Delivered,Beatae Product,Automotive,1167.1,12,"Balan, Virk and Mangal",Bangalore,3.73,4.49,109,Mumbai Warehouse,573,2026-06-17,4.0,Traffic,Medium,Odio id libero laborum ullam voluptatibus harum consequuntur.,2026-04-25,4.0,Change Transport Route,Rejected,2025-11-09,4.0,Resolved,10.0,14597.01,Cost increased
2152,3,112,2026-02-08,2026-02-13,2026-02-16,115,Cancelled,Modi Product,Electronics,2985.26,19,"Balan, Virk and Mangal",Bangalore,3.73,4.49,112,Bangalore Warehouse,212,2026-06-25,,,,,,,,,,,,,,
2153,3,20,2025-05-31,2025-06-08,2025-06-07,41,Delivered,Laborum Product,Electronics,563.85,5,"Balan, Virk and Mangal",Bangalore,3.73,4.49,20,Bangalore Warehouse,426,2026-07-15,,,,,,,,,,,,,,
2154,14,28,2026-04-08,2026-04-11,2026-04-16,128,In Transit,Quidem Product,Groceries,4168.94,2,"Bahri, Dugar and Ratti",Kottayam,8.09,4.85,28,Hyderabad Warehouse,118,2026-06-24,,,,,,,,,,,,,,
2155,4,95,2026-04-27,2026-04-30,2026-04-29,36,In Transit,Temporibus Product,Automotive,2131.71,12,Rajagopal-Jayaraman,Jalna,1.0,3.51,95,Hyderabad Warehouse,870,2026-07-10,,,,,,,,,,,,,,
2156,16,22,2024-11-21,2024-11-28,2024-11-26,397,In Transit,Amet Product,Furniture,1453.32,6,Handa-Manda,Vijayanagaram,8.66,4.77,22,Delhi Warehouse,386,2026-07-10,,,,,,,,,,,,,,
2157,15,61,2024-08-19,2024-08-21,2024-08-25,187,Delayed,Eveniet Product,Furniture,3258.29,8,Sastry and Sons,Haldia,5.45,4.34,61,Mumbai Warehouse,725,2026-06-20,,,,,,,,,,,,,,
2158,9,118,2026-01-18,2026-01-25,2026-01-26,467,Cancelled,Harum Product,Automotive,2602.93,16,"Loyal, Varma and Tripathi",Firozabad,9.75,4.64,118,Bangalore Warehouse,482,2026-06-18,301.0,Weather,Medium,Consectetur architecto nostrum reprehenderit.,2026-01-01,301.0,Switch Supplier,Approved,2025-10-26,301.0,Failed,6.0,7093.46,Issue resolved successfully
2158,9,118,2026-01-18,2026-01-25,2026-01-26,467,Cancelled,Harum Product,Automotive,2602.93,16,"Loyal, Varma and Tripathi",Firozabad,9.75,4.64,118,Bangalore Warehouse,482,2026-06-18,503.0,Port Congestion,Low,Dicta culpa beatae.,2025-08-16,503.0,Expedite Shipment,Approved,2026-04-21,503.0,Pending,6.0,5496.9,Minor delay occurred
2159,12,50,2025-04-12,2025-04-22,2025-04-24,450,In Transit,Quae Product,Automotive,939.97,7,Thakur and Sons,Kanpur,5.83,3.5,50,Chennai Warehouse,576,2026-07-06,,,,,,,,,,,,,,
2160,14,41,2025-06-16,2025-06-19,2025-06-22,359,Cancelled,Architecto Product,Furniture,1703.5,1,"Bahri, Dugar and Ratti",Kottayam,8.09,4.85,41,Hyderabad Warehouse,681,2026-06-26,,,,,,,,,,,,,,
2161,10,145,2025-12-06,2025-12-09,2025-12-12,41,In Transit,Provident Product,Groceries,3598.65,5,"Mitter, Srinivasan and Dixit",Shimoga,1.81,3.9,145,Bangalore Warehouse,739,2026-06-24,,,,,,,,,,,,,,
2162,15,15,2026-05-21,2026-05-25,2026-05-30,157,In Transit,Dolore Product,Automotive,1024.49,5,Sastry and Sons,Haldia,5.45,4.34,15,Chennai Warehouse,343,2026-07-02,,,,,,,,,,,,,,
2163,19,108,2026-06-05,2026-06-12,2026-06-13,26,Delivered,Debitis Product,Automotive,3133.95,9,"Nagar, Hari and Chada",Munger,9.42,4.61,108,Hyderabad Warehouse,767,2026-07-07,,,,,,,,,,,,,,
2164,17,6,2025-03-26,2025-03-30,2025-03-28,468,Delayed,Reiciendis Product,Furniture,3938.69,18,"Sule, Jaggi and Char",Pallavaram,6.39,3.52,6,Bangalore Warehouse,894,2026-06-26,,,,,,,,,,,,,,
2165,16,81,2025-02-28,2025-03-04,2025-03-03,181,Delivered,Voluptatibus Product,Automotive,1958.75,1,Handa-Manda,Vijayanagaram,8.66,4.77,81,Chennai Warehouse,875,2026-06-17,,,,,,,,,,,,,,
2166,16,117,2025-03-23,2025-04-02,2025-04-07,166,Cancelled,Quisquam Product,Medical,1461.86,8,Handa-Manda,Vijayanagaram,8.66,4.77,117,Hyderabad Warehouse,793,2026-06-16,,,,,,,,,,,,,,
2167,9,12,2025-07-07,2025-07-09,2025-07-10,476,In Transit,Fugit Product,Clothing,1357.85,15,"Loyal, Varma and Tripathi",Firozabad,9.75,4.64,12,Hyderabad Warehouse,878,2026-06-22,,,,,,,,,,,,,,
2168,9,47,2025-09-12,2025-09-18,2025-09-21,304,Cancelled,Impedit Product,Clothing,4282.54,1,"Loyal, Varma and Tripathi",Firozabad,9.75,4.64,47,Chennai Warehouse,913,2026-06-30,262.0,Supplier Delay,High,Voluptatem porro temporibus numquam tempora tempore.,2026-05-21,262.0,Increase Safety Stock,Implemented,2025-11-12,262.0,Pending,12.0,12946.47,Supplier changed
2169,18,22,2026-03-31,2026-04-02,2026-04-07,258,In Transit,Amet Product,Furniture,1453.32,6,Raju and Sons,Etawah,3.81,4.27,22,Delhi Warehouse,386,2026-07-10,,,,,,,,,,,,,,
2170,1,120,2025-04-08,2025-04-18,2025-04-17,333,In Transit,Magnam Product,Electronics,3329.48,19,"Balasubramanian, Gara and Memon",Nadiad,5.69,4.88,120,Bangalore Warehouse,996,2026-07-07,,,,,,,,,,,,,,
2171,6,117,2026-05-28,2026-06-05,2026-06-07,183,In Transit,Quisquam Product,Medical,1461.86,8,Bhavsar-Sampath,Bangalore,2.52,3.72,117,Hyderabad Warehouse,793,2026-06-16,,,,,,,,,,,,,,
2172,13,31,2026-04-27,2026-05-07,2026-05-08,477,Cancelled,Non Product,Groceries,4067.09,17,"Borah, Gill and Varma",Dehri,6.15,3.78,31,Mumbai Warehouse,995,2026-06-28,,,,,,,,,,,,,,
2173,8,70,2026-03-28,2026-04-05,2026-04-06,72,Cancelled,Excepturi Product,Automotive,4641.9,16,Hans-Bir,Siliguri,2.43,4.68,70,Bangalore Warehouse,802,2026-06-20,,,,,,,,,,,,,,
2174,16,135,2026-02-16,2026-02-19,2026-02-18,294,Delivered,Nisi Product,Medical,1322.29,1,Handa-Manda,Vijayanagaram,8.66,4.77,135,Delhi Warehouse,660,2026-06-19,106.0,Machine Failure,Medium,Cupiditate aliquam laboriosam provident temporibus harum blanditiis nisi.,2025-08-12,106.0,Switch Supplier,Pending,2025-12-16,106.0,Failed,0.0,9875.37,Supplier changed
2175,7,82,2026-07-10,2026-07-12,2026-07-12,152,Delayed,Unde Product,Electronics,3347.22,1,Wali PLC,Khandwa,2.76,4.43,82,Hyderabad Warehouse,481,2026-07-04,,,,,,,,,,,,,,
2176,20,69,2026-04-02,2026-04-05,2026-04-08,99,Delivered,Ipsa Product,Groceries,1707.84,17,Chakraborty-Sengupta,Malda,5.0,3.56,69,Mumbai Warehouse,267,2026-07-09,,,,,,,,,,,,,,
2177,4,128,2025-11-08,2025-11-15,2025-11-20,323,In Transit,Non Product,Clothing,4746.22,5,Rajagopal-Jayaraman,Jalna,1.0,3.51,128,Hyderabad Warehouse,464,2026-06-23,396.0,Port Congestion,Low,Cum non accusamus odio illum eius beatae voluptate.,2026-03-24,396.0,Switch Supplier,Approved,2025-08-31,396.0,Failed,9.0,-348.63,Supplier changed
2178,17,51,2025-10-22,2025-10-26,2025-10-29,319,Delayed,Corrupti Product,Medical,1864.29,15,"Sule, Jaggi and Char",Pallavaram,6.39,3.52,51,Chennai Warehouse,926,2026-07-02,491.0,Port Congestion,High,Quasi nulla porro modi labore enim eum.,2026-02-20,491.0,Expedite Shipment,Approved,2026-02-20,491.0,Failed,6.0,-4415.8,Cost increased
2179,1,74,2026-05-24,2026-05-29,2026-05-31,323,Delayed,Cum Product,Clothing,3762.37,5,"Balasubramanian, Gara and Memon",Nadiad,5.69,4.88,74,Hyderabad Warehouse,592,2026-06-21,,,,,,,,,,,,,,
2180,3,7,2026-04-10,2026-04-14,2026-04-12,47,Delivered,Expedita Product,Furniture,1401.54,17,"Balan, Virk and Mangal",Bangalore,3.73,4.49,7,Delhi Warehouse,512,2026-06-28,,,,,,,,,,,,,,
2181,11,128,2025-08-08,2025-08-18,2025-08-18,474,Delivered,Non Product,Clothing,4746.22,5,Banerjee Group,Alappuzha,8.52,4.3,128,Hyderabad Warehouse,464,2026-06-23,226.0,Supplier Delay,High,Assumenda ex dignissimos eius.,2026-01-05,226.0,Switch Supplier,Implemented,2025-11-05,226.0,Resolved,14.0,2526.89,Minor delay occurred
2182,4,25,2025-01-20,2025-01-30,2025-02-04,27,In Transit,Vel Product,Automotive,3265.92,1,Rajagopal-Jayaraman,Jalna,1.0,3.51,25,Bangalore Warehouse,437,2026-07-06,,,,,,,,,,,,,,
2183,5,99,2026-02-22,2026-02-24,2026-02-24,146,Delayed,Quia Product,Furniture,677.17,19,Chander-Sibal,Kochi,6.81,4.37,99,Hyderabad Warehouse,72,2026-06-26,,,,,,,,,,,,,,
2184,17,66,2024-12-17,2024-12-25,2024-12-28,337,Delivered,Quas Product,Groceries,4225.31,19,"Sule, Jaggi and Char",Pallavaram,6.39,3.52,66,Bangalore Warehouse,853,2026-06-19,,,,,,,,,,,,,,
2185,17,84,2025-01-14,2025-01-22,2025-01-27,142,Cancelled,Ab Product,Clothing,1108.56,18,"Sule, Jaggi and Char",Pallavaram,6.39,3.52,84,Bangalore Warehouse,80,2026-06-28,,,,,,,,,,,,,,
2186,18,113,2025-04-18,2025-04-24,2025-04-29,167,Cancelled,Placeat Product,Groceries,4202.62,15,Raju and Sons,Etawah,3.81,4.27,113,Mumbai Warehouse,228,2026-07-12,,,,,,,,,,,,,,
2187,5,118,2026-01-13,2026-01-22,2026-01-24,129,Delayed,Harum Product,Automotive,2602.93,16,Chander-Sibal,Kochi,6.81,4.37,118,Bangalore Warehouse,482,2026-06-18,,,,,,,,,,,,,,
2188,3,97,2025-02-14,2025-02-23,2025-02-26,398,Cancelled,Id Product,Electronics,4003.94,12,"Balan, Virk and Mangal",Bangalore,3.73,4.49,97,Bangalore Warehouse,353,2026-07-08,,,,,,,,,,,,,,
2189,11,80,2025-04-06,2025-04-10,2025-04-13,163,Cancelled,Corporis Product,Medical,4255.47,15,Banerjee Group,Alappuzha,8.52,4.3,80,Mumbai Warehouse,656,2026-07-08,,,,,,,,,,,,,,
2190,2,108,2025-11-26,2025-12-06,2025-12-10,460,Delayed,Debitis Product,Automotive,3133.95,9,Gour Ltd,Bhilwara,8.05,3.83,108,Hyderabad Warehouse,767,2026-07-07,,,,,,,,,,,,,,
2191,3,119,2025-10-17,2025-10-27,2025-11-01,371,In Transit,Maxime Product,Furniture,4794.94,19,"Balan, Virk and Mangal",Bangalore,3.73,4.49,119,Mumbai Warehouse,383,2026-07-01,,,,,,,,,,,,,,
2192,13,96,2024-10-19,2024-10-21,2024-10-19,187,Delayed,Laborum Product,Medical,3501.37,20,"Borah, Gill and Varma",Dehri,6.15,3.78,96,Mumbai Warehouse,471,2026-06-19,,,,,,,,,,,,,,
2193,10,82,2025-02-13,2025-02-19,2025-02-21,86,In Transit,Unde Product,Electronics,3347.22,1,"Mitter, Srinivasan and Dixit",Shimoga,1.81,3.9,82,Hyderabad Warehouse,481,2026-07-04,,,,,,,,,,,,,,
2194,1,40,2025-11-18,2025-11-22,2025-11-22,164,Cancelled,Nemo Product,Groceries,2824.16,10,"Balasubramanian, Gara and Memon",Nadiad,5.69,4.88,40,Hyderabad Warehouse,554,2026-06-27,,,,,,,,,,,,,,
2195,8,32,2026-06-26,2026-07-04,2026-07-04,31,In Transit,Quis Product,Groceries,4929.24,1,Hans-Bir,Siliguri,2.43,4.68,32,Mumbai Warehouse,715,2026-07-01,,,,,,,,,,,,,,
2196,6,149,2026-05-08,2026-05-12,2026-05-17,456,Delivered,Asperiores Product,Groceries,2199.52,9,Bhavsar-Sampath,Bangalore,2.52,3.72,149,Chennai Warehouse,331,2026-07-13,,,,,,,,,,,,,,
2197,13,21,2025-01-11,2025-01-19,2025-01-20,341,Delayed,Animi Product,Automotive,3616.57,8,"Borah, Gill and Varma",Dehri,6.15,3.78,21,Delhi Warehouse,666,2026-06-27,,,,,,,,,,,,,,
2198,9,31,2025-08-27,2025-09-03,2025-09-01,139,Delivered,Non Product,Groceries,4067.09,17,"Loyal, Varma and Tripathi",Firozabad,9.75,4.64,31,Mumbai Warehouse,995,2026-06-28,,,,,,,,,,,,,,
2199,12,108,2025-09-13,2025-09-18,2025-09-16,16,Delivered,Debitis Product,Automotive,3133.95,9,Thakur and Sons,Kanpur,5.83,3.5,108,Hyderabad Warehouse,767,2026-07-07,,,,,,,,,,,,,,
2200,18,130,2025-05-03,2025-05-10,2025-05-13,127,Delivered,Rerum Product,Clothing,379.31,9,Raju and Sons,Etawah,3.81,4.27,130,Bangalore Warehouse,702,2026-06-28,,,,,,,,,,,,,,
2201,7,32,2025-11-18,2025-11-28,2025-11-27,479,Delivered,Quis Product,Groceries,4929.24,1,Wali PLC,Khandwa,2.76,4.43,32,Mumbai Warehouse,715,2026-07-01,,,,,,,,,,,,,,
2202,15,44,2024-08-05,2024-08-12,2024-08-10,250,Cancelled,Voluptatum Product,Groceries,3216.56,15,Sastry and Sons,Haldia,5.45,4.34,44,Chennai Warehouse,740,2026-07-04,,,,,,,,,,,,,,
2203,6,133,2025-09-27,2025-10-06,2025-10-10,253,Cancelled,Doloremque Product,Groceries,552.4,17,Bhavsar-Sampath,Bangalore,2.52,3.72,133,Hyderabad Warehouse,760,2026-06-27,,,,,,,,,,,,,,
2204,2,150,2024-07-16,2024-07-18,2024-07-22,295,Delayed,Harum Product,Furniture,1928.91,14,Gour Ltd,Bhilwara,8.05,3.83,150,Bangalore Warehouse,533,2026-07-09,,,,,,,,,,,,,,
2205,20,71,2024-11-19,2024-11-25,2024-11-23,350,Cancelled,Aperiam Product,Clothing,4446.27,15,Chakraborty-Sengupta,Malda,5.0,3.56,71,Delhi Warehouse,179,2026-07-05,334.0,Supplier Delay,Low,Rerum pariatur cumque iusto veniam assumenda fugit optio.,2026-01-03,334.0,Switch Supplier,Rejected,2026-01-18,334.0,Partially Resolved,15.0,4747.99,Shipment rerouted
2206,11,39,2025-04-03,2025-04-07,2025-04-09,227,Cancelled,Amet Product,Automotive,1228.36,6,Banerjee Group,Alappuzha,8.52,4.3,39,Chennai Warehouse,720,2026-07-10,,,,,,,,,,,,,,
2207,13,127,2025-05-27,2025-05-29,2025-06-01,467,Delayed,Eum Product,Automotive,1710.79,7,"Borah, Gill and Varma",Dehri,6.15,3.78,127,Delhi Warehouse,588,2026-07-12,,,,,,,,,,,,,,
2208,20,64,2025-08-22,2025-08-25,2025-08-24,441,Delayed,Officia Product,Automotive,1852.17,1,Chakraborty-Sengupta,Malda,5.0,3.56,64,Hyderabad Warehouse,751,2026-06-19,175.0,Weather,High,Illo excepturi pariatur dolores fugit.,2025-11-18,175.0,Switch Supplier,Rejected,2026-01-05,175.0,Failed,1.0,3871.98,Issue resolved successfully
2209,9,93,2025-07-31,2025-08-05,2025-08-04,286,In Transit,Nemo Product,Automotive,3838.07,10,"Loyal, Varma and Tripathi",Firozabad,9.75,4.64,93,Mumbai Warehouse,413,2026-06-19,464.0,Supplier Delay,High,Quo maiores accusamus dignissimos rem fuga qui.,2026-02-25,464.0,Switch Supplier,Implemented,2026-02-05,464.0,Failed,10.0,-384.95,Minor delay occurred
2210,9,104,2025-06-07,2025-06-11,2025-06-15,114,Cancelled,Laboriosam Product,Clothing,2160.36,3,"Loyal, Varma and Tripathi",Firozabad,9.75,4.64,104,Delhi Warehouse,338,2026-06-24,,,,,,,,,,,,,,
2211,10,52,2025-05-06,2025-05-16,2025-05-14,462,In Transit,Architecto Product,Medical,1642.77,20,"Mitter, Srinivasan and Dixit",Shimoga,1.81,3.9,52,Mumbai Warehouse,918,2026-06-30,,,,,,,,,,,,,,
2212,17,24,2026-01-27,2026-02-03,2026-02-01,203,In Transit,Dolorem Product,Medical,3211.29,13,"Sule, Jaggi and Char",Pallavaram,6.39,3.52,24,Bangalore Warehouse,374,2026-06-27,,,,,,,,,,,,,,
2213,18,43,2024-09-01,2024-09-06,2024-09-09,456,In Transit,Exercitationem Product,Furniture,2754.15,12,Raju and Sons,Etawah,3.81,4.27,43,Delhi Warehouse,560,2026-06-21,,,,,,,,,,,,,,
2214,3,134,2024-11-03,2024-11-07,2024-11-05,320,In Transit,Eligendi Product,Automotive,3447.14,10,"Balan, Virk and Mangal",Bangalore,3.73,4.49,134,Hyderabad Warehouse,699,2026-07-02,,,,,,,,,,,,,,
2215,13,102,2026-03-06,2026-03-09,2026-03-14,210,Delivered,Molestias Product,Furniture,2262.92,3,"Borah, Gill and Varma",Dehri,6.15,3.78,102,Chennai Warehouse,835,2026-06-22,,,,,,,,,,,,,,
2216,8,23,2026-02-26,2026-03-07,2026-03-11,490,Delivered,Quibusdam Product,Furniture,2588.22,10,Hans-Bir,Siliguri,2.43,4.68,23,Delhi Warehouse,912,2026-06-19,,,,,,,,,,,,,,
2217,16,134,2025-05-03,2025-05-06,2025-05-04,424,Cancelled,Eligendi Product,Automotive,3447.14,10,Handa-Manda,Vijayanagaram,8.66,4.77,134,Hyderabad Warehouse,699,2026-07-02,,,,,,,,,,,,,,
2218,1,27,2026-06-20,2026-06-28,2026-06-26,242,In Transit,Vero Product,Furniture,4788.07,19,"Balasubramanian, Gara and Memon",Nadiad,5.69,4.88,27,Delhi Warehouse,91,2026-07-05,,,,,,,,,,,,,,
2219,10,53,2026-04-08,2026-04-11,2026-04-10,178,Cancelled,Ea Product,Clothing,3005.08,10,"Mitter, Srinivasan and Dixit",Shimoga,1.81,3.9,53,Delhi Warehouse,480,2026-06-28,,,,,,,,,,,,,,
2220,8,2,2025-09-24,2025-09-27,2025-09-28,178,Cancelled,Veniam Product,Furniture,880.89,5,Hans-Bir,Siliguri,2.43,4.68,2,Delhi Warehouse,824,2026-06-22,,,,,,,,,,,,,,
2221,14,116,2026-05-08,2026-05-10,2026-05-08,159,Cancelled,Architecto Product,Groceries,763.04,10,"Bahri, Dugar and Ratti",Kottayam,8.09,4.85,116,Bangalore Warehouse,102,2026-07-04,,,,,,,,,,,,,,
2222,20,37,2026-06-06,2026-06-16,2026-06-14,217,Delivered,Earum Product,Groceries,442.22,11,Chakraborty-Sengupta,Malda,5.0,3.56,37,Mumbai Warehouse,198,2026-06-16,228.0,Traffic,Low,Quisquam corrupti earum sapiente minus sed fugiat nihil.,2026-01-22,228.0,Switch Supplier,Pending,2026-01-21,228.0,Pending,5.0,-3816.69,Minor delay occurred
2223,11,3,2024-08-20,2024-08-25,2024-08-30,56,In Transit,Iure Product,Medical,1939.35,19,Banerjee Group,Alappuzha,8.52,4.3,3,Mumbai Warehouse,584,2026-07-06,,,,,,,,,,,,,,
2224,6,124,2025-06-09,2025-06-19,2025-06-17,229,Delivered,Excepturi Product,Furniture,756.02,2,Bhavsar-Sampath,Bangalore,2.52,3.72,124,Chennai Warehouse,123,2026-07-09,6.0,Port Congestion,High,Ratione quas harum quibusdam.,2025-07-26,6.0,Switch Supplier,Implemented,2026-05-13,6.0,Resolved,6.0,-367.19,Supplier changed
2224,6,124,2025-06-09,2025-06-19,2025-06-17,229,Delivered,Excepturi Product,Furniture,756.02,2,Bhavsar-Sampath,Bangalore,2.52,3.72,124,Chennai Warehouse,123,2026-07-09,13.0,Traffic,High,Est reiciendis fugiat excepturi.,2026-04-28,13.0,Change Transport Route,Pending,2026-06-09,13.0,Resolved,2.0,13192.82,Minor delay occurred
2225,9,60,2025-12-20,2025-12-30,2025-12-31,255,Delayed,Ipsa Product,Furniture,2536.82,19,"Loyal, Varma and Tripathi",Firozabad,9.75,4.64,60,Bangalore Warehouse,753,2026-07-14,,,,,,,,,,,,,,
2226,1,40,2024-12-05,2024-12-15,2024-12-20,48,In Transit,Nemo Product,Groceries,2824.16,10,"Balasubramanian, Gara and Memon",Nadiad,5.69,4.88,40,Hyderabad Warehouse,554,2026-06-27,,,,,,,,,,,,,,
2227,7,142,2025-04-22,2025-04-26,2025-05-01,204,Cancelled,Dolorum Product,Groceries,1310.64,7,Wali PLC,Khandwa,2.76,4.43,142,Mumbai Warehouse,982,2026-07-09,,,,,,,,,,,,,,
2228,7,70,2024-12-05,2024-12-09,2024-12-07,127,Delivered,Excepturi Product,Automotive,4641.9,16,Wali PLC,Khandwa,2.76,4.43,70,Bangalore Warehouse,802,2026-06-20,78.0,Traffic,Low,Voluptatibus in natus quam eius.,2026-04-28,78.0,Increase Safety Stock,Rejected,2026-06-25,78.0,Partially Resolved,1.0,1625.21,Minor delay occurred
2229,11,59,2024-12-12,2024-12-15,2024-12-17,295,Delayed,Omnis Product,Electronics,2194.29,10,Banerjee Group,Alappuzha,8.52,4.3,59,Chennai Warehouse,265,2026-07-01,,,,,,,,,,,,,,
2230,7,106,2026-05-16,2026-05-25,2026-05-25,234,In Transit,Officiis Product,Clothing,3586.71,17,Wali PLC,Khandwa,2.76,4.43,106,Delhi Warehouse,595,2026-06-23,,,,,,,,,,,,,,
2231,7,126,2026-02-20,2026-02-25,2026-03-01,328,Delivered,Nemo Product,Groceries,3018.63,8,Wali PLC,Khandwa,2.76,4.43,126,Chennai Warehouse,306,2026-07-05,,,,,,,,,,,,,,
2232,6,103,2024-11-09,2024-11-19,2024-11-24,469,Cancelled,Sunt Product,Furniture,3330.94,12,Bhavsar-Sampath,Bangalore,2.52,3.72,103,Chennai Warehouse,485,2026-07-13,,,,,,,,,,,,,,
2233,6,83,2025-03-23,2025-03-26,2025-03-31,352,In Transit,Deserunt Product,Automotive,990.39,6,Bhavsar-Sampath,Bangalore,2.52,3.72,83,Delhi Warehouse,294,2026-07-15,,,,,,,,,,,,,,
2234,15,9,2025-06-03,2025-06-12,2025-06-11,310,In Transit,Alias Product,Groceries,1305.18,16,Sastry and Sons,Haldia,5.45,4.34,9,Mumbai Warehouse,917,2026-07-04,,,,,,,,,,,,,,
2235,11,126,2026-01-06,2026-01-16,2026-01-15,234,Delivered,Nemo Product,Groceries,3018.63,8,Banerjee Group,Alappuzha,8.52,4.3,126,Chennai Warehouse,306,2026-07-05,,,,,,,,,,,,,,
2236,3,96,2025-04-27,2025-04-30,2025-04-29,22,In Transit,Laborum Product,Medical,3501.37,20,"Balan, Virk and Mangal",Bangalore,3.73,4.49,96,Mumbai Warehouse,471,2026-06-19,,,,,,,,,,,,,,
2237,3,106,2025-10-16,2025-10-24,2025-10-27,222,Delivered,Officiis Product,Clothing,3586.71,17,"Balan, Virk and Mangal",Bangalore,3.73,4.49,106,Delhi Warehouse,595,2026-06-23,,,,,,,,,,,,,,
2238,6,125,2025-04-10,2025-04-13,2025-04-18,56,Cancelled,Consectetur Product,Clothing,1221.23,13,Bhavsar-Sampath,Bangalore,2.52,3.72,125,Chennai Warehouse,72,2026-06-29,,,,,,,,,,,,,,
2239,3,122,2025-04-15,2025-04-17,2025-04-21,38,Delayed,Expedita Product,Electronics,1957.13,8,"Balan, Virk and Mangal",Bangalore,3.73,4.49,122,Delhi Warehouse,394,2026-07-14,323.0,Supplier Delay,Low,Facere alias eius accusantium mollitia.,2025-12-12,323.0,Increase Safety Stock,Approved,2026-02-04,323.0,Pending,1.0,10136.81,Supplier changed
2240,1,110,2024-08-25,2024-08-27,2024-08-31,179,Delivered,Assumenda Product,Furniture,4904.71,9,"Balasubramanian, Gara and Memon",Nadiad,5.69,4.88,110,Chennai Warehouse,817,2026-06-23,,,,,,,,,,,,,,
2241,8,6,2024-08-24,2024-08-27,2024-09-01,21,In Transit,Reiciendis Product,Furniture,3938.69,18,Hans-Bir,Siliguri,2.43,4.68,6,Bangalore Warehouse,894,2026-06-26,,,,,,,,,,,,,,
2242,3,80,2025-04-23,2025-05-02,2025-05-04,273,Delivered,Corporis Product,Medical,4255.47,15,"Balan, Virk and Mangal",Bangalore,3.73,4.49,80,Mumbai Warehouse,656,2026-07-08,,,,,,,,,,,,,,
2243,18,17,2025-01-01,2025-01-07,2025-01-07,133,Delayed,Veniam Product,Clothing,2682.42,6,Raju and Sons,Etawah,3.81,4.27,17,Bangalore Warehouse,243,2026-07-06,,,,,,,,,,,,,,
2244,13,105,2025-11-25,2025-11-30,2025-12-02,312,Cancelled,Tenetur Product,Clothing,1337.9,1,"Borah, Gill and Varma",Dehri,6.15,3.78,105,Hyderabad Warehouse,84,2026-07-03,,,,,,,,,,,,,,
2245,3,118,2024-08-28,2024-09-06,2024-09-08,178,In Transit,Harum Product,Automotive,2602.93,16,"Balan, Virk and Mangal",Bangalore,3.73,4.49,118,Bangalore Warehouse,482,2026-06-18,166.0,Transport Strike,Low,Nostrum aspernatur atque magni.,2025-08-10,166.0,Expedite Shipment,Pending,2026-01-07,166.0,Failed,4.0,4627.54,Issue resolved successfully
2246,5,129,2025-04-09,2025-04-17,2025-04-20,314,In Transit,Repellat Product,Clothing,772.83,16,Chander-Sibal,Kochi,6.81,4.37,129,Bangalore Warehouse,81,2026-07-01,,,,,,,,,,,,,,
2247,5,116,2024-08-16,2024-08-21,2024-08-26,250,Cancelled,Architecto Product,Groceries,763.04,10,Chander-Sibal,Kochi,6.81,4.37,116,Bangalore Warehouse,102,2026-07-04,77.0,Weather,Medium,Et voluptatem repellendus iusto.,2025-10-13,77.0,Change Transport Route,Rejected,2026-06-08,77.0,Pending,5.0,5399.78,Cost increased
2248,11,18,2025-10-25,2025-11-03,2025-11-07,192,In Transit,Commodi Product,Electronics,2870.64,11,Banerjee Group,Alappuzha,8.52,4.3,18,Mumbai Warehouse,611,2026-06-21,,,,,,,,,,,,,,
2249,16,52,2026-01-10,2026-01-15,2026-01-19,232,Delayed,Architecto Product,Medical,1642.77,20,Handa-Manda,Vijayanagaram,8.66,4.77,52,Mumbai Warehouse,918,2026-06-30,564.0,Port Congestion,Medium,Possimus quas distinctio aspernatur.,2026-07-12,564.0,Increase Safety Stock,Implemented,2025-10-16,564.0,Resolved,7.0,2010.99,Supplier changed
2250,15,92,2025-05-21,2025-05-28,2025-05-30,424,Delivered,Architecto Product,Furniture,4826.14,10,Sastry and Sons,Haldia,5.45,4.34,92,Mumbai Warehouse,215,2026-07-07,,,,,,,,,,,,,,
2251,12,111,2025-01-29,2025-02-08,2025-02-12,189,In Transit,Quaerat Product,Clothing,218.68,3,Thakur and Sons,Kanpur,5.83,3.5,111,Hyderabad Warehouse,662,2026-07-13,,,,,,,,,,,,,,
2252,7,143,2025-08-10,2025-08-14,2025-08-13,424,In Transit,Exercitationem Product,Furniture,2333.4,6,Wali PLC,Khandwa,2.76,4.43,143,Hyderabad Warehouse,191,2026-07-12,,,,,,,,,,,,,,
2253,9,50,2025-02-12,2025-02-19,2025-02-18,31,Cancelled,Quae Product,Automotive,939.97,7,"Loyal, Varma and Tripathi",Firozabad,9.75,4.64,50,Chennai Warehouse,576,2026-07-06,,,,,,,,,,,,,,
2254,18,78,2025-07-04,2025-07-07,2025-07-09,361,Cancelled,Quam Product,Clothing,1593.13,4,Raju and Sons,Etawah,3.81,4.27,78,Hyderabad Warehouse,637,2026-07-09,,,,,,,,,,,,,,
2255,9,97,2025-08-10,2025-08-17,2025-08-17,193,Delivered,Id Product,Electronics,4003.94,12,"Loyal, Varma and Tripathi",Firozabad,9.75,4.64,97,Bangalore Warehouse,353,2026-07-08,,,,,,,,,,,,,,
2256,6,105,2026-05-21,2026-05-25,2026-05-29,63,In Transit,Tenetur Product,Clothing,1337.9,1,Bhavsar-Sampath,Bangalore,2.52,3.72,105,Hyderabad Warehouse,84,2026-07-03,,,,,,,,,,,,,,
2257,4,71,2025-11-26,2025-11-28,2025-11-26,409,Cancelled,Aperiam Product,Clothing,4446.27,15,Rajagopal-Jayaraman,Jalna,1.0,3.51,71,Delhi Warehouse,179,2026-07-05,,,,,,,,,,,,,,
2258,1,69,2024-08-27,2024-09-04,2024-09-05,141,In Transit,Ipsa Product,Groceries,1707.84,17,"Balasubramanian, Gara and Memon",Nadiad,5.69,4.88,69,Mumbai Warehouse,267,2026-07-09,,,,,,,,,,,,,,
2259,18,123,2025-08-27,2025-09-02,2025-09-03,495,In Transit,Amet Product,Electronics,2966.03,9,Raju and Sons,Etawah,3.81,4.27,123,Chennai Warehouse,249,2026-06-23,,,,,,,,,,,,,,
2260,19,59,2024-07-27,2024-08-03,2024-08-05,495,In Transit,Omnis Product,Electronics,2194.29,10,"Nagar, Hari and Chada",Munger,9.42,4.61,59,Chennai Warehouse,265,2026-07-01,,,,,,,,,,,,,,
2261,11,141,2025-07-10,2025-07-13,2025-07-16,43,In Transit,Provident Product,Automotive,4798.63,6,Banerjee Group,Alappuzha,8.52,4.3,141,Delhi Warehouse,291,2026-07-10,,,,,,,,,,,,,,
2262,13,114,2025-04-30,2025-05-06,2025-05-06,219,Cancelled,Dicta Product,Clothing,1943.15,20,"Borah, Gill and Varma",Dehri,6.15,3.78,114,Hyderabad Warehouse,822,2026-07-08,,,,,,,,,,,,,,
2263,17,89,2025-01-28,2025-02-02,2025-02-02,448,Delivered,Fugiat Product,Electronics,4524.8,7,"Sule, Jaggi and Char",Pallavaram,6.39,3.52,89,Bangalore Warehouse,597,2026-06-18,,,,,,,,,,,,,,
2264,15,118,2026-06-10,2026-06-14,2026-06-13,38,Delivered,Harum Product,Automotive,2602.93,16,Sastry and Sons,Haldia,5.45,4.34,118,Bangalore Warehouse,482,2026-06-18,,,,,,,,,,,,,,
2265,18,7,2024-08-11,2024-08-20,2024-08-23,134,In Transit,Expedita Product,Furniture,1401.54,17,Raju and Sons,Etawah,3.81,4.27,7,Delhi Warehouse,512,2026-06-28,,,,,,,,,,,,,,
2266,17,97,2026-02-24,2026-03-04,2026-03-02,241,Delivered,Id Product,Electronics,4003.94,12,"Sule, Jaggi and Char",Pallavaram,6.39,3.52,97,Bangalore Warehouse,353,2026-07-08,,,,,,,,,,,,,,
2267,13,54,2024-08-14,2024-08-17,2024-08-17,224,Delayed,Voluptatem Product,Groceries,3641.55,2,"Borah, Gill and Varma",Dehri,6.15,3.78,54,Chennai Warehouse,842,2026-06-17,,,,,,,,,,,,,,
2268,8,38,2026-02-06,2026-02-08,2026-02-13,339,Cancelled,Laborum Product,Groceries,3934.86,13,Hans-Bir,Siliguri,2.43,4.68,38,Mumbai Warehouse,317,2026-07-03,,,,,,,,,,,,,,
2269,6,25,2025-10-09,2025-10-14,2025-10-18,356,Delivered,Vel Product,Automotive,3265.92,1,Bhavsar-Sampath,Bangalore,2.52,3.72,25,Bangalore Warehouse,437,2026-07-06,,,,,,,,,,,,,,
2270,12,146,2026-06-18,2026-06-23,2026-06-26,317,Delayed,Minus Product,Furniture,4540.31,18,Thakur and Sons,Kanpur,5.83,3.5,146,Delhi Warehouse,858,2026-06-21,,,,,,,,,,,,,,
2271,19,76,2025-08-07,2025-08-13,2025-08-15,446,In Transit,Sunt Product,Electronics,2690.2,2,"Nagar, Hari and Chada",Munger,9.42,4.61,76,Delhi Warehouse,630,2026-06-16,,,,,,,,,,,,,,
2272,2,9,2024-07-25,2024-08-03,2024-08-03,195,In Transit,Alias Product,Groceries,1305.18,16,Gour Ltd,Bhilwara,8.05,3.83,9,Mumbai Warehouse,917,2026-07-04,,,,,,,,,,,,,,
2273,8,76,2025-08-27,2025-09-03,2025-09-05,491,In Transit,Sunt Product,Electronics,2690.2,2,Hans-Bir,Siliguri,2.43,4.68,76,Delhi Warehouse,630,2026-06-16,,,,,,,,,,,,,,
2274,10,59,2024-12-16,2024-12-26,2024-12-30,29,Delivered,Omnis Product,Electronics,2194.29,10,"Mitter, Srinivasan and Dixit",Shimoga,1.81,3.9,59,Chennai Warehouse,265,2026-07-01,,,,,,,,,,,,,,
2275,7,86,2025-03-29,2025-04-06,2025-04-10,184,Delayed,Aliquam Product,Electronics,2475.27,3,Wali PLC,Khandwa,2.76,4.43,86,Mumbai Warehouse,687,2026-06-23,,,,,,,,,,,,,,
2276,9,135,2025-05-10,2025-05-16,2025-05-17,378,Delivered,Nisi Product,Medical,1322.29,1,"Loyal, Varma and Tripathi",Firozabad,9.75,4.64,135,Delhi Warehouse,660,2026-06-19,,,,,,,,,,,,,,
2277,9,63,2026-07-12,2026-07-22,2026-07-27,393,Delivered,Minus Product,Electronics,1218.88,8,"Loyal, Varma and Tripathi",Firozabad,9.75,4.64,63,Hyderabad Warehouse,518,2026-06-17,,,,,,,,,,,,,,
2278,15,7,2026-06-27,2026-07-05,2026-07-10,229,Cancelled,Expedita Product,Furniture,1401.54,17,Sastry and Sons,Haldia,5.45,4.34,7,Delhi Warehouse,512,2026-06-28,,,,,,,,,,,,,,
2279,17,51,2026-01-17,2026-01-26,2026-01-31,386,In Transit,Corrupti Product,Medical,1864.29,15,"Sule, Jaggi and Char",Pallavaram,6.39,3.52,51,Chennai Warehouse,926,2026-07-02,532.0,Machine Failure,Medium,Molestiae explicabo pariatur autem.,2026-05-31,532.0,Expedite Shipment,Approved,2025-08-18,532.0,Resolved,0.0,631.03,Minor delay occurred
2280,6,145,2024-10-21,2024-10-28,2024-10-31,114,In Transit,Provident Product,Groceries,3598.65,5,Bhavsar-Sampath,Bangalore,2.52,3.72,145,Bangalore Warehouse,739,2026-06-24,,,,,,,,,,,,,,
2281,20,86,2024-10-17,2024-10-21,2024-10-19,42,In Transit,Aliquam Product,Electronics,2475.27,3,Chakraborty-Sengupta,Malda,5.0,3.56,86,Mumbai Warehouse,687,2026-06-23,,,,,,,,,,,,,,
2282,10,67,2025-04-10,2025-04-15,2025-04-17,419,Cancelled,Omnis Product,Clothing,1337.97,5,"Mitter, Srinivasan and Dixit",Shimoga,1.81,3.9,67,Hyderabad Warehouse,994,2026-06-29,244.0,Traffic,Low,Quo inventore quod quisquam commodi.,2025-11-06,244.0,Switch Supplier,Pending,2026-06-10,244.0,Pending,10.0,10885.32,Issue resolved successfully
2283,14,84,2025-06-25,2025-07-02,2025-06-30,178,Delivered,Ab Product,Clothing,1108.56,18,"Bahri, Dugar and Ratti",Kottayam,8.09,4.85,84,Bangalore Warehouse,80,2026-06-28,,,,,,,,,,,,,,
2284,7,77,2024-09-19,2024-09-27,2024-10-02,498,Delivered,Dolorum Product,Clothing,4786.13,4,Wali PLC,Khandwa,2.76,4.43,77,Hyderabad Warehouse,307,2026-07-05,,,,,,,,,,,,,,
2285,15,68,2025-03-29,2025-04-05,2025-04-09,33,Cancelled,Delectus Product,Clothing,4916.43,20,Sastry and Sons,Haldia,5.45,4.34,68,Chennai Warehouse,660,2026-06-18,,,,,,,,,,,,,,
2286,15,116,2024-08-06,2024-08-14,2024-08-18,233,Delayed,Architecto Product,Groceries,763.04,10,Sastry and Sons,Haldia,5.45,4.34,116,Bangalore Warehouse,102,2026-07-04,,,,,,,,,,,,,,
2287,17,18,2025-07-10,2025-07-15,2025-07-19,263,In Transit,Commodi Product,Electronics,2870.64,11,"Sule, Jaggi and Char",Pallavaram,6.39,3.52,18,Mumbai Warehouse,611,2026-06-21,318.0,Port Congestion,Medium,Tenetur sequi nulla aspernatur.,2025-08-09,318.0,Increase Safety Stock,Approved,2026-05-02,318.0,Failed,5.0,11055.81,Cost increased
2288,7,115,2025-03-30,2025-04-03,2025-04-06,233,Delivered,Accusamus Product,Clothing,1194.04,7,Wali PLC,Khandwa,2.76,4.43,115,Chennai Warehouse,832,2026-06-27,,,,,,,,,,,,,,
2289,13,141,2024-10-18,2024-10-22,2024-10-27,257,Delivered,Provident Product,Automotive,4798.63,6,"Borah, Gill and Varma",Dehri,6.15,3.78,141,Delhi Warehouse,291,2026-07-10,,,,,,,,,,,,,,
2290,13,136,2026-02-13,2026-02-18,2026-02-18,88,In Transit,Facilis Product,Groceries,4154.63,13,"Borah, Gill and Varma",Dehri,6.15,3.78,136,Bangalore Warehouse,943,2026-07-08,,,,,,,,,,,,,,
2291,7,49,2026-02-14,2026-02-16,2026-02-20,53,Delayed,Alias Product,Furniture,4769.64,3,Wali PLC,Khandwa,2.76,4.43,49,Bangalore Warehouse,842,2026-07-01,,,,,,,,,,,,,,
2292,3,66,2025-12-08,2025-12-11,2025-12-12,110,Delayed,Quas Product,Groceries,4225.31,19,"Balan, Virk and Mangal",Bangalore,3.73,4.49,66,Bangalore Warehouse,853,2026-06-19,,,,,,,,,,,,,,
2293,4,65,2024-10-26,2024-10-29,2024-11-03,155,Cancelled,Ut Product,Groceries,3277.06,2,Rajagopal-Jayaraman,Jalna,1.0,3.51,65,Delhi Warehouse,911,2026-07-06,,,,,,,,,,,,,,
2294,5,148,2024-10-28,2024-10-31,2024-10-29,494,Delayed,Saepe Product,Groceries,920.71,10,Chander-Sibal,Kochi,6.81,4.37,148,Delhi Warehouse,944,2026-06-16,,,,,,,,,,,,,,
2295,20,137,2026-03-26,2026-03-28,2026-03-26,489,Delayed,Aliquid Product,Medical,3630.8,13,Chakraborty-Sengupta,Malda,5.0,3.56,137,Delhi Warehouse,82,2026-07-03,,,,,,,,,,,,,,
2296,12,30,2024-07-16,2024-07-21,2024-07-21,420,Cancelled,Voluptatem Product,Medical,3709.02,5,Thakur and Sons,Kanpur,5.83,3.5,30,Chennai Warehouse,472,2026-06-30,,,,,,,,,,,,,,
2297,20,53,2026-03-12,2026-03-21,2026-03-22,280,Cancelled,Ea Product,Clothing,3005.08,10,Chakraborty-Sengupta,Malda,5.0,3.56,53,Delhi Warehouse,480,2026-06-28,,,,,,,,,,,,,,
2298,8,150,2025-04-15,2025-04-19,2025-04-18,113,Cancelled,Harum Product,Furniture,1928.91,14,Hans-Bir,Siliguri,2.43,4.68,150,Bangalore Warehouse,533,2026-07-09,,,,,,,,,,,,,,
2299,16,84,2025-09-19,2025-09-25,2025-09-26,262,Delayed,Ab Product,Clothing,1108.56,18,Handa-Manda,Vijayanagaram,8.66,4.77,84,Bangalore Warehouse,80,2026-06-28,,,,,,,,,,,,,,
2300,18,141,2025-06-20,2025-06-25,2025-06-28,401,Cancelled,Provident Product,Automotive,4798.63,6,Raju and Sons,Etawah,3.81,4.27,141,Delhi Warehouse,291,2026-07-10,,,,,,,,,,,,,,
2301,9,110,2024-12-26,2025-01-04,2025-01-08,416,Cancelled,Assumenda Product,Furniture,4904.71,9,"Loyal, Varma and Tripathi",Firozabad,9.75,4.64,110,Chennai Warehouse,817,2026-06-23,524.0,Weather,Medium,Ipsum saepe suscipit corrupti praesentium ducimus.,2026-04-03,524.0,Switch Supplier,Implemented,2025-08-15,524.0,Partially Resolved,15.0,14654.82,Supplier changed
2302,5,71,2025-05-19,2025-05-24,2025-05-24,337,Delivered,Aperiam Product,Clothing,4446.27,15,Chander-Sibal,Kochi,6.81,4.37,71,Delhi Warehouse,179,2026-07-05,,,,,,,,,,,,,,
2303,2,143,2025-03-22,2025-03-25,2025-03-25,284,In Transit,Exercitationem Product,Furniture,2333.4,6,Gour Ltd,Bhilwara,8.05,3.83,143,Hyderabad Warehouse,191,2026-07-12,451.0,Traffic,Medium,Quo eaque expedita totam esse.,2026-05-12,451.0,Increase Safety Stock,Rejected,2026-05-20,451.0,Pending,4.0,14154.28,Shipment rerouted
2304,13,82,2026-05-25,2026-05-30,2026-06-02,49,Delivered,Unde Product,Electronics,3347.22,1,"Borah, Gill and Varma",Dehri,6.15,3.78,82,Hyderabad Warehouse,481,2026-07-04,,,,,,,,,,,,,,
2305,1,34,2025-11-05,2025-11-10,2025-11-12,275,Delivered,Consequatur Product,Automotive,4834.5,8,"Balasubramanian, Gara and Memon",Nadiad,5.69,4.88,34,Delhi Warehouse,280,2026-06-18,317.0,Port Congestion,High,Sint quod nulla cumque molestiae tempora delectus.,2026-05-26,317.0,Increase Safety Stock,Approved,2026-01-14,317.0,Resolved,13.0,14160.58,Shipment rerouted
2306,6,113,2025-05-25,2025-05-28,2025-05-26,329,Delivered,Placeat Product,Groceries,4202.62,15,Bhavsar-Sampath,Bangalore,2.52,3.72,113,Mumbai Warehouse,228,2026-07-12,,,,,,,,,,,,,,
2307,17,63,2025-09-22,2025-09-28,2025-10-03,433,Cancelled,Minus Product,Electronics,1218.88,8,"Sule, Jaggi and Char",Pallavaram,6.39,3.52,63,Hyderabad Warehouse,518,2026-06-17,,,,,,,,,,,,,,
2308,8,20,2026-07-12,2026-07-17,2026-07-15,114,In Transit,Laborum Product,Electronics,563.85,5,Hans-Bir,Siliguri,2.43,4.68,20,Bangalore Warehouse,426,2026-07-15,,,,,,,,,,,,,,
2309,19,18,2024-10-14,2024-10-19,2024-10-21,288,Delivered,Commodi Product,Electronics,2870.64,11,"Nagar, Hari and Chada",Munger,9.42,4.61,18,Mumbai Warehouse,611,2026-06-21,,,,,,,,,,,,,,
2310,8,78,2024-12-23,2025-01-01,2025-01-01,354,Delivered,Quam Product,Clothing,1593.13,4,Hans-Bir,Siliguri,2.43,4.68,78,Hyderabad Warehouse,637,2026-07-09,,,,,,,,,,,,,,
2311,11,63,2025-04-17,2025-04-27,2025-05-01,151,In Transit,Minus Product,Electronics,1218.88,8,Banerjee Group,Alappuzha,8.52,4.3,63,Hyderabad Warehouse,518,2026-06-17,,,,,,,,,,,,,,
2312,11,15,2026-06-10,2026-06-14,2026-06-16,398,Delayed,Dolore Product,Automotive,1024.49,5,Banerjee Group,Alappuzha,8.52,4.3,15,Chennai Warehouse,343,2026-07-02,,,,,,,,,,,,,,
2313,19,113,2025-11-25,2025-12-01,2025-12-04,223,Cancelled,Placeat Product,Groceries,4202.62,15,"Nagar, Hari and Chada",Munger,9.42,4.61,113,Mumbai Warehouse,228,2026-07-12,,,,,,,,,,,,,,
2314,7,39,2025-05-22,2025-05-28,2025-05-26,57,In Transit,Amet Product,Automotive,1228.36,6,Wali PLC,Khandwa,2.76,4.43,39,Chennai Warehouse,720,2026-07-10,,,,,,,,,,,,,,
2315,9,48,2025-12-27,2025-12-31,2026-01-02,487,In Transit,Neque Product,Medical,518.28,5,"Loyal, Varma and Tripathi",Firozabad,9.75,4.64,48,Delhi Warehouse,626,2026-06-27,,,,,,,,,,,,,,
2316,14,112,2026-04-10,2026-04-18,2026-04-20,171,In Transit,Modi Product,Electronics,2985.26,19,"Bahri, Dugar and Ratti",Kottayam,8.09,4.85,112,Bangalore Warehouse,212,2026-06-25,583.0,Weather,High,Voluptatibus dignissimos porro cumque consectetur ea reprehenderit.,2026-03-13,583.0,Expedite Shipment,Pending,2025-08-24,583.0,Failed,0.0,5685.07,Shipment rerouted
2317,13,73,2026-04-18,2026-04-21,2026-04-21,117,Cancelled,Debitis Product,Furniture,1718.5,11,"Borah, Gill and Varma",Dehri,6.15,3.78,73,Mumbai Warehouse,263,2026-07-09,,,,,,,,,,,,,,
2318,11,118,2026-05-23,2026-06-02,2026-06-07,86,Delivered,Harum Product,Automotive,2602.93,16,Banerjee Group,Alappuzha,8.52,4.3,118,Bangalore Warehouse,482,2026-06-18,,,,,,,,,,,,,,
2319,6,35,2025-01-16,2025-01-25,2025-01-24,301,Cancelled,Dolores Product,Electronics,4034.14,20,Bhavsar-Sampath,Bangalore,2.52,3.72,35,Chennai Warehouse,804,2026-07-11,,,,,,,,,,,,,,
2320,2,51,2025-06-07,2025-06-13,2025-06-18,195,Cancelled,Corrupti Product,Medical,1864.29,15,Gour Ltd,Bhilwara,8.05,3.83,51,Chennai Warehouse,926,2026-07-02,,,,,,,,,,,,,,
2321,8,44,2025-08-27,2025-09-01,2025-08-31,71,Cancelled,Voluptatum Product,Groceries,3216.56,15,Hans-Bir,Siliguri,2.43,4.68,44,Chennai Warehouse,740,2026-07-04,,,,,,,,,,,,,,
2322,18,131,2026-06-19,2026-06-24,2026-06-23,255,Delivered,Nesciunt Product,Furniture,3585.42,1,Raju and Sons,Etawah,3.81,4.27,131,Hyderabad Warehouse,157,2026-06-24,,,,,,,,,,,,,,
2323,18,144,2025-04-09,2025-04-14,2025-04-12,366,Cancelled,Ipsam Product,Electronics,744.79,2,Raju and Sons,Etawah,3.81,4.27,144,Mumbai Warehouse,720,2026-06-29,,,,,,,,,,,,,,
2324,6,60,2025-12-06,2025-12-10,2025-12-13,423,In Transit,Ipsa Product,Furniture,2536.82,19,Bhavsar-Sampath,Bangalore,2.52,3.72,60,Bangalore Warehouse,753,2026-07-14,,,,,,,,,,,,,,
2325,7,45,2026-07-11,2026-07-15,2026-07-14,181,Cancelled,Nobis Product,Medical,164.54,6,Wali PLC,Khandwa,2.76,4.43,45,Bangalore Warehouse,567,2026-07-04,453.0,Weather,Medium,Unde doloribus dignissimos assumenda aut ex tempore consequuntur.,2026-05-22,453.0,Expedite Shipment,Rejected,2026-04-13,453.0,Partially Resolved,15.0,14341.76,Issue resolved successfully
2326,8,90,2024-11-06,2024-11-12,2024-11-16,173,In Transit,Quo Product,Electronics,4661.14,19,Hans-Bir,Siliguri,2.43,4.68,90,Delhi Warehouse,466,2026-06-28,,,,,,,,,,,,,,
2327,3,66,2025-04-09,2025-04-11,2025-04-09,134,In Transit,Quas Product,Groceries,4225.31,19,"Balan, Virk and Mangal",Bangalore,3.73,4.49,66,Bangalore Warehouse,853,2026-06-19,,,,,,,,,,,,,,
2328,6,93,2024-10-30,2024-11-03,2024-11-02,339,Delayed,Nemo Product,Automotive,3838.07,10,Bhavsar-Sampath,Bangalore,2.52,3.72,93,Mumbai Warehouse,413,2026-06-19,151.0,Weather,Medium,Earum placeat error at.,2025-10-12,151.0,Switch Supplier,Pending,2025-09-12,151.0,Pending,10.0,14477.78,Minor delay occurred
2329,15,88,2024-10-11,2024-10-21,2024-10-25,497,In Transit,Ab Product,Medical,441.59,19,Sastry and Sons,Haldia,5.45,4.34,88,Bangalore Warehouse,70,2026-07-10,,,,,,,,,,,,,,
2330,20,5,2026-04-01,2026-04-04,2026-04-09,432,Cancelled,Occaecati Product,Medical,1257.97,15,Chakraborty-Sengupta,Malda,5.0,3.56,5,Hyderabad Warehouse,892,2026-07-08,,,,,,,,,,,,,,
2331,14,147,2024-10-02,2024-10-06,2024-10-08,173,In Transit,Sed Product,Medical,185.14,8,"Bahri, Dugar and Ratti",Kottayam,8.09,4.85,147,Chennai Warehouse,280,2026-06-17,,,,,,,,,,,,,,
2332,7,134,2025-07-20,2025-07-24,2025-07-24,469,Delivered,Eligendi Product,Automotive,3447.14,10,Wali PLC,Khandwa,2.76,4.43,134,Hyderabad Warehouse,699,2026-07-02,,,,,,,,,,,,,,
2333,11,136,2025-05-29,2025-06-04,2025-06-02,102,Delivered,Facilis Product,Groceries,4154.63,13,Banerjee Group,Alappuzha,8.52,4.3,136,Bangalore Warehouse,943,2026-07-08,,,,,,,,,,,,,,
2334,4,59,2026-05-21,2026-05-30,2026-06-02,377,Delayed,Omnis Product,Electronics,2194.29,10,Rajagopal-Jayaraman,Jalna,1.0,3.51,59,Chennai Warehouse,265,2026-07-01,549.0,Port Congestion,Medium,Repudiandae aperiam at dolore porro modi libero id.,2026-04-11,549.0,Expedite Shipment,Implemented,2025-12-19,549.0,Partially Resolved,14.0,3570.16,Shipment rerouted
2335,8,26,2026-07-05,2026-07-10,2026-07-14,473,In Transit,Ducimus Product,Medical,488.37,16,Hans-Bir,Siliguri,2.43,4.68,26,Mumbai Warehouse,280,2026-07-04,,,,,,,,,,,,,,
2336,3,55,2024-11-30,2024-12-07,2024-12-06,20,Cancelled,Odio Product,Furniture,4563.23,5,"Balan, Virk and Mangal",Bangalore,3.73,4.49,55,Bangalore Warehouse,422,2026-07-01,,,,,,,,,,,,,,
2337,16,137,2024-08-25,2024-09-02,2024-08-31,100,Delivered,Aliquid Product,Medical,3630.8,13,Handa-Manda,Vijayanagaram,8.66,4.77,137,Delhi Warehouse,82,2026-07-03,,,,,,,,,,,,,,
2338,20,131,2025-02-09,2025-02-13,2025-02-15,286,In Transit,Nesciunt Product,Furniture,3585.42,1,Chakraborty-Sengupta,Malda,5.0,3.56,131,Hyderabad Warehouse,157,2026-06-24,,,,,,,,,,,,,,
2339,17,82,2025-03-26,2025-04-01,2025-04-03,444,Cancelled,Unde Product,Electronics,3347.22,1,"Sule, Jaggi and Char",Pallavaram,6.39,3.52,82,Hyderabad Warehouse,481,2026-07-04,546.0,Supplier Delay,Low,Quam occaecati quos quia ea dolores.,2026-06-06,546.0,Switch Supplier,Approved,2026-01-19,546.0,Failed,7.0,-1397.86,Supplier changed
2340,7,109,2025-12-26,2026-01-04,2026-01-09,307,Cancelled,Beatae Product,Automotive,1167.1,12,Wali PLC,Khandwa,2.76,4.43,109,Mumbai Warehouse,573,2026-06-17,,,,,,,,,,,,,,
2341,4,71,2026-05-04,2026-05-07,2026-05-06,324,Delivered,Aperiam Product,Clothing,4446.27,15,Rajagopal-Jayaraman,Jalna,1.0,3.51,71,Delhi Warehouse,179,2026-07-05,,,,,,,,,,,,,,
2342,11,37,2024-10-01,2024-10-03,2024-10-08,192,In Transit,Earum Product,Groceries,442.22,11,Banerjee Group,Alappuzha,8.52,4.3,37,Mumbai Warehouse,198,2026-06-16,,,,,,,,,,,,,,
2343,2,110,2024-09-06,2024-09-11,2024-09-15,318,Delayed,Assumenda Product,Furniture,4904.71,9,Gour Ltd,Bhilwara,8.05,3.83,110,Chennai Warehouse,817,2026-06-23,,,,,,,,,,,,,,
2344,20,43,2026-06-02,2026-06-04,2026-06-05,77,Delayed,Exercitationem Product,Furniture,2754.15,12,Chakraborty-Sengupta,Malda,5.0,3.56,43,Delhi Warehouse,560,2026-06-21,,,,,,,,,,,,,,
2345,3,124,2026-04-12,2026-04-16,2026-04-17,229,In Transit,Excepturi Product,Furniture,756.02,2,"Balan, Virk and Mangal",Bangalore,3.73,4.49,124,Chennai Warehouse,123,2026-07-09,,,,,,,,,,,,,,
2346,15,131,2025-05-16,2025-05-20,2025-05-24,63,Cancelled,Nesciunt Product,Furniture,3585.42,1,Sastry and Sons,Haldia,5.45,4.34,131,Hyderabad Warehouse,157,2026-06-24,,,,,,,,,,,,,,
2347,6,12,2025-10-14,2025-10-20,2025-10-25,45,Delivered,Fugit Product,Clothing,1357.85,15,Bhavsar-Sampath,Bangalore,2.52,3.72,12,Hyderabad Warehouse,878,2026-06-22,,,,,,,,,,,,,,
2348,16,30,2024-12-18,2024-12-28,2024-12-26,438,In Transit,Voluptatem Product,Medical,3709.02,5,Handa-Manda,Vijayanagaram,8.66,4.77,30,Chennai Warehouse,472,2026-06-30,,,,,,,,,,,,,,
2349,12,147,2026-03-02,2026-03-10,2026-03-09,473,In Transit,Sed Product,Medical,185.14,8,Thakur and Sons,Kanpur,5.83,3.5,147,Chennai Warehouse,280,2026-06-17,,,,,,,,,,,,,,
2350,3,66,2025-04-29,2025-05-08,2025-05-07,221,Cancelled,Quas Product,Groceries,4225.31,19,"Balan, Virk and Mangal",Bangalore,3.73,4.49,66,Bangalore Warehouse,853,2026-06-19,,,,,,,,,,,,,,
2351,9,20,2026-07-03,2026-07-10,2026-07-15,28,Delivered,Laborum Product,Electronics,563.85,5,"Loyal, Varma and Tripathi",Firozabad,9.75,4.64,20,Bangalore Warehouse,426,2026-07-15,,,,,,,,,,,,,,
2352,5,145,2025-05-21,2025-05-30,2025-05-30,87,Delayed,Provident Product,Groceries,3598.65,5,Chander-Sibal,Kochi,6.81,4.37,145,Bangalore Warehouse,739,2026-06-24,478.0,Port Congestion,High,Iure animi sapiente molestiae deleniti iusto impedit.,2026-02-27,478.0,Switch Supplier,Approved,2025-12-25,478.0,Pending,13.0,6202.34,Cost increased
2353,10,121,2026-05-20,2026-05-30,2026-06-04,79,In Transit,Veniam Product,Furniture,3093.62,19,"Mitter, Srinivasan and Dixit",Shimoga,1.81,3.9,121,Bangalore Warehouse,683,2026-06-20,,,,,,,,,,,,,,
2354,1,114,2024-09-01,2024-09-05,2024-09-04,194,Cancelled,Dicta Product,Clothing,1943.15,20,"Balasubramanian, Gara and Memon",Nadiad,5.69,4.88,114,Hyderabad Warehouse,822,2026-07-08,,,,,,,,,,,,,,
2355,8,34,2025-07-20,2025-07-25,2025-07-30,427,In Transit,Consequatur Product,Automotive,4834.5,8,Hans-Bir,Siliguri,2.43,4.68,34,Delhi Warehouse,280,2026-06-18,,,,,,,,,,,,,,
2356,9,62,2025-03-26,2025-04-05,2025-04-06,251,Delayed,Officiis Product,Medical,3477.18,12,"Loyal, Varma and Tripathi",Firozabad,9.75,4.64,62,Chennai Warehouse,668,2026-07-05,415.0,Port Congestion,Low,Quos culpa quisquam.,2026-04-08,415.0,Switch Supplier,Pending,2026-04-14,415.0,Pending,5.0,655.25,Supplier changed
2357,11,128,2026-02-07,2026-02-10,2026-02-10,497,Delayed,Non Product,Clothing,4746.22,5,Banerjee Group,Alappuzha,8.52,4.3,128,Hyderabad Warehouse,464,2026-06-23,,,,,,,,,,,,,,
2358,17,127,2025-05-15,2025-05-24,2025-05-24,56,Cancelled,Eum Product,Automotive,1710.79,7,"Sule, Jaggi and Char",Pallavaram,6.39,3.52,127,Delhi Warehouse,588,2026-07-12,,,,,,,,,,,,,,
2359,12,80,2026-05-30,2026-06-05,2026-06-03,489,In Transit,Corporis Product,Medical,4255.47,15,Thakur and Sons,Kanpur,5.83,3.5,80,Mumbai Warehouse,656,2026-07-08,,,,,,,,,,,,,,
2360,17,56,2024-12-26,2024-12-31,2025-01-04,24,Cancelled,Error Product,Electronics,333.18,11,"Sule, Jaggi and Char",Pallavaram,6.39,3.52,56,Chennai Warehouse,777,2026-07-07,,,,,,,,,,,,,,
2361,14,17,2026-01-04,2026-01-08,2026-01-13,372,Cancelled,Veniam Product,Clothing,2682.42,6,"Bahri, Dugar and Ratti",Kottayam,8.09,4.85,17,Bangalore Warehouse,243,2026-07-06,,,,,,,,,,,,,,
2362,20,83,2026-01-25,2026-01-27,2026-01-28,182,Cancelled,Deserunt Product,Automotive,990.39,6,Chakraborty-Sengupta,Malda,5.0,3.56,83,Delhi Warehouse,294,2026-07-15,160.0,Machine Failure,Low,Eos quia ea corrupti ut laboriosam similique in.,2025-09-18,160.0,Expedite Shipment,Approved,2025-12-25,160.0,Partially Resolved,0.0,11323.1,Minor delay occurred
2363,11,59,2026-01-10,2026-01-19,2026-01-22,468,In Transit,Omnis Product,Electronics,2194.29,10,Banerjee Group,Alappuzha,8.52,4.3,59,Chennai Warehouse,265,2026-07-01,,,,,,,,,,,,,,
2364,5,120,2024-07-24,2024-07-27,2024-07-31,141,Cancelled,Magnam Product,Electronics,3329.48,19,Chander-Sibal,Kochi,6.81,4.37,120,Bangalore Warehouse,996,2026-07-07,,,,,,,,,,,,,,
2365,16,137,2025-06-02,2025-06-07,2025-06-10,478,Delivered,Aliquid Product,Medical,3630.8,13,Handa-Manda,Vijayanagaram,8.66,4.77,137,Delhi Warehouse,82,2026-07-03,,,,,,,,,,,,,,
2366,8,130,2025-07-24,2025-07-29,2025-07-30,100,Delivered,Rerum Product,Clothing,379.31,9,Hans-Bir,Siliguri,2.43,4.68,130,Bangalore Warehouse,702,2026-06-28,474.0,Supplier Delay,Medium,Consequatur maiores nisi velit nam quidem.,2026-07-14,474.0,Increase Safety Stock,Rejected,2025-10-03,474.0,Partially Resolved,8.0,11438.6,Issue resolved successfully
2367,9,112,2026-06-17,2026-06-19,2026-06-18,493,Cancelled,Modi Product,Electronics,2985.26,19,"Loyal, Varma and Tripathi",Firozabad,9.75,4.64,112,Bangalore Warehouse,212,2026-06-25,,,,,,,,,,,,,,
2368,20,83,2026-05-29,2026-06-06,2026-06-11,272,In Transit,Deserunt Product,Automotive,990.39,6,Chakraborty-Sengupta,Malda,5.0,3.56,83,Delhi Warehouse,294,2026-07-15,,,,,,,,,,,,,,
2369,20,36,2026-05-29,2026-06-05,2026-06-05,176,In Transit,Suscipit Product,Electronics,2750.46,10,Chakraborty-Sengupta,Malda,5.0,3.56,36,Hyderabad Warehouse,271,2026-07-15,,,,,,,,,,,,,,
2370,2,52,2025-01-19,2025-01-23,2025-01-26,297,Delayed,Architecto Product,Medical,1642.77,20,Gour Ltd,Bhilwara,8.05,3.83,52,Mumbai Warehouse,918,2026-06-30,,,,,,,,,,,,,,
2371,12,30,2025-05-19,2025-05-29,2025-06-01,466,In Transit,Voluptatem Product,Medical,3709.02,5,Thakur and Sons,Kanpur,5.83,3.5,30,Chennai Warehouse,472,2026-06-30,,,,,,,,,,,,,,
2372,9,111,2026-01-15,2026-01-21,2026-01-23,91,Delayed,Quaerat Product,Clothing,218.68,3,"Loyal, Varma and Tripathi",Firozabad,9.75,4.64,111,Hyderabad Warehouse,662,2026-07-13,373.0,Machine Failure,Medium,Ut nulla tenetur optio similique maiores.,2025-09-28,373.0,Increase Safety Stock,Rejected,2026-06-25,373.0,Pending,3.0,10388.88,Issue resolved successfully
2373,17,139,2025-08-12,2025-08-16,2025-08-21,61,In Transit,Vero Product,Furniture,4054.68,9,"Sule, Jaggi and Char",Pallavaram,6.39,3.52,139,Mumbai Warehouse,185,2026-07-15,,,,,,,,,,,,,,
2374,15,34,2026-07-05,2026-07-08,2026-07-06,429,In Transit,Consequatur Product,Automotive,4834.5,8,Sastry and Sons,Haldia,5.45,4.34,34,Delhi Warehouse,280,2026-06-18,,,,,,,,,,,,,,
2375,13,76,2025-08-27,2025-08-30,2025-09-04,84,Delayed,Sunt Product,Electronics,2690.2,2,"Borah, Gill and Varma",Dehri,6.15,3.78,76,Delhi Warehouse,630,2026-06-16,556.0,Machine Failure,High,In doloribus consectetur accusamus.,2026-01-02,556.0,Switch Supplier,Pending,2025-08-10,556.0,Failed,6.0,10653.58,Minor delay occurred
2376,6,139,2025-10-15,2025-10-23,2025-10-21,124,Delayed,Vero Product,Furniture,4054.68,9,Bhavsar-Sampath,Bangalore,2.52,3.72,139,Mumbai Warehouse,185,2026-07-15,,,,,,,,,,,,,,
2377,4,61,2025-07-08,2025-07-10,2025-07-12,209,Cancelled,Eveniet Product,Furniture,3258.29,8,Rajagopal-Jayaraman,Jalna,1.0,3.51,61,Mumbai Warehouse,725,2026-06-20,,,,,,,,,,,,,,
2378,9,29,2024-07-23,2024-07-25,2024-07-24,331,Delivered,Architecto Product,Furniture,4183.31,3,"Loyal, Varma and Tripathi",Firozabad,9.75,4.64,29,Chennai Warehouse,981,2026-06-27,,,,,,,,,,,,,,
2379,7,3,2026-06-16,2026-06-18,2026-06-22,89,Delayed,Iure Product,Medical,1939.35,19,Wali PLC,Khandwa,2.76,4.43,3,Mumbai Warehouse,584,2026-07-06,,,,,,,,,,,,,,
2380,2,109,2025-11-13,2025-11-18,2025-11-22,146,Delivered,Beatae Product,Automotive,1167.1,12,Gour Ltd,Bhilwara,8.05,3.83,109,Mumbai Warehouse,573,2026-06-17,,,,,,,,,,,,,,
2381,20,138,2024-07-27,2024-08-03,2024-08-01,99,Cancelled,Commodi Product,Groceries,4831.21,4,Chakraborty-Sengupta,Malda,5.0,3.56,138,Bangalore Warehouse,589,2026-06-20,,,,,,,,,,,,,,
2382,20,149,2024-12-18,2024-12-26,2024-12-31,88,In Transit,Asperiores Product,Groceries,2199.52,9,Chakraborty-Sengupta,Malda,5.0,3.56,149,Chennai Warehouse,331,2026-07-13,,,,,,,,,,,,,,
2383,14,79,2026-01-17,2026-01-26,2026-01-29,153,Cancelled,Officiis Product,Automotive,3036.4,6,"Bahri, Dugar and Ratti",Kottayam,8.09,4.85,79,Bangalore Warehouse,898,2026-06-30,,,,,,,,,,,,,,
2384,2,58,2025-11-16,2025-11-19,2025-11-23,37,Cancelled,Tempore Product,Groceries,4870.19,6,Gour Ltd,Bhilwara,8.05,3.83,58,Bangalore Warehouse,328,2026-07-11,,,,,,,,,,,,,,
2385,14,72,2025-09-28,2025-10-02,2025-10-01,104,Cancelled,Fuga Product,Groceries,160.42,9,"Bahri, Dugar and Ratti",Kottayam,8.09,4.85,72,Chennai Warehouse,359,2026-07-11,,,,,,,,,,,,,,
2386,4,110,2026-03-15,2026-03-21,2026-03-20,76,In Transit,Assumenda Product,Furniture,4904.71,9,Rajagopal-Jayaraman,Jalna,1.0,3.51,110,Chennai Warehouse,817,2026-06-23,,,,,,,,,,,,,,
2387,20,1,2025-02-16,2025-02-18,2025-02-20,83,Delayed,Sint Product,Clothing,2204.33,20,Chakraborty-Sengupta,Malda,5.0,3.56,1,Mumbai Warehouse,324,2026-07-01,10.0,Weather,Medium,Quas omnis vel quam laudantium.,2025-10-10,10.0,Switch Supplier,Rejected,2026-02-07,10.0,Partially Resolved,8.0,1006.49,Supplier changed
2388,18,57,2024-09-30,2024-10-03,2024-10-01,30,In Transit,Distinctio Product,Automotive,863.84,19,Raju and Sons,Etawah,3.81,4.27,57,Hyderabad Warehouse,848,2026-06-28,,,,,,,,,,,,,,
2389,1,134,2025-03-12,2025-03-21,2025-03-25,137,Cancelled,Eligendi Product,Automotive,3447.14,10,"Balasubramanian, Gara and Memon",Nadiad,5.69,4.88,134,Hyderabad Warehouse,699,2026-07-02,,,,,,,,,,,,,,
2390,19,93,2024-10-06,2024-10-13,2024-10-15,281,Delivered,Nemo Product,Automotive,3838.07,10,"Nagar, Hari and Chada",Munger,9.42,4.61,93,Mumbai Warehouse,413,2026-06-19,,,,,,,,,,,,,,
2391,5,139,2025-06-03,2025-06-10,2025-06-10,28,In Transit,Vero Product,Furniture,4054.68,9,Chander-Sibal,Kochi,6.81,4.37,139,Mumbai Warehouse,185,2026-07-15,,,,,,,,,,,,,,
2392,13,90,2026-02-27,2026-03-09,2026-03-12,385,Delayed,Quo Product,Electronics,4661.14,19,"Borah, Gill and Varma",Dehri,6.15,3.78,90,Delhi Warehouse,466,2026-06-28,,,,,,,,,,,,,,
2393,20,56,2025-06-10,2025-06-13,2025-06-15,489,In Transit,Error Product,Electronics,333.18,11,Chakraborty-Sengupta,Malda,5.0,3.56,56,Chennai Warehouse,777,2026-07-07,,,,,,,,,,,,,,
2394,6,33,2025-09-22,2025-09-26,2025-09-27,203,Delivered,Facere Product,Medical,1997.29,4,Bhavsar-Sampath,Bangalore,2.52,3.72,33,Delhi Warehouse,549,2026-07-12,,,,,,,,,,,,,,
2395,20,20,2025-05-17,2025-05-20,2025-05-22,419,In Transit,Laborum Product,Electronics,563.85,5,Chakraborty-Sengupta,Malda,5.0,3.56,20,Bangalore Warehouse,426,2026-07-15,,,,,,,,,,,,,,
2396,19,77,2026-06-29,2026-07-09,2026-07-07,217,Delayed,Dolorum Product,Clothing,4786.13,4,"Nagar, Hari and Chada",Munger,9.42,4.61,77,Hyderabad Warehouse,307,2026-07-05,,,,,,,,,,,,,,
2397,8,22,2025-01-13,2025-01-20,2025-01-20,293,Delivered,Amet Product,Furniture,1453.32,6,Hans-Bir,Siliguri,2.43,4.68,22,Delhi Warehouse,386,2026-07-10,81.0,Weather,Medium,Expedita totam amet hic pariatur.,2025-11-11,81.0,Switch Supplier,Approved,2025-08-17,81.0,Failed,8.0,9642.78,Shipment rerouted
2398,18,119,2024-09-21,2024-09-29,2024-09-30,95,In Transit,Maxime Product,Furniture,4794.94,19,Raju and Sons,Etawah,3.81,4.27,119,Mumbai Warehouse,383,2026-07-01,,,,,,,,,,,,,,
2399,1,110,2025-11-23,2025-11-29,2025-12-04,252,Delayed,Assumenda Product,Furniture,4904.71,9,"Balasubramanian, Gara and Memon",Nadiad,5.69,4.88,110,Chennai Warehouse,817,2026-06-23,,,,,,,,,,,,,,
2400,19,88,2025-05-08,2025-05-15,2025-05-20,164,Cancelled,Ab Product,Medical,441.59,19,"Nagar, Hari and Chada",Munger,9.42,4.61,88,Bangalore Warehouse,70,2026-07-10,,,,,,,,,,,,,,
2401,19,16,2026-03-18,2026-03-22,2026-03-23,447,In Transit,Vel Product,Medical,4239.68,2,"Nagar, Hari and Chada",Munger,9.42,4.61,16,Hyderabad Warehouse,928,2026-07-01,,,,,,,,,,,,,,
2402,6,41,2025-02-21,2025-02-23,2025-02-24,479,In Transit,Architecto Product,Furniture,1703.5,1,Bhavsar-Sampath,Bangalore,2.52,3.72,41,Hyderabad Warehouse,681,2026-06-26,,,,,,,,,,,,,,
2403,9,139,2025-04-28,2025-05-08,2025-05-08,372,Delivered,Vero Product,Furniture,4054.68,9,"Loyal, Varma and Tripathi",Firozabad,9.75,4.64,139,Mumbai Warehouse,185,2026-07-15,,,,,,,,,,,,,,
2404,14,119,2025-05-03,2025-05-11,2025-05-11,109,Cancelled,Maxime Product,Furniture,4794.94,19,"Bahri, Dugar and Ratti",Kottayam,8.09,4.85,119,Mumbai Warehouse,383,2026-07-01,,,,,,,,,,,,,,
2405,6,112,2024-12-26,2024-12-31,2025-01-03,397,In Transit,Modi Product,Electronics,2985.26,19,Bhavsar-Sampath,Bangalore,2.52,3.72,112,Bangalore Warehouse,212,2026-06-25,,,,,,,,,,,,,,
2406,11,116,2025-01-31,2025-02-02,2025-02-05,19,Delivered,Architecto Product,Groceries,763.04,10,Banerjee Group,Alappuzha,8.52,4.3,116,Bangalore Warehouse,102,2026-07-04,,,,,,,,,,,,,,
2407,3,138,2026-05-22,2026-06-01,2026-05-30,130,Cancelled,Commodi Product,Groceries,4831.21,4,"Balan, Virk and Mangal",Bangalore,3.73,4.49,138,Bangalore Warehouse,589,2026-06-20,,,,,,,,,,,,,,
2408,4,87,2026-02-12,2026-02-17,2026-02-21,372,In Transit,Vitae Product,Clothing,4295.55,19,Rajagopal-Jayaraman,Jalna,1.0,3.51,87,Delhi Warehouse,423,2026-06-26,,,,,,,,,,,,,,
2409,13,138,2024-12-18,2024-12-26,2024-12-29,326,Delayed,Commodi Product,Groceries,4831.21,4,"Borah, Gill and Varma",Dehri,6.15,3.78,138,Bangalore Warehouse,589,2026-06-20,,,,,,,,,,,,,,
2410,14,77,2025-03-29,2025-04-01,2025-03-31,226,In Transit,Dolorum Product,Clothing,4786.13,4,"Bahri, Dugar and Ratti",Kottayam,8.09,4.85,77,Hyderabad Warehouse,307,2026-07-05,,,,,,,,,,,,,,
2411,2,48,2026-07-07,2026-07-12,2026-07-16,272,Delivered,Neque Product,Medical,518.28,5,Gour Ltd,Bhilwara,8.05,3.83,48,Delhi Warehouse,626,2026-06-27,,,,,,,,,,,,,,
2412,14,8,2025-10-27,2025-10-31,2025-11-01,322,Cancelled,Voluptatem Product,Furniture,3535.61,12,"Bahri, Dugar and Ratti",Kottayam,8.09,4.85,8,Chennai Warehouse,686,2026-07-07,,,,,,,,,,,,,,
2413,12,17,2026-02-10,2026-02-17,2026-02-17,311,Cancelled,Veniam Product,Clothing,2682.42,6,Thakur and Sons,Kanpur,5.83,3.5,17,Bangalore Warehouse,243,2026-07-06,,,,,,,,,,,,,,
2414,6,126,2026-07-03,2026-07-12,2026-07-14,434,Delayed,Nemo Product,Groceries,3018.63,8,Bhavsar-Sampath,Bangalore,2.52,3.72,126,Chennai Warehouse,306,2026-07-05,,,,,,,,,,,,,,
2415,8,135,2025-10-27,2025-11-03,2025-11-06,279,In Transit,Nisi Product,Medical,1322.29,1,Hans-Bir,Siliguri,2.43,4.68,135,Delhi Warehouse,660,2026-06-19,,,,,,,,,,,,,,
2416,14,129,2026-03-31,2026-04-06,2026-04-11,146,Delivered,Repellat Product,Clothing,772.83,16,"Bahri, Dugar and Ratti",Kottayam,8.09,4.85,129,Bangalore Warehouse,81,2026-07-01,,,,,,,,,,,,,,
2417,17,20,2024-10-20,2024-10-29,2024-11-03,371,Delayed,Laborum Product,Electronics,563.85,5,"Sule, Jaggi and Char",Pallavaram,6.39,3.52,20,Bangalore Warehouse,426,2026-07-15,158.0,Weather,Low,Sed accusamus repellat nisi incidunt fuga pariatur laborum.,2025-12-10,158.0,Switch Supplier,Pending,2026-05-29,158.0,Failed,8.0,7581.25,Shipment rerouted
2418,12,57,2026-06-07,2026-06-15,2026-06-20,445,Delayed,Distinctio Product,Automotive,863.84,19,Thakur and Sons,Kanpur,5.83,3.5,57,Hyderabad Warehouse,848,2026-06-28,,,,,,,,,,,,,,
2419,16,41,2025-01-02,2025-01-11,2025-01-16,74,Delayed,Architecto Product,Furniture,1703.5,1,Handa-Manda,Vijayanagaram,8.66,4.77,41,Hyderabad Warehouse,681,2026-06-26,,,,,,,,,,,,,,
2420,5,121,2025-06-08,2025-06-16,2025-06-20,278,Delivered,Veniam Product,Furniture,3093.62,19,Chander-Sibal,Kochi,6.81,4.37,121,Bangalore Warehouse,683,2026-06-20,,,,,,,,,,,,,,
2421,6,59,2025-05-30,2025-06-09,2025-06-14,393,Delayed,Omnis Product,Electronics,2194.29,10,Bhavsar-Sampath,Bangalore,2.52,3.72,59,Chennai Warehouse,265,2026-07-01,,,,,,,,,,,,,,
2422,2,127,2025-10-19,2025-10-23,2025-10-22,458,In Transit,Eum Product,Automotive,1710.79,7,Gour Ltd,Bhilwara,8.05,3.83,127,Delhi Warehouse,588,2026-07-12,,,,,,,,,,,,,,
2423,14,110,2025-03-27,2025-03-29,2025-03-30,426,Delayed,Assumenda Product,Furniture,4904.71,9,"Bahri, Dugar and Ratti",Kottayam,8.09,4.85,110,Chennai Warehouse,817,2026-06-23,,,,,,,,,,,,,,
2424,20,50,2025-10-04,2025-10-07,2025-10-08,363,Delivered,Quae Product,Automotive,939.97,7,Chakraborty-Sengupta,Malda,5.0,3.56,50,Chennai Warehouse,576,2026-07-06,,,,,,,,,,,,,,
2425,12,28,2024-12-19,2024-12-24,2024-12-29,399,Delayed,Quidem Product,Groceries,4168.94,2,Thakur and Sons,Kanpur,5.83,3.5,28,Hyderabad Warehouse,118,2026-06-24,,,,,,,,,,,,,,
2426,17,57,2026-03-15,2026-03-22,2026-03-24,75,Cancelled,Distinctio Product,Automotive,863.84,19,"Sule, Jaggi and Char",Pallavaram,6.39,3.52,57,Hyderabad Warehouse,848,2026-06-28,,,,,,,,,,,,,,
2427,17,139,2026-01-15,2026-01-25,2026-01-23,169,In Transit,Vero Product,Furniture,4054.68,9,"Sule, Jaggi and Char",Pallavaram,6.39,3.52,139,Mumbai Warehouse,185,2026-07-15,,,,,,,,,,,,,,
2428,6,29,2025-03-12,2025-03-21,2025-03-19,18,Cancelled,Architecto Product,Furniture,4183.31,3,Bhavsar-Sampath,Bangalore,2.52,3.72,29,Chennai Warehouse,981,2026-06-27,,,,,,,,,,,,,,
2429,20,69,2024-12-03,2024-12-11,2024-12-09,430,Delivered,Ipsa Product,Groceries,1707.84,17,Chakraborty-Sengupta,Malda,5.0,3.56,69,Mumbai Warehouse,267,2026-07-09,,,,,,,,,,,,,,
2430,14,128,2026-04-02,2026-04-05,2026-04-06,18,In Transit,Non Product,Clothing,4746.22,5,"Bahri, Dugar and Ratti",Kottayam,8.09,4.85,128,Hyderabad Warehouse,464,2026-06-23,154.0,Traffic,Low,Tempore mollitia earum.,2025-08-06,154.0,Expedite Shipment,Implemented,2026-07-08,154.0,Partially Resolved,4.0,13410.06,Issue resolved successfully
2431,3,42,2025-06-02,2025-06-06,2025-06-06,111,Delivered,Exercitationem Product,Medical,980.26,5,"Balan, Virk and Mangal",Bangalore,3.73,4.49,42,Bangalore Warehouse,493,2026-07-01,22.0,Traffic,High,Assumenda distinctio corporis magni unde est at.,2025-11-03,22.0,Change Transport Route,Rejected,2026-03-30,22.0,Pending,14.0,-3069.31,Shipment rerouted
2432,4,124,2024-12-09,2024-12-11,2024-12-11,54,Delayed,Excepturi Product,Furniture,756.02,2,Rajagopal-Jayaraman,Jalna,1.0,3.51,124,Chennai Warehouse,123,2026-07-09,,,,,,,,,,,,,,
2433,20,59,2024-11-24,2024-12-02,2024-12-02,322,Delayed,Omnis Product,Electronics,2194.29,10,Chakraborty-Sengupta,Malda,5.0,3.56,59,Chennai Warehouse,265,2026-07-01,,,,,,,,,,,,,,
2434,15,13,2024-08-18,2024-08-26,2024-08-30,30,Cancelled,Reiciendis Product,Automotive,3971.98,6,Sastry and Sons,Haldia,5.45,4.34,13,Mumbai Warehouse,352,2026-07-10,,,,,,,,,,,,,,
2435,3,75,2025-08-04,2025-08-08,2025-08-11,268,In Transit,Recusandae Product,Automotive,4884.77,14,"Balan, Virk and Mangal",Bangalore,3.73,4.49,75,Chennai Warehouse,450,2026-07-07,,,,,,,,,,,,,,
2436,20,20,2026-06-30,2026-07-02,2026-07-07,307,Delayed,Laborum Product,Electronics,563.85,5,Chakraborty-Sengupta,Malda,5.0,3.56,20,Bangalore Warehouse,426,2026-07-15,,,,,,,,,,,,,,
2437,5,82,2025-06-17,2025-06-25,2025-06-24,36,Cancelled,Unde Product,Electronics,3347.22,1,Chander-Sibal,Kochi,6.81,4.37,82,Hyderabad Warehouse,481,2026-07-04,,,,,,,,,,,,,,
2438,12,112,2024-10-30,2024-11-02,2024-11-05,317,Delivered,Modi Product,Electronics,2985.26,19,Thakur and Sons,Kanpur,5.83,3.5,112,Bangalore Warehouse,212,2026-06-25,,,,,,,,,,,,,,
2439,16,20,2024-12-31,2025-01-05,2025-01-10,347,Delivered,Laborum Product,Electronics,563.85,5,Handa-Manda,Vijayanagaram,8.66,4.77,20,Bangalore Warehouse,426,2026-07-15,537.0,Traffic,High,Velit nihil aspernatur blanditiis id mollitia.,2025-07-31,537.0,Switch Supplier,Pending,2026-03-02,537.0,Partially Resolved,13.0,-2623.5,Minor delay occurred
2440,9,57,2026-03-07,2026-03-17,2026-03-20,384,Cancelled,Distinctio Product,Automotive,863.84,19,"Loyal, Varma and Tripathi",Firozabad,9.75,4.64,57,Hyderabad Warehouse,848,2026-06-28,,,,,,,,,,,,,,
2441,10,59,2025-08-21,2025-08-24,2025-08-29,359,In Transit,Omnis Product,Electronics,2194.29,10,"Mitter, Srinivasan and Dixit",Shimoga,1.81,3.9,59,Chennai Warehouse,265,2026-07-01,,,,,,,,,,,,,,
2442,10,114,2026-05-09,2026-05-11,2026-05-10,294,Delayed,Dicta Product,Clothing,1943.15,20,"Mitter, Srinivasan and Dixit",Shimoga,1.81,3.9,114,Hyderabad Warehouse,822,2026-07-08,,,,,,,,,,,,,,
2443,13,25,2025-03-14,2025-03-18,2025-03-17,290,Delivered,Vel Product,Automotive,3265.92,1,"Borah, Gill and Varma",Dehri,6.15,3.78,25,Bangalore Warehouse,437,2026-07-06,,,,,,,,,,,,,,
2444,9,120,2026-03-07,2026-03-11,2026-03-14,27,Delivered,Magnam Product,Electronics,3329.48,19,"Loyal, Varma and Tripathi",Firozabad,9.75,4.64,120,Bangalore Warehouse,996,2026-07-07,,,,,,,,,,,,,,
2445,12,132,2026-03-22,2026-03-28,2026-03-30,248,Delayed,Quisquam Product,Groceries,1498.72,7,Thakur and Sons,Kanpur,5.83,3.5,132,Mumbai Warehouse,860,2026-07-05,,,,,,,,,,,,,,
2446,9,20,2025-04-05,2025-04-15,2025-04-16,135,In Transit,Laborum Product,Electronics,563.85,5,"Loyal, Varma and Tripathi",Firozabad,9.75,4.64,20,Bangalore Warehouse,426,2026-07-15,,,,,,,,,,,,,,
2447,15,15,2024-10-19,2024-10-23,2024-10-25,88,Delayed,Dolore Product,Automotive,1024.49,5,Sastry and Sons,Haldia,5.45,4.34,15,Chennai Warehouse,343,2026-07-02,,,,,,,,,,,,,,
2448,5,14,2024-12-30,2025-01-09,2025-01-07,217,In Transit,Nulla Product,Electronics,1235.72,15,Chander-Sibal,Kochi,6.81,4.37,14,Hyderabad Warehouse,453,2026-07-12,,,,,,,,,,,,,,
2449,10,84,2025-05-25,2025-05-31,2025-06-05,390,Cancelled,Ab Product,Clothing,1108.56,18,"Mitter, Srinivasan and Dixit",Shimoga,1.81,3.9,84,Bangalore Warehouse,80,2026-06-28,,,,,,,,,,,,,,
2450,9,131,2025-10-09,2025-10-11,2025-10-14,232,Cancelled,Nesciunt Product,Furniture,3585.42,1,"Loyal, Varma and Tripathi",Firozabad,9.75,4.64,131,Hyderabad Warehouse,157,2026-06-24,,,,,,,,,,,,,,
2451,11,11,2026-02-04,2026-02-07,2026-02-11,304,Delayed,Ducimus Product,Clothing,2306.22,11,Banerjee Group,Alappuzha,8.52,4.3,11,Delhi Warehouse,137,2026-06-19,551.0,Supplier Delay,Medium,Numquam iste nihil eligendi.,2026-07-11,551.0,Expedite Shipment,Pending,2026-06-14,551.0,Failed,3.0,12414.27,Supplier changed
2452,10,42,2025-08-24,2025-08-31,2025-08-30,117,Delivered,Exercitationem Product,Medical,980.26,5,"Mitter, Srinivasan and Dixit",Shimoga,1.81,3.9,42,Bangalore Warehouse,493,2026-07-01,,,,,,,,,,,,,,
2453,9,112,2026-02-17,2026-02-19,2026-02-20,472,Cancelled,Modi Product,Electronics,2985.26,19,"Loyal, Varma and Tripathi",Firozabad,9.75,4.64,112,Bangalore Warehouse,212,2026-06-25,,,,,,,,,,,,,,
2454,16,51,2026-01-06,2026-01-15,2026-01-17,470,Cancelled,Corrupti Product,Medical,1864.29,15,Handa-Manda,Vijayanagaram,8.66,4.77,51,Chennai Warehouse,926,2026-07-02,,,,,,,,,,,,,,
2455,9,116,2026-02-07,2026-02-09,2026-02-08,395,Delivered,Architecto Product,Groceries,763.04,10,"Loyal, Varma and Tripathi",Firozabad,9.75,4.64,116,Bangalore Warehouse,102,2026-07-04,,,,,,,,,,,,,,
2456,14,29,2025-11-02,2025-11-05,2025-11-09,15,Delayed,Architecto Product,Furniture,4183.31,3,"Bahri, Dugar and Ratti",Kottayam,8.09,4.85,29,Chennai Warehouse,981,2026-06-27,,,,,,,,,,,,,,
2457,20,21,2024-09-20,2024-09-28,2024-09-27,34,In Transit,Animi Product,Automotive,3616.57,8,Chakraborty-Sengupta,Malda,5.0,3.56,21,Delhi Warehouse,666,2026-06-27,270.0,Supplier Delay,High,In fugiat distinctio quae laudantium modi doloribus alias.,2025-11-05,270.0,Change Transport Route,Rejected,2026-04-24,270.0,Failed,13.0,1566.96,Shipment rerouted
2457,20,21,2024-09-20,2024-09-28,2024-09-27,34,In Transit,Animi Product,Automotive,3616.57,8,Chakraborty-Sengupta,Malda,5.0,3.56,21,Delhi Warehouse,666,2026-06-27,523.0,Machine Failure,Low,Quibusdam sunt incidunt quisquam dolor tempora.,2026-03-31,523.0,Expedite Shipment,Rejected,2026-04-25,523.0,Failed,0.0,12879.78,Shipment rerouted
2458,19,104,2025-05-29,2025-06-06,2025-06-06,277,Delivered,Laboriosam Product,Clothing,2160.36,3,"Nagar, Hari and Chada",Munger,9.42,4.61,104,Delhi Warehouse,338,2026-06-24,,,,,,,,,,,,,,
2459,19,66,2025-03-13,2025-03-23,2025-03-23,224,Cancelled,Quas Product,Groceries,4225.31,19,"Nagar, Hari and Chada",Munger,9.42,4.61,66,Bangalore Warehouse,853,2026-06-19,,,,,,,,,,,,,,
2460,18,69,2024-12-15,2024-12-18,2024-12-23,343,In Transit,Ipsa Product,Groceries,1707.84,17,Raju and Sons,Etawah,3.81,4.27,69,Mumbai Warehouse,267,2026-07-09,,,,,,,,,,,,,,
2461,14,120,2025-03-25,2025-03-29,2025-03-27,139,In Transit,Magnam Product,Electronics,3329.48,19,"Bahri, Dugar and Ratti",Kottayam,8.09,4.85,120,Bangalore Warehouse,996,2026-07-07,,,,,,,,,,,,,,
2462,9,94,2025-03-25,2025-03-30,2025-03-29,258,Cancelled,Culpa Product,Clothing,4115.37,20,"Loyal, Varma and Tripathi",Firozabad,9.75,4.64,94,Delhi Warehouse,329,2026-07-15,,,,,,,,,,,,,,
2463,15,70,2025-03-27,2025-04-01,2025-04-03,307,Delayed,Excepturi Product,Automotive,4641.9,16,Sastry and Sons,Haldia,5.45,4.34,70,Bangalore Warehouse,802,2026-06-20,,,,,,,,,,,,,,
2464,12,102,2026-07-04,2026-07-14,2026-07-19,98,Cancelled,Molestias Product,Furniture,2262.92,3,Thakur and Sons,Kanpur,5.83,3.5,102,Chennai Warehouse,835,2026-06-22,,,,,,,,,,,,,,
2465,7,129,2025-04-05,2025-04-07,2025-04-08,300,Delayed,Repellat Product,Clothing,772.83,16,Wali PLC,Khandwa,2.76,4.43,129,Bangalore Warehouse,81,2026-07-01,,,,,,,,,,,,,,
2466,15,12,2025-06-16,2025-06-21,2025-06-22,135,In Transit,Fugit Product,Clothing,1357.85,15,Sastry and Sons,Haldia,5.45,4.34,12,Hyderabad Warehouse,878,2026-06-22,439.0,Port Congestion,Medium,Nam nisi repellendus alias distinctio.,2025-10-14,439.0,Increase Safety Stock,Pending,2025-12-10,439.0,Partially Resolved,6.0,8730.21,Shipment rerouted
2467,13,130,2024-10-14,2024-10-23,2024-10-22,76,Delivered,Rerum Product,Clothing,379.31,9,"Borah, Gill and Varma",Dehri,6.15,3.78,130,Bangalore Warehouse,702,2026-06-28,,,,,,,,,,,,,,
2468,16,120,2025-03-21,2025-03-23,2025-03-21,174,In Transit,Magnam Product,Electronics,3329.48,19,Handa-Manda,Vijayanagaram,8.66,4.77,120,Bangalore Warehouse,996,2026-07-07,,,,,,,,,,,,,,
2469,2,110,2026-07-09,2026-07-11,2026-07-13,307,Delivered,Assumenda Product,Furniture,4904.71,9,Gour Ltd,Bhilwara,8.05,3.83,110,Chennai Warehouse,817,2026-06-23,,,,,,,,,,,,,,
2470,12,74,2024-07-17,2024-07-19,2024-07-17,439,Delivered,Cum Product,Clothing,3762.37,5,Thakur and Sons,Kanpur,5.83,3.5,74,Hyderabad Warehouse,592,2026-06-21,,,,,,,,,,,,,,
2471,1,35,2026-02-18,2026-02-23,2026-02-23,403,Delivered,Dolores Product,Electronics,4034.14,20,"Balasubramanian, Gara and Memon",Nadiad,5.69,4.88,35,Chennai Warehouse,804,2026-07-11,,,,,,,,,,,,,,
2472,7,107,2025-10-05,2025-10-11,2025-10-09,257,Delivered,Repudiandae Product,Automotive,609.59,11,Wali PLC,Khandwa,2.76,4.43,107,Delhi Warehouse,711,2026-07-01,456.0,Weather,Medium,Tenetur deleniti libero tempora.,2026-01-30,456.0,Expedite Shipment,Approved,2025-09-24,456.0,Partially Resolved,14.0,11750.92,Shipment rerouted
2473,6,113,2025-07-04,2025-07-09,2025-07-09,341,Delayed,Placeat Product,Groceries,4202.62,15,Bhavsar-Sampath,Bangalore,2.52,3.72,113,Mumbai Warehouse,228,2026-07-12,,,,,,,,,,,,,,
2474,3,124,2024-09-03,2024-09-05,2024-09-10,223,Delivered,Excepturi Product,Furniture,756.02,2,"Balan, Virk and Mangal",Bangalore,3.73,4.49,124,Chennai Warehouse,123,2026-07-09,547.0,Port Congestion,Low,Placeat assumenda soluta iure.,2025-10-15,547.0,Increase Safety Stock,Approved,2025-10-29,547.0,Resolved,11.0,-1923.52,Minor delay occurred
2475,2,111,2024-07-30,2024-08-04,2024-08-03,200,Delayed,Quaerat Product,Clothing,218.68,3,Gour Ltd,Bhilwara,8.05,3.83,111,Hyderabad Warehouse,662,2026-07-13,,,,,,,,,,,,,,
2476,14,7,2025-10-19,2025-10-21,2025-10-21,128,Delivered,Expedita Product,Furniture,1401.54,17,"Bahri, Dugar and Ratti",Kottayam,8.09,4.85,7,Delhi Warehouse,512,2026-06-28,,,,,,,,,,,,,,
2477,10,92,2025-02-18,2025-02-22,2025-02-22,489,In Transit,Architecto Product,Furniture,4826.14,10,"Mitter, Srinivasan and Dixit",Shimoga,1.81,3.9,92,Mumbai Warehouse,215,2026-07-07,,,,,,,,,,,,,,
2478,9,123,2025-04-03,2025-04-07,2025-04-11,23,Delayed,Amet Product,Electronics,2966.03,9,"Loyal, Varma and Tripathi",Firozabad,9.75,4.64,123,Chennai Warehouse,249,2026-06-23,,,,,,,,,,,,,,
2479,15,21,2025-07-04,2025-07-09,2025-07-12,285,Delivered,Animi Product,Automotive,3616.57,8,Sastry and Sons,Haldia,5.45,4.34,21,Delhi Warehouse,666,2026-06-27,,,,,,,,,,,,,,
2480,16,23,2024-07-24,2024-08-01,2024-07-30,25,Delayed,Quibusdam Product,Furniture,2588.22,10,Handa-Manda,Vijayanagaram,8.66,4.77,23,Delhi Warehouse,912,2026-06-19,,,,,,,,,,,,,,
2481,12,108,2025-09-16,2025-09-21,2025-09-24,345,Cancelled,Debitis Product,Automotive,3133.95,9,Thakur and Sons,Kanpur,5.83,3.5,108,Hyderabad Warehouse,767,2026-07-07,47.0,Machine Failure,Medium,Necessitatibus ducimus esse iusto veniam dolore.,2026-06-01,47.0,Change Transport Route,Rejected,2025-07-28,47.0,Resolved,2.0,-2594.28,Minor delay occurred
2482,1,28,2025-04-13,2025-04-21,2025-04-24,327,In Transit,Quidem Product,Groceries,4168.94,2,"Balasubramanian, Gara and Memon",Nadiad,5.69,4.88,28,Hyderabad Warehouse,118,2026-06-24,,,,,,,,,,,,,,
2483,13,8,2025-01-22,2025-01-27,2025-01-27,46,Delivered,Voluptatem Product,Furniture,3535.61,12,"Borah, Gill and Varma",Dehri,6.15,3.78,8,Chennai Warehouse,686,2026-07-07,,,,,,,,,,,,,,
2484,5,62,2025-06-24,2025-07-03,2025-07-08,395,Delayed,Officiis Product,Medical,3477.18,12,Chander-Sibal,Kochi,6.81,4.37,62,Chennai Warehouse,668,2026-07-05,,,,,,,,,,,,,,
2485,3,28,2025-03-16,2025-03-25,2025-03-27,236,Delayed,Quidem Product,Groceries,4168.94,2,"Balan, Virk and Mangal",Bangalore,3.73,4.49,28,Hyderabad Warehouse,118,2026-06-24,,,,,,,,,,,,,,
2486,12,120,2024-09-08,2024-09-15,2024-09-20,40,Delayed,Magnam Product,Electronics,3329.48,19,Thakur and Sons,Kanpur,5.83,3.5,120,Bangalore Warehouse,996,2026-07-07,,,,,,,,,,,,,,
2487,2,81,2026-04-04,2026-04-14,2026-04-19,338,Delayed,Voluptatibus Product,Automotive,1958.75,1,Gour Ltd,Bhilwara,8.05,3.83,81,Chennai Warehouse,875,2026-06-17,,,,,,,,,,,,,,
2488,15,104,2026-06-07,2026-06-10,2026-06-12,15,Cancelled,Laboriosam Product,Clothing,2160.36,3,Sastry and Sons,Haldia,5.45,4.34,104,Delhi Warehouse,338,2026-06-24,,,,,,,,,,,,,,
2489,2,147,2025-05-10,2025-05-12,2025-05-12,228,Delivered,Sed Product,Medical,185.14,8,Gour Ltd,Bhilwara,8.05,3.83,147,Chennai Warehouse,280,2026-06-17,,,,,,,,,,,,,,
2490,3,120,2025-03-03,2025-03-13,2025-03-11,480,In Transit,Magnam Product,Electronics,3329.48,19,"Balan, Virk and Mangal",Bangalore,3.73,4.49,120,Bangalore Warehouse,996,2026-07-07,,,,,,,,,,,,,,
2491,12,136,2026-06-06,2026-06-09,2026-06-08,369,Delayed,Facilis Product,Groceries,4154.63,13,Thakur and Sons,Kanpur,5.83,3.5,136,Bangalore Warehouse,943,2026-07-08,,,,,,,,,,,,,,
2492,5,130,2025-12-01,2025-12-05,2025-12-09,70,Delivered,Rerum Product,Clothing,379.31,9,Chander-Sibal,Kochi,6.81,4.37,130,Bangalore Warehouse,702,2026-06-28,,,,,,,,,,,,,,
2493,7,102,2026-06-26,2026-07-06,2026-07-05,47,Delivered,Molestias Product,Furniture,2262.92,3,Wali PLC,Khandwa,2.76,4.43,102,Chennai Warehouse,835,2026-06-22,384.0,Supplier Delay,Medium,Nihil officiis ex nisi ipsam.,2026-03-25,384.0,Change Transport Route,Rejected,2026-04-15,384.0,Failed,5.0,12305.87,Supplier changed
2494,14,104,2025-04-12,2025-04-17,2025-04-17,69,Delivered,Laboriosam Product,Clothing,2160.36,3,"Bahri, Dugar and Ratti",Kottayam,8.09,4.85,104,Delhi Warehouse,338,2026-06-24,,,,,,,,,,,,,,
2495,20,100,2024-07-25,2024-07-28,2024-07-27,424,Delivered,Fugit Product,Clothing,465.64,12,Chakraborty-Sengupta,Malda,5.0,3.56,100,Bangalore Warehouse,276,2026-06-20,,,,,,,,,,,,,,
2496,14,131,2025-10-16,2025-10-26,2025-10-26,221,In Transit,Nesciunt Product,Furniture,3585.42,1,"Bahri, Dugar and Ratti",Kottayam,8.09,4.85,131,Hyderabad Warehouse,157,2026-06-24,,,,,,,,,,,,,,
2497,9,44,2024-08-03,2024-08-06,2024-08-06,328,Delayed,Voluptatum Product,Groceries,3216.56,15,"Loyal, Varma and Tripathi",Firozabad,9.75,4.64,44,Chennai Warehouse,740,2026-07-04,,,,,,,,,,,,,,
2498,11,23,2024-10-14,2024-10-23,2024-10-28,465,Delivered,Quibusdam Product,Furniture,2588.22,10,Banerjee Group,Alappuzha,8.52,4.3,23,Delhi Warehouse,912,2026-06-19,,,,,,,,,,,,,,
2499,3,125,2026-07-08,2026-07-16,2026-07-17,95,Cancelled,Consectetur Product,Clothing,1221.23,13,"Balan, Virk and Mangal",Bangalore,3.73,4.49,125,Chennai Warehouse,72,2026-06-29,,,,,,,,,,,,,,
2500,10,64,2024-10-29,2024-11-07,2024-11-09,31,Cancelled,Officia Product,Automotive,1852.17,1,"Mitter, Srinivasan and Dixit",Shimoga,1.81,3.9,64,Hyderabad Warehouse,751,2026-06-19,,,,,,,,,,,,,,
2501,20,27,2025-10-06,2025-10-15,2025-10-20,142,In Transit,Vero Product,Furniture,4788.07,19,Chakraborty-Sengupta,Malda,5.0,3.56,27,Delhi Warehouse,91,2026-07-05,,,,,,,,,,,,,,
2502,9,69,2025-01-16,2025-01-26,2025-01-24,194,Delivered,Ipsa Product,Groceries,1707.84,17,"Loyal, Varma and Tripathi",Firozabad,9.75,4.64,69,Mumbai Warehouse,267,2026-07-09,,,,,,,,,,,,,,
2503,19,99,2025-05-24,2025-06-02,2025-06-03,433,In Transit,Quia Product,Furniture,677.17,19,"Nagar, Hari and Chada",Munger,9.42,4.61,99,Hyderabad Warehouse,72,2026-06-26,,,,,,,,,,,,,,
2504,11,115,2026-06-21,2026-07-01,2026-07-05,326,Delivered,Accusamus Product,Clothing,1194.04,7,Banerjee Group,Alappuzha,8.52,4.3,115,Chennai Warehouse,832,2026-06-27,,,,,,,,,,,,,,
2505,1,69,2024-10-21,2024-10-29,2024-10-29,45,Delivered,Ipsa Product,Groceries,1707.84,17,"Balasubramanian, Gara and Memon",Nadiad,5.69,4.88,69,Mumbai Warehouse,267,2026-07-09,,,,,,,,,,,,,,
2506,6,99,2025-11-15,2025-11-18,2025-11-20,341,Cancelled,Quia Product,Furniture,677.17,19,Bhavsar-Sampath,Bangalore,2.52,3.72,99,Hyderabad Warehouse,72,2026-06-26,265.0,Supplier Delay,High,Rerum placeat similique error ipsum vitae.,2026-06-19,265.0,Switch Supplier,Approved,2026-02-05,265.0,Failed,7.0,238.11,Issue resolved successfully
2507,18,137,2025-05-17,2025-05-20,2025-05-19,212,Delayed,Aliquid Product,Medical,3630.8,13,Raju and Sons,Etawah,3.81,4.27,137,Delhi Warehouse,82,2026-07-03,445.0,Port Congestion,High,Error excepturi dolore impedit laborum.,2026-01-28,445.0,Change Transport Route,Approved,2025-10-02,445.0,Partially Resolved,14.0,13930.65,Issue resolved successfully
2508,17,148,2025-06-09,2025-06-18,2025-06-21,54,Cancelled,Saepe Product,Groceries,920.71,10,"Sule, Jaggi and Char",Pallavaram,6.39,3.52,148,Delhi Warehouse,944,2026-06-16,,,,,,,,,,,,,,
2509,2,142,2024-11-16,2024-11-18,2024-11-23,250,Delivered,Dolorum Product,Groceries,1310.64,7,Gour Ltd,Bhilwara,8.05,3.83,142,Mumbai Warehouse,982,2026-07-09,,,,,,,,,,,,,,
2510,1,113,2025-11-08,2025-11-15,2025-11-17,441,Delivered,Placeat Product,Groceries,4202.62,15,"Balasubramanian, Gara and Memon",Nadiad,5.69,4.88,113,Mumbai Warehouse,228,2026-07-12,,,,,,,,,,,,,,
2511,14,54,2026-03-27,2026-04-06,2026-04-10,354,Delayed,Voluptatem Product,Groceries,3641.55,2,"Bahri, Dugar and Ratti",Kottayam,8.09,4.85,54,Chennai Warehouse,842,2026-06-17,164.0,Transport Strike,Low,Molestiae facere fuga exercitationem magnam a.,2025-08-06,164.0,Increase Safety Stock,Approved,2026-04-26,164.0,Pending,10.0,14993.84,Minor delay occurred
2511,14,54,2026-03-27,2026-04-06,2026-04-10,354,Delayed,Voluptatem Product,Groceries,3641.55,2,"Bahri, Dugar and Ratti",Kottayam,8.09,4.85,54,Chennai Warehouse,842,2026-06-17,298.0,Port Congestion,Medium,Provident deserunt officia molestias quaerat tenetur similique labore.,2026-02-06,298.0,Change Transport Route,Approved,2025-12-17,298.0,Pending,7.0,-3039.81,Minor delay occurred
2512,11,73,2025-09-23,2025-09-30,2025-09-30,425,Cancelled,Debitis Product,Furniture,1718.5,11,Banerjee Group,Alappuzha,8.52,4.3,73,Mumbai Warehouse,263,2026-07-09,277.0,Transport Strike,Medium,Neque dicta qui fugit itaque neque.,2026-04-10,277.0,Switch Supplier,Implemented,2026-05-12,277.0,Failed,15.0,-2809.5,Minor delay occurred
2513,13,150,2024-11-02,2024-11-06,2024-11-10,30,In Transit,Harum Product,Furniture,1928.91,14,"Borah, Gill and Varma",Dehri,6.15,3.78,150,Bangalore Warehouse,533,2026-07-09,581.0,Transport Strike,Medium,Quidem minima alias sint.,2025-08-04,581.0,Switch Supplier,Pending,2025-11-12,581.0,Partially Resolved,7.0,5888.56,Minor delay occurred
2514,18,28,2024-08-01,2024-08-11,2024-08-14,44,In Transit,Quidem Product,Groceries,4168.94,2,Raju and Sons,Etawah,3.81,4.27,28,Hyderabad Warehouse,118,2026-06-24,580.0,Machine Failure,Low,Pariatur nobis adipisci repudiandae unde in repellat ipsam.,2026-03-19,580.0,Increase Safety Stock,Approved,2025-07-25,580.0,Partially Resolved,6.0,6503.62,Shipment rerouted
2515,12,94,2026-06-20,2026-06-25,2026-06-24,313,In Transit,Culpa Product,Clothing,4115.37,20,Thakur and Sons,Kanpur,5.83,3.5,94,Delhi Warehouse,329,2026-07-15,,,,,,,,,,,,,,
2516,18,18,2024-08-27,2024-09-05,2024-09-06,212,In Transit,Commodi Product,Electronics,2870.64,11,Raju and Sons,Etawah,3.81,4.27,18,Mumbai Warehouse,611,2026-06-21,,,,,,,,,,,,,,
2517,13,8,2024-09-19,2024-09-24,2024-09-23,483,In Transit,Voluptatem Product,Furniture,3535.61,12,"Borah, Gill and Varma",Dehri,6.15,3.78,8,Chennai Warehouse,686,2026-07-07,,,,,,,,,,,,,,
2518,10,150,2024-11-10,2024-11-17,2024-11-19,188,Delivered,Harum Product,Furniture,1928.91,14,"Mitter, Srinivasan and Dixit",Shimoga,1.81,3.9,150,Bangalore Warehouse,533,2026-07-09,,,,,,,,,,,,,,
2519,15,87,2024-08-23,2024-08-26,2024-08-25,163,In Transit,Vitae Product,Clothing,4295.55,19,Sastry and Sons,Haldia,5.45,4.34,87,Delhi Warehouse,423,2026-06-26,,,,,,,,,,,,,,
2520,2,19,2026-06-10,2026-06-20,2026-06-19,117,In Transit,Officia Product,Electronics,667.17,9,Gour Ltd,Bhilwara,8.05,3.83,19,Bangalore Warehouse,273,2026-06-24,,,,,,,,,,,,,,
2521,11,121,2024-10-03,2024-10-11,2024-10-09,340,Delayed,Veniam Product,Furniture,3093.62,19,Banerjee Group,Alappuzha,8.52,4.3,121,Bangalore Warehouse,683,2026-06-20,,,,,,,,,,,,,,
2522,12,77,2026-03-09,2026-03-16,2026-03-15,116,In Transit,Dolorum Product,Clothing,4786.13,4,Thakur and Sons,Kanpur,5.83,3.5,77,Hyderabad Warehouse,307,2026-07-05,,,,,,,,,,,,,,
2523,18,103,2025-01-03,2025-01-05,2025-01-08,292,Delayed,Sunt Product,Furniture,3330.94,12,Raju and Sons,Etawah,3.81,4.27,103,Chennai Warehouse,485,2026-07-13,,,,,,,,,,,,,,
2524,2,11,2026-01-21,2026-01-30,2026-01-28,195,Cancelled,Ducimus Product,Clothing,2306.22,11,Gour Ltd,Bhilwara,8.05,3.83,11,Delhi Warehouse,137,2026-06-19,,,,,,,,,,,,,,
2525,1,129,2025-03-07,2025-03-17,2025-03-20,499,Cancelled,Repellat Product,Clothing,772.83,16,"Balasubramanian, Gara and Memon",Nadiad,5.69,4.88,129,Bangalore Warehouse,81,2026-07-01,,,,,,,,,,,,,,
2526,13,101,2026-06-15,2026-06-25,2026-06-27,69,Delivered,Delectus Product,Automotive,1333.96,11,"Borah, Gill and Varma",Dehri,6.15,3.78,101,Bangalore Warehouse,654,2026-06-16,,,,,,,,,,,,,,
2527,4,23,2024-08-14,2024-08-19,2024-08-22,219,Cancelled,Quibusdam Product,Furniture,2588.22,10,Rajagopal-Jayaraman,Jalna,1.0,3.51,23,Delhi Warehouse,912,2026-06-19,,,,,,,,,,,,,,
2528,6,87,2024-07-25,2024-07-27,2024-07-31,153,In Transit,Vitae Product,Clothing,4295.55,19,Bhavsar-Sampath,Bangalore,2.52,3.72,87,Delhi Warehouse,423,2026-06-26,,,,,,,,,,,,,,
2529,15,70,2026-01-05,2026-01-12,2026-01-15,269,In Transit,Excepturi Product,Automotive,4641.9,16,Sastry and Sons,Haldia,5.45,4.34,70,Bangalore Warehouse,802,2026-06-20,,,,,,,,,,,,,,
2530,5,66,2026-01-02,2026-01-12,2026-01-11,365,Cancelled,Quas Product,Groceries,4225.31,19,Chander-Sibal,Kochi,6.81,4.37,66,Bangalore Warehouse,853,2026-06-19,75.0,Port Congestion,High,Labore explicabo odio accusantium velit quae.,2026-03-07,75.0,Expedite Shipment,Rejected,2025-12-08,75.0,Resolved,10.0,2341.41,Issue resolved successfully
2531,19,82,2026-06-15,2026-06-22,2026-06-23,11,Cancelled,Unde Product,Electronics,3347.22,1,"Nagar, Hari and Chada",Munger,9.42,4.61,82,Hyderabad Warehouse,481,2026-07-04,,,,,,,,,,,,,,
2532,8,134,2026-06-04,2026-06-06,2026-06-07,374,Delayed,Eligendi Product,Automotive,3447.14,10,Hans-Bir,Siliguri,2.43,4.68,134,Hyderabad Warehouse,699,2026-07-02,,,,,,,,,,,,,,
2533,8,121,2025-02-11,2025-02-21,2025-02-25,375,Delivered,Veniam Product,Furniture,3093.62,19,Hans-Bir,Siliguri,2.43,4.68,121,Bangalore Warehouse,683,2026-06-20,,,,,,,,,,,,,,
2534,18,83,2024-08-24,2024-09-01,2024-09-04,192,In Transit,Deserunt Product,Automotive,990.39,6,Raju and Sons,Etawah,3.81,4.27,83,Delhi Warehouse,294,2026-07-15,,,,,,,,,,,,,,
2535,18,103,2025-09-24,2025-10-04,2025-10-08,130,Delayed,Sunt Product,Furniture,3330.94,12,Raju and Sons,Etawah,3.81,4.27,103,Chennai Warehouse,485,2026-07-13,,,,,,,,,,,,,,
2536,12,1,2024-09-29,2024-10-09,2024-10-11,493,Delivered,Sint Product,Clothing,2204.33,20,Thakur and Sons,Kanpur,5.83,3.5,1,Mumbai Warehouse,324,2026-07-01,,,,,,,,,,,,,,
2537,5,41,2026-01-04,2026-01-07,2026-01-08,121,Cancelled,Architecto Product,Furniture,1703.5,1,Chander-Sibal,Kochi,6.81,4.37,41,Hyderabad Warehouse,681,2026-06-26,,,,,,,,,,,,,,
2538,8,12,2025-06-15,2025-06-20,2025-06-22,222,Delivered,Fugit Product,Clothing,1357.85,15,Hans-Bir,Siliguri,2.43,4.68,12,Hyderabad Warehouse,878,2026-06-22,,,,,,,,,,,,,,
2539,20,51,2026-01-14,2026-01-21,2026-01-19,370,In Transit,Corrupti Product,Medical,1864.29,15,Chakraborty-Sengupta,Malda,5.0,3.56,51,Chennai Warehouse,926,2026-07-02,,,,,,,,,,,,,,
2540,10,88,2024-08-24,2024-09-03,2024-09-05,487,Delivered,Ab Product,Medical,441.59,19,"Mitter, Srinivasan and Dixit",Shimoga,1.81,3.9,88,Bangalore Warehouse,70,2026-07-10,,,,,,,,,,,,,,
2541,7,15,2025-02-15,2025-02-23,2025-02-21,408,Delayed,Dolore Product,Automotive,1024.49,5,Wali PLC,Khandwa,2.76,4.43,15,Chennai Warehouse,343,2026-07-02,,,,,,,,,,,,,,
2542,4,137,2025-09-20,2025-09-29,2025-10-02,312,Delivered,Aliquid Product,Medical,3630.8,13,Rajagopal-Jayaraman,Jalna,1.0,3.51,137,Delhi Warehouse,82,2026-07-03,,,,,,,,,,,,,,
2543,2,46,2024-11-04,2024-11-13,2024-11-16,422,In Transit,Impedit Product,Electronics,1574.36,7,Gour Ltd,Bhilwara,8.05,3.83,46,Chennai Warehouse,372,2026-06-23,,,,,,,,,,,,,,
2544,3,70,2024-10-07,2024-10-14,2024-10-13,35,Cancelled,Excepturi Product,Automotive,4641.9,16,"Balan, Virk and Mangal",Bangalore,3.73,4.49,70,Bangalore Warehouse,802,2026-06-20,566.0,Traffic,Medium,Vel nulla inventore.,2025-09-16,566.0,Expedite Shipment,Pending,2025-10-04,566.0,Resolved,8.0,-2989.65,Supplier changed
2545,10,2,2025-01-17,2025-01-22,2025-01-24,91,Delayed,Veniam Product,Furniture,880.89,5,"Mitter, Srinivasan and Dixit",Shimoga,1.81,3.9,2,Delhi Warehouse,824,2026-06-22,,,,,,,,,,,,,,
2546,5,66,2025-01-30,2025-02-08,2025-02-11,362,Delayed,Quas Product,Groceries,4225.31,19,Chander-Sibal,Kochi,6.81,4.37,66,Bangalore Warehouse,853,2026-06-19,,,,,,,,,,,,,,
2547,5,104,2026-04-05,2026-04-14,2026-04-16,71,Delayed,Laboriosam Product,Clothing,2160.36,3,Chander-Sibal,Kochi,6.81,4.37,104,Delhi Warehouse,338,2026-06-24,480.0,Supplier Delay,Medium,Saepe molestias placeat blanditiis eveniet optio.,2026-05-10,480.0,Increase Safety Stock,Approved,2025-09-18,480.0,Failed,1.0,9828.03,Issue resolved successfully
2548,19,13,2025-06-11,2025-06-20,2025-06-20,348,In Transit,Reiciendis Product,Automotive,3971.98,6,"Nagar, Hari and Chada",Munger,9.42,4.61,13,Mumbai Warehouse,352,2026-07-10,,,,,,,,,,,,,,
2549,10,67,2026-01-02,2026-01-07,2026-01-06,313,Cancelled,Omnis Product,Clothing,1337.97,5,"Mitter, Srinivasan and Dixit",Shimoga,1.81,3.9,67,Hyderabad Warehouse,994,2026-06-29,,,,,,,,,,,,,,
2550,5,138,2025-07-17,2025-07-26,2025-07-29,318,Delayed,Commodi Product,Groceries,4831.21,4,Chander-Sibal,Kochi,6.81,4.37,138,Bangalore Warehouse,589,2026-06-20,,,,,,,,,,,,,,
2551,9,8,2024-12-24,2024-12-30,2025-01-01,317,Delayed,Voluptatem Product,Furniture,3535.61,12,"Loyal, Varma and Tripathi",Firozabad,9.75,4.64,8,Chennai Warehouse,686,2026-07-07,,,,,,,,,,,,,,
2552,5,56,2025-06-04,2025-06-08,2025-06-11,469,In Transit,Error Product,Electronics,333.18,11,Chander-Sibal,Kochi,6.81,4.37,56,Chennai Warehouse,777,2026-07-07,,,,,,,,,,,,,,
2553,6,10,2026-04-11,2026-04-21,2026-04-20,127,Delayed,Ratione Product,Medical,834.09,9,Bhavsar-Sampath,Bangalore,2.52,3.72,10,Hyderabad Warehouse,815,2026-07-09,,,,,,,,,,,,,,
2554,4,61,2025-10-14,2025-10-18,2025-10-16,329,Delivered,Eveniet Product,Furniture,3258.29,8,Rajagopal-Jayaraman,Jalna,1.0,3.51,61,Mumbai Warehouse,725,2026-06-20,,,,,,,,,,,,,,
2555,19,21,2026-02-22,2026-03-01,2026-02-28,456,Delayed,Animi Product,Automotive,3616.57,8,"Nagar, Hari and Chada",Munger,9.42,4.61,21,Delhi Warehouse,666,2026-06-27,506.0,Weather,Medium,Sunt accusamus fugiat rem natus ipsam officiis.,2026-06-05,506.0,Switch Supplier,Implemented,2025-08-04,506.0,Pending,6.0,12892.11,Minor delay occurred
2556,20,94,2025-09-13,2025-09-23,2025-09-23,139,Delivered,Culpa Product,Clothing,4115.37,20,Chakraborty-Sengupta,Malda,5.0,3.56,94,Delhi Warehouse,329,2026-07-15,,,,,,,,,,,,,,
2557,16,43,2025-08-05,2025-08-07,2025-08-10,183,Cancelled,Exercitationem Product,Furniture,2754.15,12,Handa-Manda,Vijayanagaram,8.66,4.77,43,Delhi Warehouse,560,2026-06-21,,,,,,,,,,,,,,
2558,8,59,2025-11-17,2025-11-21,2025-11-25,264,In Transit,Omnis Product,Electronics,2194.29,10,Hans-Bir,Siliguri,2.43,4.68,59,Chennai Warehouse,265,2026-07-01,,,,,,,,,,,,,,
2559,14,35,2025-11-18,2025-11-26,2025-11-24,443,Delivered,Dolores Product,Electronics,4034.14,20,"Bahri, Dugar and Ratti",Kottayam,8.09,4.85,35,Chennai Warehouse,804,2026-07-11,569.0,Weather,Medium,Inventore laboriosam sapiente repellendus.,2025-08-22,569.0,Switch Supplier,Approved,2026-01-02,569.0,Failed,7.0,2799.43,Shipment rerouted
2560,13,16,2025-05-10,2025-05-14,2025-05-14,298,In Transit,Vel Product,Medical,4239.68,2,"Borah, Gill and Varma",Dehri,6.15,3.78,16,Hyderabad Warehouse,928,2026-07-01,,,,,,,,,,,,,,
2561,19,16,2025-12-09,2025-12-13,2025-12-15,301,Cancelled,Vel Product,Medical,4239.68,2,"Nagar, Hari and Chada",Munger,9.42,4.61,16,Hyderabad Warehouse,928,2026-07-01,477.0,Traffic,High,Sit voluptate voluptate culpa commodi sequi optio.,2025-09-23,477.0,Increase Safety Stock,Rejected,2025-09-21,477.0,Resolved,7.0,14620.15,Minor delay occurred
2562,19,72,2026-01-20,2026-01-26,2026-01-26,451,In Transit,Fuga Product,Groceries,160.42,9,"Nagar, Hari and Chada",Munger,9.42,4.61,72,Chennai Warehouse,359,2026-07-11,,,,,,,,,,,,,,
2563,1,1,2025-04-13,2025-04-21,2025-04-24,282,In Transit,Sint Product,Clothing,2204.33,20,"Balasubramanian, Gara and Memon",Nadiad,5.69,4.88,1,Mumbai Warehouse,324,2026-07-01,,,,,,,,,,,,,,
2564,17,27,2025-04-17,2025-04-26,2025-04-28,143,Delayed,Vero Product,Furniture,4788.07,19,"Sule, Jaggi and Char",Pallavaram,6.39,3.52,27,Delhi Warehouse,91,2026-07-05,,,,,,,,,,,,,,
2565,13,90,2025-12-14,2025-12-21,2025-12-22,287,Delivered,Quo Product,Electronics,4661.14,19,"Borah, Gill and Varma",Dehri,6.15,3.78,90,Delhi Warehouse,466,2026-06-28,234.0,Supplier Delay,High,Fugiat incidunt nobis eligendi eius ad.,2025-11-23,234.0,Expedite Shipment,Implemented,2025-12-18,234.0,Pending,10.0,-2175.14,Cost increased
2566,5,131,2024-12-17,2024-12-21,2024-12-19,236,In Transit,Nesciunt Product,Furniture,3585.42,1,Chander-Sibal,Kochi,6.81,4.37,131,Hyderabad Warehouse,157,2026-06-24,,,,,,,,,,,,,,
2567,2,81,2024-10-03,2024-10-12,2024-10-12,158,Cancelled,Voluptatibus Product,Automotive,1958.75,1,Gour Ltd,Bhilwara,8.05,3.83,81,Chennai Warehouse,875,2026-06-17,,,,,,,,,,,,,,
2568,5,82,2025-01-31,2025-02-07,2025-02-08,332,Delayed,Unde Product,Electronics,3347.22,1,Chander-Sibal,Kochi,6.81,4.37,82,Hyderabad Warehouse,481,2026-07-04,,,,,,,,,,,,,,
2569,19,128,2025-02-08,2025-02-12,2025-02-14,168,Cancelled,Non Product,Clothing,4746.22,5,"Nagar, Hari and Chada",Munger,9.42,4.61,128,Hyderabad Warehouse,464,2026-06-23,,,,,,,,,,,,,,
2570,19,102,2026-04-10,2026-04-18,2026-04-17,440,Delivered,Molestias Product,Furniture,2262.92,3,"Nagar, Hari and Chada",Munger,9.42,4.61,102,Chennai Warehouse,835,2026-06-22,,,,,,,,,,,,,,
2571,9,45,2024-10-05,2024-10-10,2024-10-09,68,Delivered,Nobis Product,Medical,164.54,6,"Loyal, Varma and Tripathi",Firozabad,9.75,4.64,45,Bangalore Warehouse,567,2026-07-04,,,,,,,,,,,,,,
2572,19,114,2025-05-27,2025-05-30,2025-05-28,44,Delayed,Dicta Product,Clothing,1943.15,20,"Nagar, Hari and Chada",Munger,9.42,4.61,114,Hyderabad Warehouse,822,2026-07-08,,,,,,,,,,,,,,
2573,1,44,2025-09-19,2025-09-22,2025-09-21,90,In Transit,Voluptatum Product,Groceries,3216.56,15,"Balasubramanian, Gara and Memon",Nadiad,5.69,4.88,44,Chennai Warehouse,740,2026-07-04,,,,,,,,,,,,,,
2574,14,73,2025-01-11,2025-01-14,2025-01-16,228,In Transit,Debitis Product,Furniture,1718.5,11,"Bahri, Dugar and Ratti",Kottayam,8.09,4.85,73,Mumbai Warehouse,263,2026-07-09,,,,,,,,,,,,,,
2575,16,63,2025-06-10,2025-06-16,2025-06-15,279,Delivered,Minus Product,Electronics,1218.88,8,Handa-Manda,Vijayanagaram,8.66,4.77,63,Hyderabad Warehouse,518,2026-06-17,,,,,,,,,,,,,,
2576,1,71,2026-01-08,2026-01-15,2026-01-18,164,In Transit,Aperiam Product,Clothing,4446.27,15,"Balasubramanian, Gara and Memon",Nadiad,5.69,4.88,71,Delhi Warehouse,179,2026-07-05,249.0,Supplier Delay,Low,Cum repudiandae rem.,2026-06-13,249.0,Increase Safety Stock,Implemented,2025-11-10,249.0,Partially Resolved,9.0,5710.81,Cost increased
2577,7,114,2025-08-13,2025-08-19,2025-08-20,151,Delayed,Dicta Product,Clothing,1943.15,20,Wali PLC,Khandwa,2.76,4.43,114,Hyderabad Warehouse,822,2026-07-08,,,,,,,,,,,,,,
2578,9,98,2025-06-06,2025-06-08,2025-06-06,359,Delivered,Quae Product,Clothing,2022.11,14,"Loyal, Varma and Tripathi",Firozabad,9.75,4.64,98,Hyderabad Warehouse,832,2026-07-05,,,,,,,,,,,,,,
2579,10,117,2026-06-26,2026-07-06,2026-07-05,406,Cancelled,Quisquam Product,Medical,1461.86,8,"Mitter, Srinivasan and Dixit",Shimoga,1.81,3.9,117,Hyderabad Warehouse,793,2026-06-16,,,,,,,,,,,,,,
2580,9,63,2025-02-10,2025-02-19,2025-02-18,168,Delayed,Minus Product,Electronics,1218.88,8,"Loyal, Varma and Tripathi",Firozabad,9.75,4.64,63,Hyderabad Warehouse,518,2026-06-17,,,,,,,,,,,,,,
2581,18,106,2024-10-13,2024-10-21,2024-10-19,84,Cancelled,Officiis Product,Clothing,3586.71,17,Raju and Sons,Etawah,3.81,4.27,106,Delhi Warehouse,595,2026-06-23,,,,,,,,,,,,,,
2582,3,53,2025-11-23,2025-11-29,2025-11-29,126,Delivered,Ea Product,Clothing,3005.08,10,"Balan, Virk and Mangal",Bangalore,3.73,4.49,53,Delhi Warehouse,480,2026-06-28,,,,,,,,,,,,,,
2583,1,69,2025-10-10,2025-10-15,2025-10-14,23,Cancelled,Ipsa Product,Groceries,1707.84,17,"Balasubramanian, Gara and Memon",Nadiad,5.69,4.88,69,Mumbai Warehouse,267,2026-07-09,,,,,,,,,,,,,,
2584,13,136,2026-01-17,2026-01-23,2026-01-26,324,Delivered,Facilis Product,Groceries,4154.63,13,"Borah, Gill and Varma",Dehri,6.15,3.78,136,Bangalore Warehouse,943,2026-07-08,391.0,Transport Strike,Low,Vitae ducimus iusto veritatis eaque praesentium eveniet.,2026-04-16,391.0,Increase Safety Stock,Approved,2025-09-20,391.0,Resolved,4.0,4643.77,Minor delay occurred
2585,3,33,2025-01-12,2025-01-16,2025-01-15,228,Cancelled,Facere Product,Medical,1997.29,4,"Balan, Virk and Mangal",Bangalore,3.73,4.49,33,Delhi Warehouse,549,2026-07-12,,,,,,,,,,,,,,
2586,18,102,2025-12-09,2025-12-18,2025-12-21,298,Delayed,Molestias Product,Furniture,2262.92,3,Raju and Sons,Etawah,3.81,4.27,102,Chennai Warehouse,835,2026-06-22,,,,,,,,,,,,,,
2587,7,89,2026-04-26,2026-05-02,2026-05-04,287,In Transit,Fugiat Product,Electronics,4524.8,7,Wali PLC,Khandwa,2.76,4.43,89,Bangalore Warehouse,597,2026-06-18,,,,,,,,,,,,,,
2588,12,72,2025-06-28,2025-07-03,2025-07-07,338,Cancelled,Fuga Product,Groceries,160.42,9,Thakur and Sons,Kanpur,5.83,3.5,72,Chennai Warehouse,359,2026-07-11,,,,,,,,,,,,,,
2589,13,104,2026-03-10,2026-03-16,2026-03-17,56,Delivered,Laboriosam Product,Clothing,2160.36,3,"Borah, Gill and Varma",Dehri,6.15,3.78,104,Delhi Warehouse,338,2026-06-24,,,,,,,,,,,,,,
2590,17,52,2025-08-01,2025-08-08,2025-08-13,132,Cancelled,Architecto Product,Medical,1642.77,20,"Sule, Jaggi and Char",Pallavaram,6.39,3.52,52,Mumbai Warehouse,918,2026-06-30,,,,,,,,,,,,,,
2591,13,59,2025-06-20,2025-06-28,2025-06-30,462,In Transit,Omnis Product,Electronics,2194.29,10,"Borah, Gill and Varma",Dehri,6.15,3.78,59,Chennai Warehouse,265,2026-07-01,,,,,,,,,,,,,,
2592,2,73,2025-09-05,2025-09-11,2025-09-16,55,Cancelled,Debitis Product,Furniture,1718.5,11,Gour Ltd,Bhilwara,8.05,3.83,73,Mumbai Warehouse,263,2026-07-09,,,,,,,,,,,,,,
2593,19,93,2026-01-13,2026-01-20,2026-01-23,246,Delayed,Nemo Product,Automotive,3838.07,10,"Nagar, Hari and Chada",Munger,9.42,4.61,93,Mumbai Warehouse,413,2026-06-19,413.0,Weather,High,Nisi repellat quas nihil ullam porro repellat.,2026-01-23,413.0,Expedite Shipment,Pending,2025-10-09,413.0,Pending,15.0,3924.67,Supplier changed
2594,6,62,2026-03-06,2026-03-11,2026-03-16,445,Cancelled,Officiis Product,Medical,3477.18,12,Bhavsar-Sampath,Bangalore,2.52,3.72,62,Chennai Warehouse,668,2026-07-05,,,,,,,,,,,,,,
2595,3,43,2024-07-16,2024-07-19,2024-07-19,121,Delayed,Exercitationem Product,Furniture,2754.15,12,"Balan, Virk and Mangal",Bangalore,3.73,4.49,43,Delhi Warehouse,560,2026-06-21,,,,,,,,,,,,,,
2596,20,110,2025-10-30,2025-11-02,2025-11-04,192,Delayed,Assumenda Product,Furniture,4904.71,9,Chakraborty-Sengupta,Malda,5.0,3.56,110,Chennai Warehouse,817,2026-06-23,,,,,,,,,,,,,,
2597,5,136,2025-07-19,2025-07-28,2025-07-29,462,In Transit,Facilis Product,Groceries,4154.63,13,Chander-Sibal,Kochi,6.81,4.37,136,Bangalore Warehouse,943,2026-07-08,,,,,,,,,,,,,,
2598,4,44,2024-08-30,2024-09-02,2024-09-03,144,Delayed,Voluptatum Product,Groceries,3216.56,15,Rajagopal-Jayaraman,Jalna,1.0,3.51,44,Chennai Warehouse,740,2026-07-04,,,,,,,,,,,,,,
2599,20,69,2025-08-23,2025-08-27,2025-08-29,492,Delivered,Ipsa Product,Groceries,1707.84,17,Chakraborty-Sengupta,Malda,5.0,3.56,69,Mumbai Warehouse,267,2026-07-09,,,,,,,,,,,,,,
2600,12,81,2024-09-18,2024-09-27,2024-10-01,81,Delivered,Voluptatibus Product,Automotive,1958.75,1,Thakur and Sons,Kanpur,5.83,3.5,81,Chennai Warehouse,875,2026-06-17,,,,,,,,,,,,,,
2601,19,120,2025-07-02,2025-07-09,2025-07-12,273,In Transit,Magnam Product,Electronics,3329.48,19,"Nagar, Hari and Chada",Munger,9.42,4.61,120,Bangalore Warehouse,996,2026-07-07,,,,,,,,,,,,,,
2602,8,23,2025-08-10,2025-08-20,2025-08-18,157,Delivered,Quibusdam Product,Furniture,2588.22,10,Hans-Bir,Siliguri,2.43,4.68,23,Delhi Warehouse,912,2026-06-19,,,,,,,,,,,,,,
2603,8,143,2025-01-14,2025-01-19,2025-01-24,392,In Transit,Exercitationem Product,Furniture,2333.4,6,Hans-Bir,Siliguri,2.43,4.68,143,Hyderabad Warehouse,191,2026-07-12,,,,,,,,,,,,,,
2604,15,9,2025-10-28,2025-11-04,2025-11-06,99,Delivered,Alias Product,Groceries,1305.18,16,Sastry and Sons,Haldia,5.45,4.34,9,Mumbai Warehouse,917,2026-07-04,,,,,,,,,,,,,,
2605,16,56,2025-12-22,2025-12-24,2025-12-24,404,Delivered,Error Product,Electronics,333.18,11,Handa-Manda,Vijayanagaram,8.66,4.77,56,Chennai Warehouse,777,2026-07-07,,,,,,,,,,,,,,
2606,2,110,2025-01-25,2025-01-29,2025-01-30,216,In Transit,Assumenda Product,Furniture,4904.71,9,Gour Ltd,Bhilwara,8.05,3.83,110,Chennai Warehouse,817,2026-06-23,,,,,,,,,,,,,,
2607,15,22,2024-09-08,2024-09-11,2024-09-15,489,In Transit,Amet Product,Furniture,1453.32,6,Sastry and Sons,Haldia,5.45,4.34,22,Delhi Warehouse,386,2026-07-10,,,,,,,,,,,,,,
2608,1,31,2024-10-04,2024-10-14,2024-10-12,121,In Transit,Non Product,Groceries,4067.09,17,"Balasubramanian, Gara and Memon",Nadiad,5.69,4.88,31,Mumbai Warehouse,995,2026-06-28,,,,,,,,,,,,,,
2609,17,127,2024-11-25,2024-12-05,2024-12-08,150,In Transit,Eum Product,Automotive,1710.79,7,"Sule, Jaggi and Char",Pallavaram,6.39,3.52,127,Delhi Warehouse,588,2026-07-12,,,,,,,,,,,,,,
2610,19,108,2025-10-30,2025-11-02,2025-11-07,134,Delivered,Debitis Product,Automotive,3133.95,9,"Nagar, Hari and Chada",Munger,9.42,4.61,108,Hyderabad Warehouse,767,2026-07-07,475.0,Transport Strike,High,Maxime suscipit labore a numquam molestiae mollitia.,2026-05-05,475.0,Change Transport Route,Approved,2026-04-22,475.0,Failed,10.0,9196.45,Supplier changed
2611,12,59,2024-09-06,2024-09-16,2024-09-18,255,Delayed,Omnis Product,Electronics,2194.29,10,Thakur and Sons,Kanpur,5.83,3.5,59,Chennai Warehouse,265,2026-07-01,,,,,,,,,,,,,,
2612,16,108,2024-07-26,2024-07-31,2024-07-29,322,In Transit,Debitis Product,Automotive,3133.95,9,Handa-Manda,Vijayanagaram,8.66,4.77,108,Hyderabad Warehouse,767,2026-07-07,,,,,,,,,,,,,,
2613,7,19,2026-01-31,2026-02-05,2026-02-05,436,In Transit,Officia Product,Electronics,667.17,9,Wali PLC,Khandwa,2.76,4.43,19,Bangalore Warehouse,273,2026-06-24,,,,,,,,,,,,,,
2614,2,97,2024-10-21,2024-10-31,2024-10-31,300,Delayed,Id Product,Electronics,4003.94,12,Gour Ltd,Bhilwara,8.05,3.83,97,Bangalore Warehouse,353,2026-07-08,,,,,,,,,,,,,,
2615,18,79,2026-05-03,2026-05-06,2026-05-09,167,Delivered,Officiis Product,Automotive,3036.4,6,Raju and Sons,Etawah,3.81,4.27,79,Bangalore Warehouse,898,2026-06-30,,,,,,,,,,,,,,
2616,9,100,2026-03-18,2026-03-23,2026-03-24,136,Delivered,Fugit Product,Clothing,465.64,12,"Loyal, Varma and Tripathi",Firozabad,9.75,4.64,100,Bangalore Warehouse,276,2026-06-20,,,,,,,,,,,,,,
2617,12,98,2026-05-10,2026-05-19,2026-05-18,191,Delayed,Quae Product,Clothing,2022.11,14,Thakur and Sons,Kanpur,5.83,3.5,98,Hyderabad Warehouse,832,2026-07-05,,,,,,,,,,,,,,
2618,19,111,2024-11-06,2024-11-14,2024-11-18,384,Cancelled,Quaerat Product,Clothing,218.68,3,"Nagar, Hari and Chada",Munger,9.42,4.61,111,Hyderabad Warehouse,662,2026-07-13,283.0,Supplier Delay,Medium,Aliquam corporis quod sapiente aperiam dolorem.,2025-11-10,283.0,Increase Safety Stock,Approved,2026-04-22,283.0,Partially Resolved,12.0,2091.15,Issue resolved successfully
2619,19,47,2025-03-28,2025-04-02,2025-04-01,280,Delivered,Impedit Product,Clothing,4282.54,1,"Nagar, Hari and Chada",Munger,9.42,4.61,47,Chennai Warehouse,913,2026-06-30,,,,,,,,,,,,,,
2620,13,79,2025-05-22,2025-05-24,2025-05-29,364,In Transit,Officiis Product,Automotive,3036.4,6,"Borah, Gill and Varma",Dehri,6.15,3.78,79,Bangalore Warehouse,898,2026-06-30,,,,,,,,,,,,,,
2621,20,121,2024-08-30,2024-09-05,2024-09-09,101,In Transit,Veniam Product,Furniture,3093.62,19,Chakraborty-Sengupta,Malda,5.0,3.56,121,Bangalore Warehouse,683,2026-06-20,,,,,,,,,,,,,,
2622,2,141,2026-02-04,2026-02-08,2026-02-10,79,Delayed,Provident Product,Automotive,4798.63,6,Gour Ltd,Bhilwara,8.05,3.83,141,Delhi Warehouse,291,2026-07-10,,,,,,,,,,,,,,
2623,19,111,2025-10-11,2025-10-13,2025-10-16,303,Delivered,Quaerat Product,Clothing,218.68,3,"Nagar, Hari and Chada",Munger,9.42,4.61,111,Hyderabad Warehouse,662,2026-07-13,,,,,,,,,,,,,,
2624,5,112,2025-03-24,2025-04-02,2025-04-01,384,In Transit,Modi Product,Electronics,2985.26,19,Chander-Sibal,Kochi,6.81,4.37,112,Bangalore Warehouse,212,2026-06-25,,,,,,,,,,,,,,
2625,14,130,2025-08-26,2025-09-03,2025-09-08,155,Delayed,Rerum Product,Clothing,379.31,9,"Bahri, Dugar and Ratti",Kottayam,8.09,4.85,130,Bangalore Warehouse,702,2026-06-28,72.0,Machine Failure,High,Soluta ea doloribus illum.,2025-12-03,72.0,Increase Safety Stock,Rejected,2026-05-27,72.0,Partially Resolved,9.0,4756.78,Supplier changed
2626,19,101,2026-01-07,2026-01-15,2026-01-20,95,Cancelled,Delectus Product,Automotive,1333.96,11,"Nagar, Hari and Chada",Munger,9.42,4.61,101,Bangalore Warehouse,654,2026-06-16,,,,,,,,,,,,,,
2627,1,86,2024-10-20,2024-10-27,2024-10-30,498,Cancelled,Aliquam Product,Electronics,2475.27,3,"Balasubramanian, Gara and Memon",Nadiad,5.69,4.88,86,Mumbai Warehouse,687,2026-06-23,,,,,,,,,,,,,,
2628,17,70,2026-04-13,2026-04-15,2026-04-16,99,Delayed,Excepturi Product,Automotive,4641.9,16,"Sule, Jaggi and Char",Pallavaram,6.39,3.52,70,Bangalore Warehouse,802,2026-06-20,,,,,,,,,,,,,,
2629,6,120,2025-03-13,2025-03-21,2025-03-26,62,Delivered,Magnam Product,Electronics,3329.48,19,Bhavsar-Sampath,Bangalore,2.52,3.72,120,Bangalore Warehouse,996,2026-07-07,183.0,Machine Failure,Low,Tempora cum cumque sunt ullam.,2026-03-02,183.0,Change Transport Route,Approved,2025-09-05,183.0,Partially Resolved,0.0,70.48,Shipment rerouted
2630,1,132,2026-06-25,2026-06-30,2026-07-04,200,Delivered,Quisquam Product,Groceries,1498.72,7,"Balasubramanian, Gara and Memon",Nadiad,5.69,4.88,132,Mumbai Warehouse,860,2026-07-05,,,,,,,,,,,,,,
2631,10,110,2025-11-06,2025-11-13,2025-11-11,12,Delayed,Assumenda Product,Furniture,4904.71,9,"Mitter, Srinivasan and Dixit",Shimoga,1.81,3.9,110,Chennai Warehouse,817,2026-06-23,,,,,,,,,,,,,,
2632,11,89,2025-12-30,2026-01-05,2026-01-08,201,In Transit,Fugiat Product,Electronics,4524.8,7,Banerjee Group,Alappuzha,8.52,4.3,89,Bangalore Warehouse,597,2026-06-18,,,,,,,,,,,,,,
2633,19,54,2025-12-04,2025-12-13,2025-12-16,374,Delivered,Voluptatem Product,Groceries,3641.55,2,"Nagar, Hari and Chada",Munger,9.42,4.61,54,Chennai Warehouse,842,2026-06-17,,,,,,,,,,,,,,
2634,1,74,2025-12-05,2025-12-13,2025-12-13,445,Delayed,Cum Product,Clothing,3762.37,5,"Balasubramanian, Gara and Memon",Nadiad,5.69,4.88,74,Hyderabad Warehouse,592,2026-06-21,,,,,,,,,,,,,,
2635,6,57,2026-06-22,2026-06-24,2026-06-23,92,In Transit,Distinctio Product,Automotive,863.84,19,Bhavsar-Sampath,Bangalore,2.52,3.72,57,Hyderabad Warehouse,848,2026-06-28,,,,,,,,,,,,,,
2636,13,5,2024-11-17,2024-11-26,2024-11-26,476,Delivered,Occaecati Product,Medical,1257.97,15,"Borah, Gill and Varma",Dehri,6.15,3.78,5,Hyderabad Warehouse,892,2026-07-08,,,,,,,,,,,,,,
2637,3,20,2026-01-22,2026-01-31,2026-02-04,333,In Transit,Laborum Product,Electronics,563.85,5,"Balan, Virk and Mangal",Bangalore,3.73,4.49,20,Bangalore Warehouse,426,2026-07-15,,,,,,,,,,,,,,
2638,7,131,2024-07-21,2024-07-29,2024-07-30,469,Delivered,Nesciunt Product,Furniture,3585.42,1,Wali PLC,Khandwa,2.76,4.43,131,Hyderabad Warehouse,157,2026-06-24,484.0,Traffic,Low,Optio aliquid accusantium odio.,2026-05-15,484.0,Increase Safety Stock,Implemented,2026-06-21,484.0,Resolved,5.0,10924.19,Issue resolved successfully
2639,6,106,2025-01-23,2025-01-25,2025-01-25,265,Delayed,Officiis Product,Clothing,3586.71,17,Bhavsar-Sampath,Bangalore,2.52,3.72,106,Delhi Warehouse,595,2026-06-23,442.0,Transport Strike,Medium,Sequi dolorum enim vero dolor quisquam quae.,2026-05-20,442.0,Increase Safety Stock,Rejected,2026-06-02,442.0,Pending,11.0,13460.2,Minor delay occurred
2640,2,149,2025-12-20,2025-12-30,2025-12-28,235,In Transit,Asperiores Product,Groceries,2199.52,9,Gour Ltd,Bhilwara,8.05,3.83,149,Chennai Warehouse,331,2026-07-13,,,,,,,,,,,,,,
2641,16,53,2025-09-11,2025-09-20,2025-09-21,302,Delayed,Ea Product,Clothing,3005.08,10,Handa-Manda,Vijayanagaram,8.66,4.77,53,Delhi Warehouse,480,2026-06-28,,,,,,,,,,,,,,
2642,5,57,2024-10-16,2024-10-26,2024-10-24,58,Delayed,Distinctio Product,Automotive,863.84,19,Chander-Sibal,Kochi,6.81,4.37,57,Hyderabad Warehouse,848,2026-06-28,,,,,,,,,,,,,,
2643,13,57,2025-07-23,2025-08-01,2025-07-30,136,In Transit,Distinctio Product,Automotive,863.84,19,"Borah, Gill and Varma",Dehri,6.15,3.78,57,Hyderabad Warehouse,848,2026-06-28,,,,,,,,,,,,,,
2644,7,147,2025-04-22,2025-04-26,2025-04-27,308,In Transit,Sed Product,Medical,185.14,8,Wali PLC,Khandwa,2.76,4.43,147,Chennai Warehouse,280,2026-06-17,,,,,,,,,,,,,,
2645,14,70,2025-03-03,2025-03-11,2025-03-14,354,Cancelled,Excepturi Product,Automotive,4641.9,16,"Bahri, Dugar and Ratti",Kottayam,8.09,4.85,70,Bangalore Warehouse,802,2026-06-20,,,,,,,,,,,,,,
2646,6,19,2026-06-23,2026-06-30,2026-07-01,65,Cancelled,Officia Product,Electronics,667.17,9,Bhavsar-Sampath,Bangalore,2.52,3.72,19,Bangalore Warehouse,273,2026-06-24,,,,,,,,,,,,,,
2647,20,74,2025-01-15,2025-01-22,2025-01-25,329,Delivered,Cum Product,Clothing,3762.37,5,Chakraborty-Sengupta,Malda,5.0,3.56,74,Hyderabad Warehouse,592,2026-06-21,,,,,,,,,,,,,,
2648,7,129,2024-08-28,2024-09-04,2024-09-03,125,Cancelled,Repellat Product,Clothing,772.83,16,Wali PLC,Khandwa,2.76,4.43,129,Bangalore Warehouse,81,2026-07-01,,,,,,,,,,,,,,
2649,6,95,2024-12-16,2024-12-19,2024-12-18,373,In Transit,Temporibus Product,Automotive,2131.71,12,Bhavsar-Sampath,Bangalore,2.52,3.72,95,Hyderabad Warehouse,870,2026-07-10,,,,,,,,,,,,,,
2650,15,84,2024-12-19,2024-12-22,2024-12-26,195,Delivered,Ab Product,Clothing,1108.56,18,Sastry and Sons,Haldia,5.45,4.34,84,Bangalore Warehouse,80,2026-06-28,,,,,,,,,,,,,,
2651,8,100,2024-10-26,2024-10-28,2024-11-02,136,Cancelled,Fugit Product,Clothing,465.64,12,Hans-Bir,Siliguri,2.43,4.68,100,Bangalore Warehouse,276,2026-06-20,,,,,,,,,,,,,,
2652,19,81,2026-06-11,2026-06-14,2026-06-13,11,Cancelled,Voluptatibus Product,Automotive,1958.75,1,"Nagar, Hari and Chada",Munger,9.42,4.61,81,Chennai Warehouse,875,2026-06-17,494.0,Port Congestion,Low,Ratione animi dolores minima rerum.,2025-11-17,494.0,Change Transport Route,Rejected,2026-03-10,494.0,Pending,12.0,5959.56,Cost increased
2653,18,105,2025-11-01,2025-11-08,2025-11-08,24,In Transit,Tenetur Product,Clothing,1337.9,1,Raju and Sons,Etawah,3.81,4.27,105,Hyderabad Warehouse,84,2026-07-03,,,,,,,,,,,,,,
2654,3,136,2025-02-01,2025-02-09,2025-02-10,39,Cancelled,Facilis Product,Groceries,4154.63,13,"Balan, Virk and Mangal",Bangalore,3.73,4.49,136,Bangalore Warehouse,943,2026-07-08,454.0,Weather,Medium,Porro animi in velit quae.,2026-03-10,454.0,Change Transport Route,Approved,2026-02-10,454.0,Resolved,4.0,7287.36,Cost increased
2655,13,49,2026-07-09,2026-07-17,2026-07-17,148,Cancelled,Alias Product,Furniture,4769.64,3,"Borah, Gill and Varma",Dehri,6.15,3.78,49,Bangalore Warehouse,842,2026-07-01,,,,,,,,,,,,,,
2656,17,79,2024-08-16,2024-08-26,2024-08-30,58,Cancelled,Officiis Product,Automotive,3036.4,6,"Sule, Jaggi and Char",Pallavaram,6.39,3.52,79,Bangalore Warehouse,898,2026-06-30,,,,,,,,,,,,,,
2657,20,98,2024-08-09,2024-08-15,2024-08-14,376,Delayed,Quae Product,Clothing,2022.11,14,Chakraborty-Sengupta,Malda,5.0,3.56,98,Hyderabad Warehouse,832,2026-07-05,,,,,,,,,,,,,,
2658,15,99,2024-10-28,2024-11-05,2024-11-06,480,Delivered,Quia Product,Furniture,677.17,19,Sastry and Sons,Haldia,5.45,4.34,99,Hyderabad Warehouse,72,2026-06-26,,,,,,,,,,,,,,
2659,15,145,2026-03-01,2026-03-03,2026-03-03,488,In Transit,Provident Product,Groceries,3598.65,5,Sastry and Sons,Haldia,5.45,4.34,145,Bangalore Warehouse,739,2026-06-24,352.0,Supplier Delay,Low,Porro perferendis minima vitae quisquam.,2025-11-25,352.0,Increase Safety Stock,Implemented,2026-05-19,352.0,Partially Resolved,14.0,-302.45,Cost increased
2660,20,30,2025-08-27,2025-09-05,2025-09-05,341,Delayed,Voluptatem Product,Medical,3709.02,5,Chakraborty-Sengupta,Malda,5.0,3.56,30,Chennai Warehouse,472,2026-06-30,,,,,,,,,,,,,,
2661,4,133,2026-06-27,2026-06-30,2026-06-30,139,Cancelled,Doloremque Product,Groceries,552.4,17,Rajagopal-Jayaraman,Jalna,1.0,3.51,133,Hyderabad Warehouse,760,2026-06-27,,,,,,,,,,,,,,
2662,8,143,2024-10-24,2024-11-01,2024-11-06,483,In Transit,Exercitationem Product,Furniture,2333.4,6,Hans-Bir,Siliguri,2.43,4.68,143,Hyderabad Warehouse,191,2026-07-12,,,,,,,,,,,,,,
2663,12,149,2026-01-15,2026-01-20,2026-01-18,188,Delivered,Asperiores Product,Groceries,2199.52,9,Thakur and Sons,Kanpur,5.83,3.5,149,Chennai Warehouse,331,2026-07-13,165.0,Traffic,High,Dolorem accusamus alias nulla dolorum aperiam.,2025-10-16,165.0,Switch Supplier,Pending,2025-08-09,165.0,Partially Resolved,15.0,-3083.73,Supplier changed
2664,3,31,2025-08-05,2025-08-07,2025-08-07,379,Delayed,Non Product,Groceries,4067.09,17,"Balan, Virk and Mangal",Bangalore,3.73,4.49,31,Mumbai Warehouse,995,2026-06-28,,,,,,,,,,,,,,
2665,11,90,2025-10-23,2025-10-30,2025-10-28,172,In Transit,Quo Product,Electronics,4661.14,19,Banerjee Group,Alappuzha,8.52,4.3,90,Delhi Warehouse,466,2026-06-28,562.0,Traffic,Low,Quasi esse at dicta ipsum accusamus laboriosam quidem.,2025-12-15,562.0,Expedite Shipment,Pending,2026-05-12,562.0,Resolved,12.0,6748.56,Supplier changed
2666,18,90,2025-02-16,2025-02-23,2025-02-27,265,Cancelled,Quo Product,Electronics,4661.14,19,Raju and Sons,Etawah,3.81,4.27,90,Delhi Warehouse,466,2026-06-28,,,,,,,,,,,,,,
2667,19,135,2025-01-19,2025-01-22,2025-01-21,151,Delayed,Nisi Product,Medical,1322.29,1,"Nagar, Hari and Chada",Munger,9.42,4.61,135,Delhi Warehouse,660,2026-06-19,,,,,,,,,,,,,,
2668,3,121,2026-01-16,2026-01-20,2026-01-25,111,Delayed,Veniam Product,Furniture,3093.62,19,"Balan, Virk and Mangal",Bangalore,3.73,4.49,121,Bangalore Warehouse,683,2026-06-20,,,,,,,,,,,,,,
2669,14,133,2025-04-29,2025-05-06,2025-05-04,228,Delivered,Doloremque Product,Groceries,552.4,17,"Bahri, Dugar and Ratti",Kottayam,8.09,4.85,133,Hyderabad Warehouse,760,2026-06-27,,,,,,,,,,,,,,
2670,5,62,2025-01-26,2025-02-05,2025-02-10,121,In Transit,Officiis Product,Medical,3477.18,12,Chander-Sibal,Kochi,6.81,4.37,62,Chennai Warehouse,668,2026-07-05,68.0,Port Congestion,Low,Deleniti eveniet earum nemo in aperiam.,2025-09-08,68.0,Expedite Shipment,Pending,2025-08-07,68.0,Partially Resolved,13.0,5030.88,Shipment rerouted
2671,7,112,2026-05-13,2026-05-21,2026-05-22,143,In Transit,Modi Product,Electronics,2985.26,19,Wali PLC,Khandwa,2.76,4.43,112,Bangalore Warehouse,212,2026-06-25,,,,,,,,,,,,,,
2672,12,90,2026-05-21,2026-05-28,2026-06-01,41,In Transit,Quo Product,Electronics,4661.14,19,Thakur and Sons,Kanpur,5.83,3.5,90,Delhi Warehouse,466,2026-06-28,,,,,,,,,,,,,,
2673,8,120,2025-04-30,2025-05-03,2025-05-02,129,Delivered,Magnam Product,Electronics,3329.48,19,Hans-Bir,Siliguri,2.43,4.68,120,Bangalore Warehouse,996,2026-07-07,,,,,,,,,,,,,,
2674,2,148,2025-06-09,2025-06-18,2025-06-23,48,Cancelled,Saepe Product,Groceries,920.71,10,Gour Ltd,Bhilwara,8.05,3.83,148,Delhi Warehouse,944,2026-06-16,,,,,,,,,,,,,,
2675,19,66,2025-10-03,2025-10-10,2025-10-11,78,Cancelled,Quas Product,Groceries,4225.31,19,"Nagar, Hari and Chada",Munger,9.42,4.61,66,Bangalore Warehouse,853,2026-06-19,,,,,,,,,,,,,,
2676,15,140,2026-01-17,2026-01-19,2026-01-21,439,Delivered,Recusandae Product,Groceries,2705.55,15,Sastry and Sons,Haldia,5.45,4.34,140,Hyderabad Warehouse,927,2026-06-18,,,,,,,,,,,,,,
2677,9,60,2024-09-21,2024-09-23,2024-09-28,492,Delayed,Ipsa Product,Furniture,2536.82,19,"Loyal, Varma and Tripathi",Firozabad,9.75,4.64,60,Bangalore Warehouse,753,2026-07-14,,,,,,,,,,,,,,
2678,4,116,2024-09-26,2024-09-29,2024-10-02,238,Delayed,Architecto Product,Groceries,763.04,10,Rajagopal-Jayaraman,Jalna,1.0,3.51,116,Bangalore Warehouse,102,2026-07-04,,,,,,,,,,,,,,
2679,7,131,2025-05-04,2025-05-12,2025-05-11,129,In Transit,Nesciunt Product,Furniture,3585.42,1,Wali PLC,Khandwa,2.76,4.43,131,Hyderabad Warehouse,157,2026-06-24,,,,,,,,,,,,,,
2680,20,41,2025-06-08,2025-06-12,2025-06-11,463,Delivered,Architecto Product,Furniture,1703.5,1,Chakraborty-Sengupta,Malda,5.0,3.56,41,Hyderabad Warehouse,681,2026-06-26,,,,,,,,,,,,,,
2681,13,63,2024-09-09,2024-09-15,2024-09-20,120,In Transit,Minus Product,Electronics,1218.88,8,"Borah, Gill and Varma",Dehri,6.15,3.78,63,Hyderabad Warehouse,518,2026-06-17,,,,,,,,,,,,,,
2682,16,33,2025-02-23,2025-03-05,2025-03-08,18,In Transit,Facere Product,Medical,1997.29,4,Handa-Manda,Vijayanagaram,8.66,4.77,33,Delhi Warehouse,549,2026-07-12,141.0,Port Congestion,Low,Perferendis a maiores nesciunt repudiandae consequuntur minus omnis.,2026-01-17,141.0,Expedite Shipment,Rejected,2025-11-08,141.0,Failed,9.0,-288.56,Supplier changed
2683,10,58,2026-01-11,2026-01-19,2026-01-23,204,Cancelled,Tempore Product,Groceries,4870.19,6,"Mitter, Srinivasan and Dixit",Shimoga,1.81,3.9,58,Bangalore Warehouse,328,2026-07-11,,,,,,,,,,,,,,
2684,20,100,2026-06-09,2026-06-18,2026-06-20,294,In Transit,Fugit Product,Clothing,465.64,12,Chakraborty-Sengupta,Malda,5.0,3.56,100,Bangalore Warehouse,276,2026-06-20,,,,,,,,,,,,,,
2685,4,42,2025-12-04,2025-12-07,2025-12-10,346,Delayed,Exercitationem Product,Medical,980.26,5,Rajagopal-Jayaraman,Jalna,1.0,3.51,42,Bangalore Warehouse,493,2026-07-01,,,,,,,,,,,,,,
2686,18,1,2025-04-15,2025-04-25,2025-04-27,442,Cancelled,Sint Product,Clothing,2204.33,20,Raju and Sons,Etawah,3.81,4.27,1,Mumbai Warehouse,324,2026-07-01,,,,,,,,,,,,,,
2687,19,16,2024-08-14,2024-08-17,2024-08-16,16,Delivered,Vel Product,Medical,4239.68,2,"Nagar, Hari and Chada",Munger,9.42,4.61,16,Hyderabad Warehouse,928,2026-07-01,,,,,,,,,,,,,,
2688,20,5,2024-09-10,2024-09-15,2024-09-15,162,Cancelled,Occaecati Product,Medical,1257.97,15,Chakraborty-Sengupta,Malda,5.0,3.56,5,Hyderabad Warehouse,892,2026-07-08,,,,,,,,,,,,,,
2689,19,49,2025-12-22,2026-01-01,2026-01-03,424,Delivered,Alias Product,Furniture,4769.64,3,"Nagar, Hari and Chada",Munger,9.42,4.61,49,Bangalore Warehouse,842,2026-07-01,,,,,,,,,,,,,,
2690,17,119,2025-04-02,2025-04-11,2025-04-10,86,Cancelled,Maxime Product,Furniture,4794.94,19,"Sule, Jaggi and Char",Pallavaram,6.39,3.52,119,Mumbai Warehouse,383,2026-07-01,,,,,,,,,,,,,,
2691,15,48,2026-06-23,2026-06-25,2026-06-26,16,In Transit,Neque Product,Medical,518.28,5,Sastry and Sons,Haldia,5.45,4.34,48,Delhi Warehouse,626,2026-06-27,,,,,,,,,,,,,,
2692,2,63,2025-03-30,2025-04-04,2025-04-06,86,Cancelled,Minus Product,Electronics,1218.88,8,Gour Ltd,Bhilwara,8.05,3.83,63,Hyderabad Warehouse,518,2026-06-17,,,,,,,,,,,,,,
2693,8,64,2024-07-19,2024-07-22,2024-07-22,174,Delivered,Officia Product,Automotive,1852.17,1,Hans-Bir,Siliguri,2.43,4.68,64,Hyderabad Warehouse,751,2026-06-19,,,,,,,,,,,,,,
2694,13,49,2026-02-19,2026-02-22,2026-02-26,474,In Transit,Alias Product,Furniture,4769.64,3,"Borah, Gill and Varma",Dehri,6.15,3.78,49,Bangalore Warehouse,842,2026-07-01,253.0,Machine Failure,Low,Fuga aspernatur aperiam hic.,2025-08-08,253.0,Increase Safety Stock,Pending,2025-11-24,253.0,Resolved,14.0,11782.19,Shipment rerouted
2695,18,25,2026-05-16,2026-05-19,2026-05-22,129,Delivered,Vel Product,Automotive,3265.92,1,Raju and Sons,Etawah,3.81,4.27,25,Bangalore Warehouse,437,2026-07-06,,,,,,,,,,,,,,
2696,12,19,2025-01-10,2025-01-15,2025-01-14,238,Delayed,Officia Product,Electronics,667.17,9,Thakur and Sons,Kanpur,5.83,3.5,19,Bangalore Warehouse,273,2026-06-24,,,,,,,,,,,,,,
2697,3,68,2025-04-01,2025-04-08,2025-04-09,316,In Transit,Delectus Product,Clothing,4916.43,20,"Balan, Virk and Mangal",Bangalore,3.73,4.49,68,Chennai Warehouse,660,2026-06-18,,,,,,,,,,,,,,
2698,6,28,2026-03-07,2026-03-17,2026-03-17,397,In Transit,Quidem Product,Groceries,4168.94,2,Bhavsar-Sampath,Bangalore,2.52,3.72,28,Hyderabad Warehouse,118,2026-06-24,,,,,,,,,,,,,,
2699,4,110,2024-08-25,2024-08-27,2024-08-30,299,Delayed,Assumenda Product,Furniture,4904.71,9,Rajagopal-Jayaraman,Jalna,1.0,3.51,110,Chennai Warehouse,817,2026-06-23,,,,,,,,,,,,,,
2700,8,102,2026-03-03,2026-03-10,2026-03-09,263,Delivered,Molestias Product,Furniture,2262.92,3,Hans-Bir,Siliguri,2.43,4.68,102,Chennai Warehouse,835,2026-06-22,,,,,,,,,,,,,,
2701,6,97,2024-11-30,2024-12-04,2024-12-07,115,In Transit,Id Product,Electronics,4003.94,12,Bhavsar-Sampath,Bangalore,2.52,3.72,97,Bangalore Warehouse,353,2026-07-08,,,,,,,,,,,,,,
2702,6,2,2025-06-15,2025-06-17,2025-06-15,259,Cancelled,Veniam Product,Furniture,880.89,5,Bhavsar-Sampath,Bangalore,2.52,3.72,2,Delhi Warehouse,824,2026-06-22,,,,,,,,,,,,,,
2703,7,139,2024-11-30,2024-12-06,2024-12-05,492,Cancelled,Vero Product,Furniture,4054.68,9,Wali PLC,Khandwa,2.76,4.43,139,Mumbai Warehouse,185,2026-07-15,,,,,,,,,,,,,,
2704,2,125,2025-05-12,2025-05-20,2025-05-21,385,Delivered,Consectetur Product,Clothing,1221.23,13,Gour Ltd,Bhilwara,8.05,3.83,125,Chennai Warehouse,72,2026-06-29,,,,,,,,,,,,,,
2705,9,138,2025-06-23,2025-06-25,2025-06-23,357,In Transit,Commodi Product,Groceries,4831.21,4,"Loyal, Varma and Tripathi",Firozabad,9.75,4.64,138,Bangalore Warehouse,589,2026-06-20,,,,,,,,,,,,,,
2706,15,24,2025-05-05,2025-05-09,2025-05-11,239,In Transit,Dolorem Product,Medical,3211.29,13,Sastry and Sons,Haldia,5.45,4.34,24,Bangalore Warehouse,374,2026-06-27,,,,,,,,,,,,,,
2707,17,113,2024-09-18,2024-09-21,2024-09-21,97,Delivered,Placeat Product,Groceries,4202.62,15,"Sule, Jaggi and Char",Pallavaram,6.39,3.52,113,Mumbai Warehouse,228,2026-07-12,,,,,,,,,,,,,,
2708,1,24,2026-02-04,2026-02-13,2026-02-13,146,Delivered,Dolorem Product,Medical,3211.29,13,"Balasubramanian, Gara and Memon",Nadiad,5.69,4.88,24,Bangalore Warehouse,374,2026-06-27,,,,,,,,,,,,,,
2709,8,4,2025-05-28,2025-06-03,2025-06-05,479,In Transit,Dignissimos Product,Clothing,2106.24,6,Hans-Bir,Siliguri,2.43,4.68,4,Bangalore Warehouse,473,2026-06-30,,,,,,,,,,,,,,
2710,1,46,2024-08-07,2024-08-10,2024-08-08,309,Delivered,Impedit Product,Electronics,1574.36,7,"Balasubramanian, Gara and Memon",Nadiad,5.69,4.88,46,Chennai Warehouse,372,2026-06-23,,,,,,,,,,,,,,
2711,18,37,2026-04-07,2026-04-11,2026-04-10,37,Delivered,Earum Product,Groceries,442.22,11,Raju and Sons,Etawah,3.81,4.27,37,Mumbai Warehouse,198,2026-06-16,,,,,,,,,,,,,,
2712,6,89,2024-12-01,2024-12-09,2024-12-13,22,Cancelled,Fugiat Product,Electronics,4524.8,7,Bhavsar-Sampath,Bangalore,2.52,3.72,89,Bangalore Warehouse,597,2026-06-18,,,,,,,,,,,,,,
2713,8,108,2026-03-12,2026-03-19,2026-03-19,199,Delayed,Debitis Product,Automotive,3133.95,9,Hans-Bir,Siliguri,2.43,4.68,108,Hyderabad Warehouse,767,2026-07-07,,,,,,,,,,,,,,
2714,5,98,2025-08-02,2025-08-08,2025-08-11,479,Delivered,Quae Product,Clothing,2022.11,14,Chander-Sibal,Kochi,6.81,4.37,98,Hyderabad Warehouse,832,2026-07-05,,,,,,,,,,,,,,
2715,17,67,2026-05-23,2026-05-25,2026-05-23,304,Delivered,Omnis Product,Clothing,1337.97,5,"Sule, Jaggi and Char",Pallavaram,6.39,3.52,67,Hyderabad Warehouse,994,2026-06-29,,,,,,,,,,,,,,
2716,2,49,2024-11-22,2024-11-27,2024-11-30,113,Cancelled,Alias Product,Furniture,4769.64,3,Gour Ltd,Bhilwara,8.05,3.83,49,Bangalore Warehouse,842,2026-07-01,,,,,,,,,,,,,,
2717,1,14,2025-12-29,2026-01-04,2026-01-05,219,In Transit,Nulla Product,Electronics,1235.72,15,"Balasubramanian, Gara and Memon",Nadiad,5.69,4.88,14,Hyderabad Warehouse,453,2026-07-12,,,,,,,,,,,,,,
2718,14,53,2025-02-27,2025-03-08,2025-03-11,226,Cancelled,Ea Product,Clothing,3005.08,10,"Bahri, Dugar and Ratti",Kottayam,8.09,4.85,53,Delhi Warehouse,480,2026-06-28,,,,,,,,,,,,,,
2719,15,87,2024-11-22,2024-11-29,2024-12-04,315,In Transit,Vitae Product,Clothing,4295.55,19,Sastry and Sons,Haldia,5.45,4.34,87,Delhi Warehouse,423,2026-06-26,,,,,,,,,,,,,,
2720,14,36,2024-08-19,2024-08-28,2024-09-01,435,Delayed,Suscipit Product,Electronics,2750.46,10,"Bahri, Dugar and Ratti",Kottayam,8.09,4.85,36,Hyderabad Warehouse,271,2026-07-15,80.0,Transport Strike,High,Omnis culpa laboriosam culpa explicabo.,2025-12-05,80.0,Switch Supplier,Pending,2025-10-23,80.0,Partially Resolved,0.0,-445.5,Cost increased
2720,14,36,2024-08-19,2024-08-28,2024-09-01,435,Delayed,Suscipit Product,Electronics,2750.46,10,"Bahri, Dugar and Ratti",Kottayam,8.09,4.85,36,Hyderabad Warehouse,271,2026-07-15,224.0,Machine Failure,Medium,Eaque asperiores rerum expedita.,2026-05-03,224.0,Change Transport Route,Approved,2026-06-01,224.0,Pending,4.0,5839.22,Shipment rerouted
2721,19,58,2025-06-14,2025-06-20,2025-06-24,46,Delayed,Tempore Product,Groceries,4870.19,6,"Nagar, Hari and Chada",Munger,9.42,4.61,58,Bangalore Warehouse,328,2026-07-11,,,,,,,,,,,,,,
2722,17,49,2026-05-21,2026-05-31,2026-05-31,201,In Transit,Alias Product,Furniture,4769.64,3,"Sule, Jaggi and Char",Pallavaram,6.39,3.52,49,Bangalore Warehouse,842,2026-07-01,,,,,,,,,,,,,,
2723,11,66,2026-01-19,2026-01-23,2026-01-28,103,Cancelled,Quas Product,Groceries,4225.31,19,Banerjee Group,Alappuzha,8.52,4.3,66,Bangalore Warehouse,853,2026-06-19,,,,,,,,,,,,,,
2724,15,36,2025-12-03,2025-12-06,2025-12-08,140,In Transit,Suscipit Product,Electronics,2750.46,10,Sastry and Sons,Haldia,5.45,4.34,36,Hyderabad Warehouse,271,2026-07-15,,,,,,,,,,,,,,
2725,6,24,2025-01-26,2025-02-01,2025-02-06,476,In Transit,Dolorem Product,Medical,3211.29,13,Bhavsar-Sampath,Bangalore,2.52,3.72,24,Bangalore Warehouse,374,2026-06-27,322.0,Weather,Low,Veritatis rem molestias laudantium illum earum.,2025-08-08,322.0,Change Transport Route,Rejected,2025-08-10,322.0,Failed,0.0,7794.7,Cost increased
2726,7,7,2025-06-03,2025-06-11,2025-06-09,144,In Transit,Expedita Product,Furniture,1401.54,17,Wali PLC,Khandwa,2.76,4.43,7,Delhi Warehouse,512,2026-06-28,,,,,,,,,,,,,,
2727,17,51,2024-09-23,2024-09-29,2024-10-01,236,In Transit,Corrupti Product,Medical,1864.29,15,"Sule, Jaggi and Char",Pallavaram,6.39,3.52,51,Chennai Warehouse,926,2026-07-02,,,,,,,,,,,,,,
2728,12,73,2025-04-30,2025-05-07,2025-05-11,401,Delivered,Debitis Product,Furniture,1718.5,11,Thakur and Sons,Kanpur,5.83,3.5,73,Mumbai Warehouse,263,2026-07-09,,,,,,,,,,,,,,
2729,8,134,2025-05-03,2025-05-08,2025-05-12,267,Cancelled,Eligendi Product,Automotive,3447.14,10,Hans-Bir,Siliguri,2.43,4.68,134,Hyderabad Warehouse,699,2026-07-02,,,,,,,,,,,,,,
2730,5,59,2025-11-25,2025-11-27,2025-11-28,108,Delayed,Omnis Product,Electronics,2194.29,10,Chander-Sibal,Kochi,6.81,4.37,59,Chennai Warehouse,265,2026-07-01,470.0,Transport Strike,Low,Quis odio facere fuga amet repellendus iure.,2025-08-23,470.0,Switch Supplier,Pending,2025-07-29,470.0,Pending,2.0,6776.72,Minor delay occurred
2731,19,101,2025-03-22,2025-03-29,2025-04-03,10,Cancelled,Delectus Product,Automotive,1333.96,11,"Nagar, Hari and Chada",Munger,9.42,4.61,101,Bangalore Warehouse,654,2026-06-16,,,,,,,,,,,,,,
2732,6,137,2025-08-18,2025-08-21,2025-08-25,412,Delivered,Aliquid Product,Medical,3630.8,13,Bhavsar-Sampath,Bangalore,2.52,3.72,137,Delhi Warehouse,82,2026-07-03,,,,,,,,,,,,,,
2733,2,80,2025-07-05,2025-07-11,2025-07-11,60,In Transit,Corporis Product,Medical,4255.47,15,Gour Ltd,Bhilwara,8.05,3.83,80,Mumbai Warehouse,656,2026-07-08,,,,,,,,,,,,,,
2734,12,23,2025-03-04,2025-03-12,2025-03-17,399,Delayed,Quibusdam Product,Furniture,2588.22,10,Thakur and Sons,Kanpur,5.83,3.5,23,Delhi Warehouse,912,2026-06-19,91.0,Machine Failure,Medium,Similique ex praesentium accusantium ex quae.,2025-11-26,91.0,Expedite Shipment,Pending,2026-01-04,91.0,Failed,4.0,-2412.86,Shipment rerouted
2735,12,22,2025-02-01,2025-02-06,2025-02-06,385,Delivered,Amet Product,Furniture,1453.32,6,Thakur and Sons,Kanpur,5.83,3.5,22,Delhi Warehouse,386,2026-07-10,,,,,,,,,,,,,,
2736,15,139,2026-01-06,2026-01-16,2026-01-16,359,Cancelled,Vero Product,Furniture,4054.68,9,Sastry and Sons,Haldia,5.45,4.34,139,Mumbai Warehouse,185,2026-07-15,,,,,,,,,,,,,,
2737,2,67,2025-09-30,2025-10-07,2025-10-10,310,Cancelled,Omnis Product,Clothing,1337.97,5,Gour Ltd,Bhilwara,8.05,3.83,67,Hyderabad Warehouse,994,2026-06-29,,,,,,,,,,,,,,
2738,17,8,2026-01-16,2026-01-23,2026-01-27,64,In Transit,Voluptatem Product,Furniture,3535.61,12,"Sule, Jaggi and Char",Pallavaram,6.39,3.52,8,Chennai Warehouse,686,2026-07-07,,,,,,,,,,,,,,
2739,9,20,2025-05-24,2025-06-03,2025-06-06,202,Delayed,Laborum Product,Electronics,563.85,5,"Loyal, Varma and Tripathi",Firozabad,9.75,4.64,20,Bangalore Warehouse,426,2026-07-15,,,,,,,,,,,,,,
2740,7,150,2025-08-21,2025-08-30,2025-09-02,131,In Transit,Harum Product,Furniture,1928.91,14,Wali PLC,Khandwa,2.76,4.43,150,Bangalore Warehouse,533,2026-07-09,180.0,Machine Failure,High,Quam quod velit corrupti numquam quisquam corrupti.,2025-10-01,180.0,Increase Safety Stock,Rejected,2025-07-15,180.0,Partially Resolved,2.0,-1471.11,Shipment rerouted
2741,12,1,2025-06-07,2025-06-16,2025-06-18,116,In Transit,Sint Product,Clothing,2204.33,20,Thakur and Sons,Kanpur,5.83,3.5,1,Mumbai Warehouse,324,2026-07-01,,,,,,,,,,,,,,
2742,6,40,2026-02-11,2026-02-18,2026-02-16,62,Delivered,Nemo Product,Groceries,2824.16,10,Bhavsar-Sampath,Bangalore,2.52,3.72,40,Hyderabad Warehouse,554,2026-06-27,194.0,Machine Failure,High,Aspernatur culpa quisquam eius ipsum ut.,2025-11-03,194.0,Increase Safety Stock,Rejected,2026-01-15,194.0,Pending,6.0,-937.55,Cost increased
2743,10,62,2024-07-28,2024-08-05,2024-08-10,225,Delivered,Officiis Product,Medical,3477.18,12,"Mitter, Srinivasan and Dixit",Shimoga,1.81,3.9,62,Chennai Warehouse,668,2026-07-05,,,,,,,,,,,,,,
2744,6,20,2026-05-26,2026-06-01,2026-06-01,140,In Transit,Laborum Product,Electronics,563.85,5,Bhavsar-Sampath,Bangalore,2.52,3.72,20,Bangalore Warehouse,426,2026-07-15,,,,,,,,,,,,,,
2745,18,114,2024-12-23,2024-12-31,2025-01-05,80,In Transit,Dicta Product,Clothing,1943.15,20,Raju and Sons,Etawah,3.81,4.27,114,Hyderabad Warehouse,822,2026-07-08,,,,,,,,,,,,,,
2746,20,105,2026-03-18,2026-03-27,2026-03-29,253,Delivered,Tenetur Product,Clothing,1337.9,1,Chakraborty-Sengupta,Malda,5.0,3.56,105,Hyderabad Warehouse,84,2026-07-03,,,,,,,,,,,,,,
2747,9,104,2026-02-15,2026-02-22,2026-02-25,336,Delivered,Laboriosam Product,Clothing,2160.36,3,"Loyal, Varma and Tripathi",Firozabad,9.75,4.64,104,Delhi Warehouse,338,2026-06-24,,,,,,,,,,,,,,
2748,3,92,2025-01-07,2025-01-13,2025-01-15,395,Cancelled,Architecto Product,Furniture,4826.14,10,"Balan, Virk and Mangal",Bangalore,3.73,4.49,92,Mumbai Warehouse,215,2026-07-07,,,,,,,,,,,,,,
2749,8,84,2025-05-14,2025-05-23,2025-05-24,426,In Transit,Ab Product,Clothing,1108.56,18,Hans-Bir,Siliguri,2.43,4.68,84,Bangalore Warehouse,80,2026-06-28,,,,,,,,,,,,,,
2750,4,118,2026-07-12,2026-07-18,2026-07-23,127,Delayed,Harum Product,Automotive,2602.93,16,Rajagopal-Jayaraman,Jalna,1.0,3.51,118,Bangalore Warehouse,482,2026-06-18,,,,,,,,,,,,,,
2751,3,13,2025-05-13,2025-05-23,2025-05-23,178,Cancelled,Reiciendis Product,Automotive,3971.98,6,"Balan, Virk and Mangal",Bangalore,3.73,4.49,13,Mumbai Warehouse,352,2026-07-10,,,,,,,,,,,,,,
2752,6,17,2026-07-10,2026-07-14,2026-07-16,242,Delivered,Veniam Product,Clothing,2682.42,6,Bhavsar-Sampath,Bangalore,2.52,3.72,17,Bangalore Warehouse,243,2026-07-06,,,,,,,,,,,,,,
2753,13,63,2024-11-03,2024-11-12,2024-11-16,366,Cancelled,Minus Product,Electronics,1218.88,8,"Borah, Gill and Varma",Dehri,6.15,3.78,63,Hyderabad Warehouse,518,2026-06-17,,,,,,,,,,,,,,
2754,16,60,2026-04-29,2026-05-01,2026-05-06,16,Cancelled,Ipsa Product,Furniture,2536.82,19,Handa-Manda,Vijayanagaram,8.66,4.77,60,Bangalore Warehouse,753,2026-07-14,,,,,,,,,,,,,,
2755,15,75,2024-09-21,2024-09-23,2024-09-22,163,In Transit,Recusandae Product,Automotive,4884.77,14,Sastry and Sons,Haldia,5.45,4.34,75,Chennai Warehouse,450,2026-07-07,,,,,,,,,,,,,,
2756,16,21,2026-05-30,2026-06-06,2026-06-08,473,Delayed,Animi Product,Automotive,3616.57,8,Handa-Manda,Vijayanagaram,8.66,4.77,21,Delhi Warehouse,666,2026-06-27,177.0,Weather,Medium,Molestias deleniti nam sequi.,2026-04-18,177.0,Switch Supplier,Pending,2025-07-26,177.0,Resolved,6.0,5367.53,Supplier changed
2757,8,143,2025-09-08,2025-09-15,2025-09-14,228,Delivered,Exercitationem Product,Furniture,2333.4,6,Hans-Bir,Siliguri,2.43,4.68,143,Hyderabad Warehouse,191,2026-07-12,,,,,,,,,,,,,,
2758,4,72,2026-02-25,2026-03-02,2026-02-28,401,In Transit,Fuga Product,Groceries,160.42,9,Rajagopal-Jayaraman,Jalna,1.0,3.51,72,Chennai Warehouse,359,2026-07-11,,,,,,,,,,,,,,
2759,4,104,2025-06-30,2025-07-04,2025-07-04,494,Delivered,Laboriosam Product,Clothing,2160.36,3,Rajagopal-Jayaraman,Jalna,1.0,3.51,104,Delhi Warehouse,338,2026-06-24,,,,,,,,,,,,,,
2760,10,12,2026-05-22,2026-05-29,2026-06-02,122,Delayed,Fugit Product,Clothing,1357.85,15,"Mitter, Srinivasan and Dixit",Shimoga,1.81,3.9,12,Hyderabad Warehouse,878,2026-06-22,,,,,,,,,,,,,,
2761,17,84,2025-10-20,2025-10-23,2025-10-23,274,Delivered,Ab Product,Clothing,1108.56,18,"Sule, Jaggi and Char",Pallavaram,6.39,3.52,84,Bangalore Warehouse,80,2026-06-28,,,,,,,,,,,,,,
2762,5,60,2024-12-09,2024-12-12,2024-12-12,394,Delivered,Ipsa Product,Furniture,2536.82,19,Chander-Sibal,Kochi,6.81,4.37,60,Bangalore Warehouse,753,2026-07-14,114.0,Supplier Delay,Low,Itaque id officiis aperiam.,2025-08-08,114.0,Change Transport Route,Approved,2026-07-09,114.0,Failed,13.0,159.59,Minor delay occurred
2763,20,14,2025-12-04,2025-12-09,2025-12-07,386,Delayed,Nulla Product,Electronics,1235.72,15,Chakraborty-Sengupta,Malda,5.0,3.56,14,Hyderabad Warehouse,453,2026-07-12,,,,,,,,,,,,,,
2764,11,132,2025-10-15,2025-10-19,2025-10-24,429,Cancelled,Quisquam Product,Groceries,1498.72,7,Banerjee Group,Alappuzha,8.52,4.3,132,Mumbai Warehouse,860,2026-07-05,,,,,,,,,,,,,,
2765,15,74,2025-08-03,2025-08-07,2025-08-07,40,In Transit,Cum Product,Clothing,3762.37,5,Sastry and Sons,Haldia,5.45,4.34,74,Hyderabad Warehouse,592,2026-06-21,,,,,,,,,,,,,,
2766,10,64,2025-02-02,2025-02-08,2025-02-13,466,Cancelled,Officia Product,Automotive,1852.17,1,"Mitter, Srinivasan and Dixit",Shimoga,1.81,3.9,64,Hyderabad Warehouse,751,2026-06-19,,,,,,,,,,,,,,
2767,18,38,2025-05-07,2025-05-14,2025-05-17,274,In Transit,Laborum Product,Groceries,3934.86,13,Raju and Sons,Etawah,3.81,4.27,38,Mumbai Warehouse,317,2026-07-03,,,,,,,,,,,,,,
2768,5,60,2025-09-12,2025-09-17,2025-09-22,87,In Transit,Ipsa Product,Furniture,2536.82,19,Chander-Sibal,Kochi,6.81,4.37,60,Bangalore Warehouse,753,2026-07-14,,,,,,,,,,,,,,
2769,10,6,2025-01-01,2025-01-03,2025-01-04,282,In Transit,Reiciendis Product,Furniture,3938.69,18,"Mitter, Srinivasan and Dixit",Shimoga,1.81,3.9,6,Bangalore Warehouse,894,2026-06-26,,,,,,,,,,,,,,
2770,10,143,2026-03-24,2026-03-27,2026-03-25,230,In Transit,Exercitationem Product,Furniture,2333.4,6,"Mitter, Srinivasan and Dixit",Shimoga,1.81,3.9,143,Hyderabad Warehouse,191,2026-07-12,,,,,,,,,,,,,,
2771,20,60,2025-12-14,2025-12-20,2025-12-21,451,Delivered,Ipsa Product,Furniture,2536.82,19,Chakraborty-Sengupta,Malda,5.0,3.56,60,Bangalore Warehouse,753,2026-07-14,,,,,,,,,,,,,,
2772,18,20,2026-01-05,2026-01-14,2026-01-17,114,In Transit,Laborum Product,Electronics,563.85,5,Raju and Sons,Etawah,3.81,4.27,20,Bangalore Warehouse,426,2026-07-15,,,,,,,,,,,,,,
2773,11,113,2024-08-08,2024-08-12,2024-08-11,84,Delivered,Placeat Product,Groceries,4202.62,15,Banerjee Group,Alappuzha,8.52,4.3,113,Mumbai Warehouse,228,2026-07-12,,,,,,,,,,,,,,
2774,1,70,2025-09-22,2025-09-30,2025-10-01,175,Delivered,Excepturi Product,Automotive,4641.9,16,"Balasubramanian, Gara and Memon",Nadiad,5.69,4.88,70,Bangalore Warehouse,802,2026-06-20,,,,,,,,,,,,,,
2775,11,109,2025-03-08,2025-03-10,2025-03-08,318,Cancelled,Beatae Product,Automotive,1167.1,12,Banerjee Group,Alappuzha,8.52,4.3,109,Mumbai Warehouse,573,2026-06-17,455.0,Weather,Medium,Ut voluptatem suscipit nostrum.,2026-06-08,455.0,Change Transport Route,Rejected,2026-01-10,455.0,Resolved,7.0,6175.44,Shipment rerouted
2776,4,117,2025-03-22,2025-03-30,2025-03-28,444,Cancelled,Quisquam Product,Medical,1461.86,8,Rajagopal-Jayaraman,Jalna,1.0,3.51,117,Hyderabad Warehouse,793,2026-06-16,12.0,Weather,High,Explicabo dolor eligendi a velit beatae nisi.,2026-02-01,12.0,Increase Safety Stock,Rejected,2026-07-01,12.0,Resolved,12.0,-2314.46,Minor delay occurred
2777,16,98,2026-04-28,2026-05-02,2026-05-03,104,Cancelled,Quae Product,Clothing,2022.11,14,Handa-Manda,Vijayanagaram,8.66,4.77,98,Hyderabad Warehouse,832,2026-07-05,,,,,,,,,,,,,,
2778,18,78,2026-01-23,2026-01-26,2026-01-29,385,Delivered,Quam Product,Clothing,1593.13,4,Raju and Sons,Etawah,3.81,4.27,78,Hyderabad Warehouse,637,2026-07-09,,,,,,,,,,,,,,
2779,19,140,2024-09-07,2024-09-15,2024-09-14,267,Delivered,Recusandae Product,Groceries,2705.55,15,"Nagar, Hari and Chada",Munger,9.42,4.61,140,Hyderabad Warehouse,927,2026-06-18,,,,,,,,,,,,,,
2780,19,17,2026-01-15,2026-01-25,2026-01-24,459,In Transit,Veniam Product,Clothing,2682.42,6,"Nagar, Hari and Chada",Munger,9.42,4.61,17,Bangalore Warehouse,243,2026-07-06,,,,,,,,,,,,,,
2781,12,14,2024-12-15,2024-12-17,2024-12-21,147,In Transit,Nulla Product,Electronics,1235.72,15,Thakur and Sons,Kanpur,5.83,3.5,14,Hyderabad Warehouse,453,2026-07-12,,,,,,,,,,,,,,
2782,9,119,2025-09-02,2025-09-07,2025-09-05,314,Delivered,Maxime Product,Furniture,4794.94,19,"Loyal, Varma and Tripathi",Firozabad,9.75,4.64,119,Mumbai Warehouse,383,2026-07-01,,,,,,,,,,,,,,
2783,15,134,2026-07-05,2026-07-14,2026-07-13,112,In Transit,Eligendi Product,Automotive,3447.14,10,Sastry and Sons,Haldia,5.45,4.34,134,Hyderabad Warehouse,699,2026-07-02,,,,,,,,,,,,,,
2784,15,87,2025-06-07,2025-06-11,2025-06-13,256,Delayed,Vitae Product,Clothing,4295.55,19,Sastry and Sons,Haldia,5.45,4.34,87,Delhi Warehouse,423,2026-06-26,,,,,,,,,,,,,,
2785,18,34,2025-11-07,2025-11-16,2025-11-16,36,Delayed,Consequatur Product,Automotive,4834.5,8,Raju and Sons,Etawah,3.81,4.27,34,Delhi Warehouse,280,2026-06-18,,,,,,,,,,,,,,
2786,9,52,2026-06-03,2026-06-05,2026-06-04,415,In Transit,Architecto Product,Medical,1642.77,20,"Loyal, Varma and Tripathi",Firozabad,9.75,4.64,52,Mumbai Warehouse,918,2026-06-30,,,,,,,,,,,,,,
2787,3,28,2025-11-07,2025-11-16,2025-11-15,183,Cancelled,Quidem Product,Groceries,4168.94,2,"Balan, Virk and Mangal",Bangalore,3.73,4.49,28,Hyderabad Warehouse,118,2026-06-24,225.0,Supplier Delay,Low,Tempore veritatis quibusdam officia eveniet dicta veritatis.,2026-03-14,225.0,Change Transport Route,Approved,2026-02-23,225.0,Resolved,6.0,9660.83,Minor delay occurred
2788,20,96,2025-09-01,2025-09-05,2025-09-04,329,Cancelled,Laborum Product,Medical,3501.37,20,Chakraborty-Sengupta,Malda,5.0,3.56,96,Mumbai Warehouse,471,2026-06-19,,,,,,,,,,,,,,
2789,3,33,2025-07-16,2025-07-25,2025-07-25,460,In Transit,Facere Product,Medical,1997.29,4,"Balan, Virk and Mangal",Bangalore,3.73,4.49,33,Delhi Warehouse,549,2026-07-12,,,,,,,,,,,,,,
2790,18,23,2026-03-18,2026-03-23,2026-03-21,364,Delayed,Quibusdam Product,Furniture,2588.22,10,Raju and Sons,Etawah,3.81,4.27,23,Delhi Warehouse,912,2026-06-19,,,,,,,,,,,,,,
2791,17,12,2026-06-18,2026-06-28,2026-06-30,448,Delivered,Fugit Product,Clothing,1357.85,15,"Sule, Jaggi and Char",Pallavaram,6.39,3.52,12,Hyderabad Warehouse,878,2026-06-22,,,,,,,,,,,,,,
2792,15,4,2025-07-06,2025-07-08,2025-07-12,163,Delayed,Dignissimos Product,Clothing,2106.24,6,Sastry and Sons,Haldia,5.45,4.34,4,Bangalore Warehouse,473,2026-06-30,,,,,,,,,,,,,,
2793,11,118,2025-09-11,2025-09-14,2025-09-17,346,Cancelled,Harum Product,Automotive,2602.93,16,Banerjee Group,Alappuzha,8.52,4.3,118,Bangalore Warehouse,482,2026-06-18,,,,,,,,,,,,,,
2794,6,7,2025-05-13,2025-05-21,2025-05-21,40,Delayed,Expedita Product,Furniture,1401.54,17,Bhavsar-Sampath,Bangalore,2.52,3.72,7,Delhi Warehouse,512,2026-06-28,,,,,,,,,,,,,,
2795,17,112,2024-10-28,2024-11-05,2024-11-08,481,Cancelled,Modi Product,Electronics,2985.26,19,"Sule, Jaggi and Char",Pallavaram,6.39,3.52,112,Bangalore Warehouse,212,2026-06-25,,,,,,,,,,,,,,
2796,5,77,2025-11-27,2025-11-29,2025-11-27,148,Cancelled,Dolorum Product,Clothing,4786.13,4,Chander-Sibal,Kochi,6.81,4.37,77,Hyderabad Warehouse,307,2026-07-05,,,,,,,,,,,,,,
2797,20,108,2024-07-27,2024-08-03,2024-08-04,150,Cancelled,Debitis Product,Automotive,3133.95,9,Chakraborty-Sengupta,Malda,5.0,3.56,108,Hyderabad Warehouse,767,2026-07-07,,,,,,,,,,,,,,
2798,2,55,2024-11-27,2024-12-07,2024-12-11,208,In Transit,Odio Product,Furniture,4563.23,5,Gour Ltd,Bhilwara,8.05,3.83,55,Bangalore Warehouse,422,2026-07-01,,,,,,,,,,,,,,
2799,7,8,2026-04-19,2026-04-24,2026-04-22,67,Delivered,Voluptatem Product,Furniture,3535.61,12,Wali PLC,Khandwa,2.76,4.43,8,Chennai Warehouse,686,2026-07-07,,,,,,,,,,,,,,
2800,10,131,2025-01-24,2025-01-31,2025-02-02,148,Cancelled,Nesciunt Product,Furniture,3585.42,1,"Mitter, Srinivasan and Dixit",Shimoga,1.81,3.9,131,Hyderabad Warehouse,157,2026-06-24,,,,,,,,,,,,,,
2801,2,20,2025-10-20,2025-10-25,2025-10-26,187,In Transit,Laborum Product,Electronics,563.85,5,Gour Ltd,Bhilwara,8.05,3.83,20,Bangalore Warehouse,426,2026-07-15,,,,,,,,,,,,,,
2802,6,77,2025-01-21,2025-01-27,2025-01-25,305,Cancelled,Dolorum Product,Clothing,4786.13,4,Bhavsar-Sampath,Bangalore,2.52,3.72,77,Hyderabad Warehouse,307,2026-07-05,,,,,,,,,,,,,,
2803,16,102,2025-01-29,2025-02-08,2025-02-09,76,In Transit,Molestias Product,Furniture,2262.92,3,Handa-Manda,Vijayanagaram,8.66,4.77,102,Chennai Warehouse,835,2026-06-22,,,,,,,,,,,,,,
2804,8,77,2025-04-03,2025-04-11,2025-04-15,464,Delayed,Dolorum Product,Clothing,4786.13,4,Hans-Bir,Siliguri,2.43,4.68,77,Hyderabad Warehouse,307,2026-07-05,367.0,Port Congestion,Low,Neque voluptatem ex dicta.,2026-01-18,367.0,Change Transport Route,Implemented,2026-04-14,367.0,Partially Resolved,1.0,-1535.14,Supplier changed
2805,19,20,2026-03-22,2026-03-30,2026-04-01,210,Cancelled,Laborum Product,Electronics,563.85,5,"Nagar, Hari and Chada",Munger,9.42,4.61,20,Bangalore Warehouse,426,2026-07-15,,,,,,,,,,,,,,
2806,1,118,2024-11-02,2024-11-04,2024-11-09,130,Cancelled,Harum Product,Automotive,2602.93,16,"Balasubramanian, Gara and Memon",Nadiad,5.69,4.88,118,Bangalore Warehouse,482,2026-06-18,,,,,,,,,,,,,,
2807,7,102,2024-10-15,2024-10-25,2024-10-27,144,Delivered,Molestias Product,Furniture,2262.92,3,Wali PLC,Khandwa,2.76,4.43,102,Chennai Warehouse,835,2026-06-22,,,,,,,,,,,,,,
2808,9,140,2026-05-22,2026-05-30,2026-06-02,147,In Transit,Recusandae Product,Groceries,2705.55,15,"Loyal, Varma and Tripathi",Firozabad,9.75,4.64,140,Hyderabad Warehouse,927,2026-06-18,489.0,Machine Failure,Medium,Alias accusamus nesciunt voluptates nostrum autem cumque.,2026-01-24,489.0,Switch Supplier,Implemented,2025-10-11,489.0,Pending,6.0,4937.56,Issue resolved successfully
2809,20,88,2024-09-28,2024-10-04,2024-10-03,250,Cancelled,Ab Product,Medical,441.59,19,Chakraborty-Sengupta,Malda,5.0,3.56,88,Bangalore Warehouse,70,2026-07-10,,,,,,,,,,,,,,
2810,12,32,2025-09-16,2025-09-18,2025-09-19,68,In Transit,Quis Product,Groceries,4929.24,1,Thakur and Sons,Kanpur,5.83,3.5,32,Mumbai Warehouse,715,2026-07-01,432.0,Supplier Delay,Medium,Placeat cumque minima modi.,2026-04-19,432.0,Increase Safety Stock,Pending,2026-07-02,432.0,Resolved,1.0,2647.0,Issue resolved successfully
2811,5,126,2025-01-25,2025-02-02,2025-02-07,86,In Transit,Nemo Product,Groceries,3018.63,8,Chander-Sibal,Kochi,6.81,4.37,126,Chennai Warehouse,306,2026-07-05,,,,,,,,,,,,,,
2812,6,76,2026-03-28,2026-04-03,2026-04-04,244,Delivered,Sunt Product,Electronics,2690.2,2,Bhavsar-Sampath,Bangalore,2.52,3.72,76,Delhi Warehouse,630,2026-06-16,,,,,,,,,,,,,,
2813,19,38,2024-12-13,2024-12-18,2024-12-22,460,Delivered,Laborum Product,Groceries,3934.86,13,"Nagar, Hari and Chada",Munger,9.42,4.61,38,Mumbai Warehouse,317,2026-07-03,,,,,,,,,,,,,,
2814,1,27,2026-04-05,2026-04-09,2026-04-10,341,Delayed,Vero Product,Furniture,4788.07,19,"Balasubramanian, Gara and Memon",Nadiad,5.69,4.88,27,Delhi Warehouse,91,2026-07-05,,,,,,,,,,,,,,
2815,13,109,2025-05-29,2025-06-02,2025-06-07,50,In Transit,Beatae Product,Automotive,1167.1,12,"Borah, Gill and Varma",Dehri,6.15,3.78,109,Mumbai Warehouse,573,2026-06-17,,,,,,,,,,,,,,
2816,1,125,2026-03-12,2026-03-17,2026-03-17,438,Cancelled,Consectetur Product,Clothing,1221.23,13,"Balasubramanian, Gara and Memon",Nadiad,5.69,4.88,125,Chennai Warehouse,72,2026-06-29,167.0,Supplier Delay,Medium,Vero repellendus quod est minus possimus et dolore.,2025-08-31,167.0,Expedite Shipment,Implemented,2025-10-11,167.0,Resolved,12.0,-153.09,Issue resolved successfully
2817,15,67,2025-01-15,2025-01-18,2025-01-23,478,Delayed,Omnis Product,Clothing,1337.97,5,Sastry and Sons,Haldia,5.45,4.34,67,Hyderabad Warehouse,994,2026-06-29,,,,,,,,,,,,,,
2818,7,68,2025-04-25,2025-05-01,2025-05-02,464,In Transit,Delectus Product,Clothing,4916.43,20,Wali PLC,Khandwa,2.76,4.43,68,Chennai Warehouse,660,2026-06-18,,,,,,,,,,,,,,
2819,10,31,2025-02-15,2025-02-22,2025-02-23,299,Delayed,Non Product,Groceries,4067.09,17,"Mitter, Srinivasan and Dixit",Shimoga,1.81,3.9,31,Mumbai Warehouse,995,2026-06-28,,,,,,,,,,,,,,
2820,4,58,2025-03-27,2025-04-04,2025-04-05,470,In Transit,Tempore Product,Groceries,4870.19,6,Rajagopal-Jayaraman,Jalna,1.0,3.51,58,Bangalore Warehouse,328,2026-07-11,,,,,,,,,,,,,,
2821,5,91,2025-03-09,2025-03-16,2025-03-19,412,Cancelled,Laudantium Product,Furniture,3665.32,5,Chander-Sibal,Kochi,6.81,4.37,91,Hyderabad Warehouse,678,2026-07-12,,,,,,,,,,,,,,
2822,7,73,2026-01-11,2026-01-20,2026-01-25,449,In Transit,Debitis Product,Furniture,1718.5,11,Wali PLC,Khandwa,2.76,4.43,73,Mumbai Warehouse,263,2026-07-09,,,,,,,,,,,,,,
2823,19,97,2025-11-02,2025-11-12,2025-11-13,418,In Transit,Id Product,Electronics,4003.94,12,"Nagar, Hari and Chada",Munger,9.42,4.61,97,Bangalore Warehouse,353,2026-07-08,,,,,,,,,,,,,,
2824,6,77,2026-04-29,2026-05-03,2026-05-03,193,In Transit,Dolorum Product,Clothing,4786.13,4,Bhavsar-Sampath,Bangalore,2.52,3.72,77,Hyderabad Warehouse,307,2026-07-05,,,,,,,,,,,,,,
2825,7,63,2025-12-30,2026-01-04,2026-01-08,487,In Transit,Minus Product,Electronics,1218.88,8,Wali PLC,Khandwa,2.76,4.43,63,Hyderabad Warehouse,518,2026-06-17,,,,,,,,,,,,,,
2826,1,31,2024-09-30,2024-10-04,2024-10-05,342,Delayed,Non Product,Groceries,4067.09,17,"Balasubramanian, Gara and Memon",Nadiad,5.69,4.88,31,Mumbai Warehouse,995,2026-06-28,,,,,,,,,,,,,,
2827,4,18,2026-03-01,2026-03-11,2026-03-12,295,Delivered,Commodi Product,Electronics,2870.64,11,Rajagopal-Jayaraman,Jalna,1.0,3.51,18,Mumbai Warehouse,611,2026-06-21,,,,,,,,,,,,,,
2828,18,102,2025-12-08,2025-12-10,2025-12-08,364,Cancelled,Molestias Product,Furniture,2262.92,3,Raju and Sons,Etawah,3.81,4.27,102,Chennai Warehouse,835,2026-06-22,,,,,,,,,,,,,,
2829,7,20,2025-11-29,2025-12-01,2025-12-01,276,Delivered,Laborum Product,Electronics,563.85,5,Wali PLC,Khandwa,2.76,4.43,20,Bangalore Warehouse,426,2026-07-15,535.0,Traffic,Low,Quasi dolorem velit autem sapiente est facilis molestiae.,2026-01-31,535.0,Switch Supplier,Rejected,2025-11-02,535.0,Partially Resolved,7.0,-1594.75,Issue resolved successfully
2830,15,138,2024-08-02,2024-08-09,2024-08-12,424,In Transit,Commodi Product,Groceries,4831.21,4,Sastry and Sons,Haldia,5.45,4.34,138,Bangalore Warehouse,589,2026-06-20,,,,,,,,,,,,,,
2831,14,115,2025-05-08,2025-05-17,2025-05-19,153,Delayed,Accusamus Product,Clothing,1194.04,7,"Bahri, Dugar and Ratti",Kottayam,8.09,4.85,115,Chennai Warehouse,832,2026-06-27,,,,,,,,,,,,,,
2832,8,50,2026-06-04,2026-06-07,2026-06-12,377,Cancelled,Quae Product,Automotive,939.97,7,Hans-Bir,Siliguri,2.43,4.68,50,Chennai Warehouse,576,2026-07-06,310.0,Weather,Medium,Nisi modi magnam earum saepe illum maxime.,2025-09-30,310.0,Expedite Shipment,Implemented,2025-07-29,310.0,Partially Resolved,13.0,8141.89,Shipment rerouted
2833,13,103,2024-11-18,2024-11-27,2024-11-26,27,In Transit,Sunt Product,Furniture,3330.94,12,"Borah, Gill and Varma",Dehri,6.15,3.78,103,Chennai Warehouse,485,2026-07-13,,,,,,,,,,,,,,
2834,20,72,2025-07-05,2025-07-11,2025-07-12,388,In Transit,Fuga Product,Groceries,160.42,9,Chakraborty-Sengupta,Malda,5.0,3.56,72,Chennai Warehouse,359,2026-07-11,,,,,,,,,,,,,,
2835,17,109,2024-10-29,2024-11-06,2024-11-11,446,In Transit,Beatae Product,Automotive,1167.1,12,"Sule, Jaggi and Char",Pallavaram,6.39,3.52,109,Mumbai Warehouse,573,2026-06-17,,,,,,,,,,,,,,
2836,15,148,2025-05-28,2025-06-02,2025-06-02,197,In Transit,Saepe Product,Groceries,920.71,10,Sastry and Sons,Haldia,5.45,4.34,148,Delhi Warehouse,944,2026-06-16,,,,,,,,,,,,,,
2837,14,105,2025-04-14,2025-04-18,2025-04-17,137,Cancelled,Tenetur Product,Clothing,1337.9,1,"Bahri, Dugar and Ratti",Kottayam,8.09,4.85,105,Hyderabad Warehouse,84,2026-07-03,,,,,,,,,,,,,,
2838,20,19,2024-10-16,2024-10-22,2024-10-24,94,Delivered,Officia Product,Electronics,667.17,9,Chakraborty-Sengupta,Malda,5.0,3.56,19,Bangalore Warehouse,273,2026-06-24,37.0,Port Congestion,Medium,Id adipisci labore quos ipsam.,2025-08-17,37.0,Increase Safety Stock,Pending,2025-11-04,37.0,Pending,8.0,-3399.62,Minor delay occurred
2839,7,134,2024-11-10,2024-11-14,2024-11-19,169,Delayed,Eligendi Product,Automotive,3447.14,10,Wali PLC,Khandwa,2.76,4.43,134,Hyderabad Warehouse,699,2026-07-02,,,,,,,,,,,,,,
2840,18,38,2026-07-08,2026-07-12,2026-07-13,72,Delivered,Laborum Product,Groceries,3934.86,13,Raju and Sons,Etawah,3.81,4.27,38,Mumbai Warehouse,317,2026-07-03,,,,,,,,,,,,,,
2841,18,28,2026-03-13,2026-03-20,2026-03-21,241,Delivered,Quidem Product,Groceries,4168.94,2,Raju and Sons,Etawah,3.81,4.27,28,Hyderabad Warehouse,118,2026-06-24,,,,,,,,,,,,,,
2842,20,124,2025-09-06,2025-09-08,2025-09-07,402,Delivered,Excepturi Product,Furniture,756.02,2,Chakraborty-Sengupta,Malda,5.0,3.56,124,Chennai Warehouse,123,2026-07-09,,,,,,,,,,,,,,
2843,11,20,2026-02-05,2026-02-10,2026-02-08,429,Delayed,Laborum Product,Electronics,563.85,5,Banerjee Group,Alappuzha,8.52,4.3,20,Bangalore Warehouse,426,2026-07-15,,,,,,,,,,,,,,
2844,11,68,2024-10-25,2024-11-03,2024-11-02,287,Delivered,Delectus Product,Clothing,4916.43,20,Banerjee Group,Alappuzha,8.52,4.3,68,Chennai Warehouse,660,2026-06-18,,,,,,,,,,,,,,
2845,19,130,2025-06-01,2025-06-04,2025-06-08,135,Cancelled,Rerum Product,Clothing,379.31,9,"Nagar, Hari and Chada",Munger,9.42,4.61,130,Bangalore Warehouse,702,2026-06-28,,,,,,,,,,,,,,
2846,12,26,2026-03-30,2026-04-08,2026-04-09,390,In Transit,Ducimus Product,Medical,488.37,16,Thakur and Sons,Kanpur,5.83,3.5,26,Mumbai Warehouse,280,2026-07-04,,,,,,,,,,,,,,
2847,14,31,2026-05-06,2026-05-10,2026-05-12,217,In Transit,Non Product,Groceries,4067.09,17,"Bahri, Dugar and Ratti",Kottayam,8.09,4.85,31,Mumbai Warehouse,995,2026-06-28,,,,,,,,,,,,,,
2848,3,89,2025-02-24,2025-03-01,2025-03-02,251,In Transit,Fugiat Product,Electronics,4524.8,7,"Balan, Virk and Mangal",Bangalore,3.73,4.49,89,Bangalore Warehouse,597,2026-06-18,,,,,,,,,,,,,,
2849,2,9,2024-10-30,2024-11-03,2024-11-08,343,In Transit,Alias Product,Groceries,1305.18,16,Gour Ltd,Bhilwara,8.05,3.83,9,Mumbai Warehouse,917,2026-07-04,,,,,,,,,,,,,,
2850,12,112,2026-03-31,2026-04-05,2026-04-04,106,Delivered,Modi Product,Electronics,2985.26,19,Thakur and Sons,Kanpur,5.83,3.5,112,Bangalore Warehouse,212,2026-06-25,,,,,,,,,,,,,,
2851,1,138,2025-12-21,2025-12-28,2026-01-02,183,Delayed,Commodi Product,Groceries,4831.21,4,"Balasubramanian, Gara and Memon",Nadiad,5.69,4.88,138,Bangalore Warehouse,589,2026-06-20,,,,,,,,,,,,,,
2852,13,103,2025-08-16,2025-08-20,2025-08-20,241,In Transit,Sunt Product,Furniture,3330.94,12,"Borah, Gill and Varma",Dehri,6.15,3.78,103,Chennai Warehouse,485,2026-07-13,69.0,Port Congestion,Medium,Harum aliquid officiis quasi ut.,2026-03-28,69.0,Switch Supplier,Approved,2026-03-20,69.0,Failed,14.0,9351.14,Supplier changed
2853,12,35,2024-11-05,2024-11-08,2024-11-10,91,Delayed,Dolores Product,Electronics,4034.14,20,Thakur and Sons,Kanpur,5.83,3.5,35,Chennai Warehouse,804,2026-07-11,,,,,,,,,,,,,,
2854,20,46,2024-09-12,2024-09-19,2024-09-23,271,Delayed,Impedit Product,Electronics,1574.36,7,Chakraborty-Sengupta,Malda,5.0,3.56,46,Chennai Warehouse,372,2026-06-23,,,,,,,,,,,,,,
2855,8,98,2026-01-02,2026-01-10,2026-01-13,401,Cancelled,Quae Product,Clothing,2022.11,14,Hans-Bir,Siliguri,2.43,4.68,98,Hyderabad Warehouse,832,2026-07-05,,,,,,,,,,,,,,
2856,9,148,2024-07-29,2024-08-02,2024-08-06,372,Cancelled,Saepe Product,Groceries,920.71,10,"Loyal, Varma and Tripathi",Firozabad,9.75,4.64,148,Delhi Warehouse,944,2026-06-16,,,,,,,,,,,,,,
2857,7,82,2025-11-12,2025-11-16,2025-11-20,44,Cancelled,Unde Product,Electronics,3347.22,1,Wali PLC,Khandwa,2.76,4.43,82,Hyderabad Warehouse,481,2026-07-04,,,,,,,,,,,,,,
2858,3,58,2024-08-26,2024-09-05,2024-09-05,35,In Transit,Tempore Product,Groceries,4870.19,6,"Balan, Virk and Mangal",Bangalore,3.73,4.49,58,Bangalore Warehouse,328,2026-07-11,,,,,,,,,,,,,,
2859,15,92,2026-04-15,2026-04-24,2026-04-23,295,Cancelled,Architecto Product,Furniture,4826.14,10,Sastry and Sons,Haldia,5.45,4.34,92,Mumbai Warehouse,215,2026-07-07,,,,,,,,,,,,,,
2860,13,113,2025-02-25,2025-03-06,2025-03-04,93,In Transit,Placeat Product,Groceries,4202.62,15,"Borah, Gill and Varma",Dehri,6.15,3.78,113,Mumbai Warehouse,228,2026-07-12,,,,,,,,,,,,,,
2861,7,142,2025-02-11,2025-02-14,2025-02-12,257,Delivered,Dolorum Product,Groceries,1310.64,7,Wali PLC,Khandwa,2.76,4.43,142,Mumbai Warehouse,982,2026-07-09,,,,,,,,,,,,,,
2862,18,82,2025-10-01,2025-10-08,2025-10-08,466,Delayed,Unde Product,Electronics,3347.22,1,Raju and Sons,Etawah,3.81,4.27,82,Hyderabad Warehouse,481,2026-07-04,,,,,,,,,,,,,,
2863,15,129,2026-04-28,2026-05-01,2026-05-06,112,Delivered,Repellat Product,Clothing,772.83,16,Sastry and Sons,Haldia,5.45,4.34,129,Bangalore Warehouse,81,2026-07-01,,,,,,,,,,,,,,
2864,2,16,2024-09-17,2024-09-25,2024-09-23,389,Cancelled,Vel Product,Medical,4239.68,2,Gour Ltd,Bhilwara,8.05,3.83,16,Hyderabad Warehouse,928,2026-07-01,,,,,,,,,,,,,,
2865,11,74,2025-12-30,2026-01-06,2026-01-11,34,Cancelled,Cum Product,Clothing,3762.37,5,Banerjee Group,Alappuzha,8.52,4.3,74,Hyderabad Warehouse,592,2026-06-21,,,,,,,,,,,,,,
2866,19,124,2024-12-21,2024-12-29,2025-01-01,146,Delayed,Excepturi Product,Furniture,756.02,2,"Nagar, Hari and Chada",Munger,9.42,4.61,124,Chennai Warehouse,123,2026-07-09,,,,,,,,,,,,,,
2867,2,31,2025-11-19,2025-11-23,2025-11-25,443,Delayed,Non Product,Groceries,4067.09,17,Gour Ltd,Bhilwara,8.05,3.83,31,Mumbai Warehouse,995,2026-06-28,,,,,,,,,,,,,,
2868,18,2,2026-06-06,2026-06-11,2026-06-10,134,Cancelled,Veniam Product,Furniture,880.89,5,Raju and Sons,Etawah,3.81,4.27,2,Delhi Warehouse,824,2026-06-22,,,,,,,,,,,,,,
2869,10,95,2025-07-20,2025-07-22,2025-07-23,226,Cancelled,Temporibus Product,Automotive,2131.71,12,"Mitter, Srinivasan and Dixit",Shimoga,1.81,3.9,95,Hyderabad Warehouse,870,2026-07-10,,,,,,,,,,,,,,
2870,4,94,2025-11-29,2025-12-06,2025-12-08,272,Delivered,Culpa Product,Clothing,4115.37,20,Rajagopal-Jayaraman,Jalna,1.0,3.51,94,Delhi Warehouse,329,2026-07-15,,,,,,,,,,,,,,
2871,17,137,2025-09-06,2025-09-09,2025-09-08,257,In Transit,Aliquid Product,Medical,3630.8,13,"Sule, Jaggi and Char",Pallavaram,6.39,3.52,137,Delhi Warehouse,82,2026-07-03,,,,,,,,,,,,,,
2872,9,57,2026-04-24,2026-04-28,2026-04-26,289,Delayed,Distinctio Product,Automotive,863.84,19,"Loyal, Varma and Tripathi",Firozabad,9.75,4.64,57,Hyderabad Warehouse,848,2026-06-28,,,,,,,,,,,,,,
2873,15,5,2026-01-04,2026-01-11,2026-01-10,53,Delayed,Occaecati Product,Medical,1257.97,15,Sastry and Sons,Haldia,5.45,4.34,5,Hyderabad Warehouse,892,2026-07-08,,,,,,,,,,,,,,
2874,13,47,2025-02-15,2025-02-17,2025-02-20,467,Delayed,Impedit Product,Clothing,4282.54,1,"Borah, Gill and Varma",Dehri,6.15,3.78,47,Chennai Warehouse,913,2026-06-30,181.0,Port Congestion,Low,Blanditiis labore voluptas id repellat tenetur aliquam.,2025-08-02,181.0,Switch Supplier,Approved,2026-03-08,181.0,Failed,14.0,-3731.02,Shipment rerouted
2875,12,147,2024-09-03,2024-09-07,2024-09-08,132,Cancelled,Sed Product,Medical,185.14,8,Thakur and Sons,Kanpur,5.83,3.5,147,Chennai Warehouse,280,2026-06-17,,,,,,,,,,,,,,
2876,12,39,2026-03-31,2026-04-07,2026-04-06,65,Delivered,Amet Product,Automotive,1228.36,6,Thakur and Sons,Kanpur,5.83,3.5,39,Chennai Warehouse,720,2026-07-10,,,,,,,,,,,,,,
2877,11,149,2025-12-05,2025-12-14,2025-12-12,122,Delayed,Asperiores Product,Groceries,2199.52,9,Banerjee Group,Alappuzha,8.52,4.3,149,Chennai Warehouse,331,2026-07-13,153.0,Transport Strike,High,Consectetur temporibus vero dolore non vel.,2025-08-03,153.0,Change Transport Route,Implemented,2026-02-09,153.0,Pending,13.0,14604.88,Supplier changed
2878,10,62,2025-02-28,2025-03-03,2025-03-05,298,In Transit,Officiis Product,Medical,3477.18,12,"Mitter, Srinivasan and Dixit",Shimoga,1.81,3.9,62,Chennai Warehouse,668,2026-07-05,,,,,,,,,,,,,,
2879,10,34,2026-03-24,2026-04-03,2026-04-07,362,Cancelled,Consequatur Product,Automotive,4834.5,8,"Mitter, Srinivasan and Dixit",Shimoga,1.81,3.9,34,Delhi Warehouse,280,2026-06-18,,,,,,,,,,,,,,
2880,9,47,2026-05-27,2026-06-04,2026-06-03,330,Delayed,Impedit Product,Clothing,4282.54,1,"Loyal, Varma and Tripathi",Firozabad,9.75,4.64,47,Chennai Warehouse,913,2026-06-30,,,,,,,,,,,,,,
2881,15,45,2024-10-26,2024-11-01,2024-11-05,222,Delivered,Nobis Product,Medical,164.54,6,Sastry and Sons,Haldia,5.45,4.34,45,Bangalore Warehouse,567,2026-07-04,,,,,,,,,,,,,,
2882,8,58,2025-08-27,2025-08-31,2025-08-31,51,Cancelled,Tempore Product,Groceries,4870.19,6,Hans-Bir,Siliguri,2.43,4.68,58,Bangalore Warehouse,328,2026-07-11,,,,,,,,,,,,,,
2883,14,31,2025-04-02,2025-04-12,2025-04-13,253,In Transit,Non Product,Groceries,4067.09,17,"Bahri, Dugar and Ratti",Kottayam,8.09,4.85,31,Mumbai Warehouse,995,2026-06-28,,,,,,,,,,,,,,
2884,3,89,2024-09-15,2024-09-19,2024-09-24,345,Delayed,Fugiat Product,Electronics,4524.8,7,"Balan, Virk and Mangal",Bangalore,3.73,4.49,89,Bangalore Warehouse,597,2026-06-18,355.0,Transport Strike,Medium,Cumque magni suscipit debitis nostrum possimus culpa.,2026-02-11,355.0,Switch Supplier,Approved,2026-01-01,355.0,Failed,3.0,717.16,Cost increased
2885,9,82,2025-10-03,2025-10-10,2025-10-12,499,Delayed,Unde Product,Electronics,3347.22,1,"Loyal, Varma and Tripathi",Firozabad,9.75,4.64,82,Hyderabad Warehouse,481,2026-07-04,,,,,,,,,,,,,,
2886,5,53,2025-02-17,2025-02-27,2025-02-25,468,In Transit,Ea Product,Clothing,3005.08,10,Chander-Sibal,Kochi,6.81,4.37,53,Delhi Warehouse,480,2026-06-28,,,,,,,,,,,,,,
2887,15,40,2025-12-08,2025-12-14,2025-12-14,34,In Transit,Nemo Product,Groceries,2824.16,10,Sastry and Sons,Haldia,5.45,4.34,40,Hyderabad Warehouse,554,2026-06-27,392.0,Traffic,High,Impedit quo et praesentium facere error ullam doloremque.,2026-07-05,392.0,Expedite Shipment,Implemented,2025-07-21,392.0,Resolved,15.0,13260.09,Minor delay occurred
2888,2,126,2026-06-03,2026-06-08,2026-06-07,70,Delivered,Nemo Product,Groceries,3018.63,8,Gour Ltd,Bhilwara,8.05,3.83,126,Chennai Warehouse,306,2026-07-05,,,,,,,,,,,,,,
2889,20,133,2026-03-31,2026-04-09,2026-04-07,433,Delivered,Doloremque Product,Groceries,552.4,17,Chakraborty-Sengupta,Malda,5.0,3.56,133,Hyderabad Warehouse,760,2026-06-27,,,,,,,,,,,,,,
2890,12,102,2025-03-27,2025-03-30,2025-03-29,281,Delivered,Molestias Product,Furniture,2262.92,3,Thakur and Sons,Kanpur,5.83,3.5,102,Chennai Warehouse,835,2026-06-22,,,,,,,,,,,,,,
2891,1,105,2026-07-06,2026-07-09,2026-07-13,426,Delayed,Tenetur Product,Clothing,1337.9,1,"Balasubramanian, Gara and Memon",Nadiad,5.69,4.88,105,Hyderabad Warehouse,84,2026-07-03,,,,,,,,,,,,,,
2892,12,8,2025-09-20,2025-09-27,2025-09-29,138,Delivered,Voluptatem Product,Furniture,3535.61,12,Thakur and Sons,Kanpur,5.83,3.5,8,Chennai Warehouse,686,2026-07-07,,,,,,,,,,,,,,
2893,16,27,2025-10-25,2025-10-27,2025-10-31,168,Delivered,Vero Product,Furniture,4788.07,19,Handa-Manda,Vijayanagaram,8.66,4.77,27,Delhi Warehouse,91,2026-07-05,,,,,,,,,,,,,,
2894,5,138,2026-07-11,2026-07-13,2026-07-18,241,In Transit,Commodi Product,Groceries,4831.21,4,Chander-Sibal,Kochi,6.81,4.37,138,Bangalore Warehouse,589,2026-06-20,,,,,,,,,,,,,,
2895,17,97,2025-11-06,2025-11-11,2025-11-14,457,Delayed,Id Product,Electronics,4003.94,12,"Sule, Jaggi and Char",Pallavaram,6.39,3.52,97,Bangalore Warehouse,353,2026-07-08,18.0,Port Congestion,Low,Accusantium nostrum reiciendis ab rerum.,2026-01-23,18.0,Change Transport Route,Pending,2025-09-11,18.0,Pending,15.0,13597.1,Supplier changed
2896,9,63,2024-12-25,2024-12-29,2025-01-01,169,In Transit,Minus Product,Electronics,1218.88,8,"Loyal, Varma and Tripathi",Firozabad,9.75,4.64,63,Hyderabad Warehouse,518,2026-06-17,,,,,,,,,,,,,,
2897,9,122,2025-09-30,2025-10-03,2025-10-04,26,Delivered,Expedita Product,Electronics,1957.13,8,"Loyal, Varma and Tripathi",Firozabad,9.75,4.64,122,Delhi Warehouse,394,2026-07-14,,,,,,,,,,,,,,
2898,19,72,2024-12-03,2024-12-10,2024-12-14,378,Cancelled,Fuga Product,Groceries,160.42,9,"Nagar, Hari and Chada",Munger,9.42,4.61,72,Chennai Warehouse,359,2026-07-11,522.0,Port Congestion,Medium,Totam debitis tempora aliquam.,2026-02-04,522.0,Increase Safety Stock,Pending,2026-03-23,522.0,Pending,12.0,6188.16,Shipment rerouted
2899,6,14,2025-06-23,2025-06-26,2025-06-27,154,Delivered,Nulla Product,Electronics,1235.72,15,Bhavsar-Sampath,Bangalore,2.52,3.72,14,Hyderabad Warehouse,453,2026-07-12,,,,,,,,,,,,,,
2900,4,54,2025-03-08,2025-03-16,2025-03-15,170,Delivered,Voluptatem Product,Groceries,3641.55,2,Rajagopal-Jayaraman,Jalna,1.0,3.51,54,Chennai Warehouse,842,2026-06-17,,,,,,,,,,,,,,
2901,8,145,2025-02-24,2025-03-06,2025-03-04,269,In Transit,Provident Product,Groceries,3598.65,5,Hans-Bir,Siliguri,2.43,4.68,145,Bangalore Warehouse,739,2026-06-24,,,,,,,,,,,,,,
2902,9,1,2025-05-28,2025-06-05,2025-06-03,350,Cancelled,Sint Product,Clothing,2204.33,20,"Loyal, Varma and Tripathi",Firozabad,9.75,4.64,1,Mumbai Warehouse,324,2026-07-01,266.0,Machine Failure,High,Et ab quam eos eius in quasi.,2026-03-02,266.0,Expedite Shipment,Implemented,2026-07-12,266.0,Failed,15.0,-731.05,Supplier changed
2903,17,29,2025-01-18,2025-01-27,2025-02-01,133,Cancelled,Architecto Product,Furniture,4183.31,3,"Sule, Jaggi and Char",Pallavaram,6.39,3.52,29,Chennai Warehouse,981,2026-06-27,,,,,,,,,,,,,,
2904,3,34,2026-05-05,2026-05-08,2026-05-08,11,In Transit,Consequatur Product,Automotive,4834.5,8,"Balan, Virk and Mangal",Bangalore,3.73,4.49,34,Delhi Warehouse,280,2026-06-18,,,,,,,,,,,,,,
2905,5,138,2026-04-02,2026-04-11,2026-04-14,19,Delivered,Commodi Product,Groceries,4831.21,4,Chander-Sibal,Kochi,6.81,4.37,138,Bangalore Warehouse,589,2026-06-20,,,,,,,,,,,,,,
2906,3,28,2025-02-17,2025-02-26,2025-03-01,387,In Transit,Quidem Product,Groceries,4168.94,2,"Balan, Virk and Mangal",Bangalore,3.73,4.49,28,Hyderabad Warehouse,118,2026-06-24,,,,,,,,,,,,,,
2907,13,42,2025-06-02,2025-06-12,2025-06-14,147,In Transit,Exercitationem Product,Medical,980.26,5,"Borah, Gill and Varma",Dehri,6.15,3.78,42,Bangalore Warehouse,493,2026-07-01,,,,,,,,,,,,,,
2908,6,46,2024-07-18,2024-07-20,2024-07-18,262,Cancelled,Impedit Product,Electronics,1574.36,7,Bhavsar-Sampath,Bangalore,2.52,3.72,46,Chennai Warehouse,372,2026-06-23,,,,,,,,,,,,,,
2909,12,41,2025-08-25,2025-08-28,2025-09-01,302,Delivered,Architecto Product,Furniture,1703.5,1,Thakur and Sons,Kanpur,5.83,3.5,41,Hyderabad Warehouse,681,2026-06-26,,,,,,,,,,,,,,
2910,1,62,2024-07-15,2024-07-19,2024-07-20,214,Delivered,Officiis Product,Medical,3477.18,12,"Balasubramanian, Gara and Memon",Nadiad,5.69,4.88,62,Chennai Warehouse,668,2026-07-05,468.0,Machine Failure,High,Cum qui ut ea voluptatibus ipsum.,2025-11-10,468.0,Increase Safety Stock,Implemented,2025-07-26,468.0,Resolved,15.0,14649.66,Shipment rerouted
2911,15,46,2024-09-23,2024-09-25,2024-09-25,372,In Transit,Impedit Product,Electronics,1574.36,7,Sastry and Sons,Haldia,5.45,4.34,46,Chennai Warehouse,372,2026-06-23,,,,,,,,,,,,,,
2912,11,73,2025-10-15,2025-10-22,2025-10-25,385,In Transit,Debitis Product,Furniture,1718.5,11,Banerjee Group,Alappuzha,8.52,4.3,73,Mumbai Warehouse,263,2026-07-09,122.0,Port Congestion,Low,Explicabo doloremque neque alias dolore.,2025-12-29,122.0,Change Transport Route,Approved,2026-04-01,122.0,Partially Resolved,5.0,14208.74,Supplier changed
2913,6,24,2025-09-12,2025-09-20,2025-09-23,446,Cancelled,Dolorem Product,Medical,3211.29,13,Bhavsar-Sampath,Bangalore,2.52,3.72,24,Bangalore Warehouse,374,2026-06-27,,,,,,,,,,,,,,
2914,2,48,2025-10-01,2025-10-04,2025-10-07,193,Delayed,Neque Product,Medical,518.28,5,Gour Ltd,Bhilwara,8.05,3.83,48,Delhi Warehouse,626,2026-06-27,,,,,,,,,,,,,,
2915,20,33,2025-09-26,2025-09-28,2025-09-29,34,In Transit,Facere Product,Medical,1997.29,4,Chakraborty-Sengupta,Malda,5.0,3.56,33,Delhi Warehouse,549,2026-07-12,,,,,,,,,,,,,,
2916,8,124,2026-06-09,2026-06-14,2026-06-12,465,Delivered,Excepturi Product,Furniture,756.02,2,Hans-Bir,Siliguri,2.43,4.68,124,Chennai Warehouse,123,2026-07-09,,,,,,,,,,,,,,
2917,16,98,2025-03-26,2025-04-05,2025-04-04,66,In Transit,Quae Product,Clothing,2022.11,14,Handa-Manda,Vijayanagaram,8.66,4.77,98,Hyderabad Warehouse,832,2026-07-05,,,,,,,,,,,,,,
2918,8,20,2026-01-03,2026-01-06,2026-01-05,169,In Transit,Laborum Product,Electronics,563.85,5,Hans-Bir,Siliguri,2.43,4.68,20,Bangalore Warehouse,426,2026-07-15,,,,,,,,,,,,,,
2919,12,20,2025-04-13,2025-04-17,2025-04-15,110,Delayed,Laborum Product,Electronics,563.85,5,Thakur and Sons,Kanpur,5.83,3.5,20,Bangalore Warehouse,426,2026-07-15,,,,,,,,,,,,,,
2920,12,119,2025-12-23,2025-12-29,2025-12-31,242,In Transit,Maxime Product,Furniture,4794.94,19,Thakur and Sons,Kanpur,5.83,3.5,119,Mumbai Warehouse,383,2026-07-01,435.0,Weather,High,Totam eos earum.,2025-08-18,435.0,Change Transport Route,Implemented,2026-03-09,435.0,Resolved,12.0,-3322.52,Supplier changed
2921,20,36,2024-08-31,2024-09-08,2024-09-12,346,Delayed,Suscipit Product,Electronics,2750.46,10,Chakraborty-Sengupta,Malda,5.0,3.56,36,Hyderabad Warehouse,271,2026-07-15,,,,,,,,,,,,,,
2922,8,139,2025-09-17,2025-09-25,2025-09-28,261,In Transit,Vero Product,Furniture,4054.68,9,Hans-Bir,Siliguri,2.43,4.68,139,Mumbai Warehouse,185,2026-07-15,,,,,,,,,,,,,,
2923,1,144,2024-11-21,2024-12-01,2024-12-06,37,Cancelled,Ipsam Product,Electronics,744.79,2,"Balasubramanian, Gara and Memon",Nadiad,5.69,4.88,144,Mumbai Warehouse,720,2026-06-29,,,,,,,,,,,,,,
2924,17,90,2025-07-17,2025-07-26,2025-07-30,267,Delayed,Quo Product,Electronics,4661.14,19,"Sule, Jaggi and Char",Pallavaram,6.39,3.52,90,Delhi Warehouse,466,2026-06-28,,,,,,,,,,,,,,
2925,20,95,2024-10-09,2024-10-13,2024-10-18,75,Delivered,Temporibus Product,Automotive,2131.71,12,Chakraborty-Sengupta,Malda,5.0,3.56,95,Hyderabad Warehouse,870,2026-07-10,245.0,Transport Strike,Low,Architecto nam ut.,2026-03-27,245.0,Increase Safety Stock,Pending,2026-04-19,245.0,Partially Resolved,4.0,-4483.8,Shipment rerouted
2926,2,88,2025-08-13,2025-08-19,2025-08-22,428,Cancelled,Ab Product,Medical,441.59,19,Gour Ltd,Bhilwara,8.05,3.83,88,Bangalore Warehouse,70,2026-07-10,,,,,,,,,,,,,,
2927,20,127,2026-02-19,2026-02-25,2026-02-28,433,In Transit,Eum Product,Automotive,1710.79,7,Chakraborty-Sengupta,Malda,5.0,3.56,127,Delhi Warehouse,588,2026-07-12,,,,,,,,,,,,,,
2928,19,117,2025-10-09,2025-10-12,2025-10-13,461,In Transit,Quisquam Product,Medical,1461.86,8,"Nagar, Hari and Chada",Munger,9.42,4.61,117,Hyderabad Warehouse,793,2026-06-16,557.0,Traffic,High,Assumenda minus facere earum.,2025-11-04,557.0,Expedite Shipment,Pending,2026-04-08,557.0,Partially Resolved,6.0,9859.76,Supplier changed
2929,9,60,2024-10-02,2024-10-09,2024-10-09,275,Cancelled,Ipsa Product,Furniture,2536.82,19,"Loyal, Varma and Tripathi",Firozabad,9.75,4.64,60,Bangalore Warehouse,753,2026-07-14,,,,,,,,,,,,,,
2930,20,96,2024-07-30,2024-08-09,2024-08-09,86,Delayed,Laborum Product,Medical,3501.37,20,Chakraborty-Sengupta,Malda,5.0,3.56,96,Mumbai Warehouse,471,2026-06-19,,,,,,,,,,,,,,
2931,2,138,2024-12-24,2024-12-26,2024-12-25,489,Delayed,Commodi Product,Groceries,4831.21,4,Gour Ltd,Bhilwara,8.05,3.83,138,Bangalore Warehouse,589,2026-06-20,,,,,,,,,,,,,,
2932,1,85,2025-08-11,2025-08-20,2025-08-25,107,Cancelled,Vero Product,Medical,287.27,20,"Balasubramanian, Gara and Memon",Nadiad,5.69,4.88,85,Bangalore Warehouse,854,2026-06-21,345.0,Traffic,Medium,Molestiae quod fuga eius.,2025-12-05,345.0,Increase Safety Stock,Approved,2026-05-18,345.0,Resolved,5.0,8543.01,Supplier changed
2933,8,142,2025-07-19,2025-07-21,2025-07-19,180,In Transit,Dolorum Product,Groceries,1310.64,7,Hans-Bir,Siliguri,2.43,4.68,142,Mumbai Warehouse,982,2026-07-09,135.0,Weather,High,Molestias itaque magnam quos corrupti perspiciatis quo.,2026-03-06,135.0,Expedite Shipment,Implemented,2025-12-12,135.0,Pending,5.0,3293.29,Minor delay occurred
2934,7,138,2026-02-19,2026-03-01,2026-03-04,362,Cancelled,Commodi Product,Groceries,4831.21,4,Wali PLC,Khandwa,2.76,4.43,138,Bangalore Warehouse,589,2026-06-20,118.0,Supplier Delay,Low,Rem cupiditate cumque soluta temporibus.,2026-05-10,118.0,Change Transport Route,Implemented,2026-03-19,118.0,Failed,9.0,7328.38,Issue resolved successfully
2935,3,2,2026-07-14,2026-07-20,2026-07-24,302,In Transit,Veniam Product,Furniture,880.89,5,"Balan, Virk and Mangal",Bangalore,3.73,4.49,2,Delhi Warehouse,824,2026-06-22,,,,,,,,,,,,,,
2936,17,138,2025-02-13,2025-02-15,2025-02-13,161,In Transit,Commodi Product,Groceries,4831.21,4,"Sule, Jaggi and Char",Pallavaram,6.39,3.52,138,Bangalore Warehouse,589,2026-06-20,,,,,,,,,,,,,,
2937,17,58,2025-11-11,2025-11-21,2025-11-20,231,In Transit,Tempore Product,Groceries,4870.19,6,"Sule, Jaggi and Char",Pallavaram,6.39,3.52,58,Bangalore Warehouse,328,2026-07-11,,,,,,,,,,,,,,
2938,19,74,2026-06-03,2026-06-08,2026-06-09,263,Delivered,Cum Product,Clothing,3762.37,5,"Nagar, Hari and Chada",Munger,9.42,4.61,74,Hyderabad Warehouse,592,2026-06-21,,,,,,,,,,,,,,
2939,5,94,2024-10-07,2024-10-13,2024-10-14,175,Delivered,Culpa Product,Clothing,4115.37,20,Chander-Sibal,Kochi,6.81,4.37,94,Delhi Warehouse,329,2026-07-15,,,,,,,,,,,,,,
2940,1,42,2025-07-11,2025-07-15,2025-07-16,451,In Transit,Exercitationem Product,Medical,980.26,5,"Balasubramanian, Gara and Memon",Nadiad,5.69,4.88,42,Bangalore Warehouse,493,2026-07-01,,,,,,,,,,,,,,
2941,8,113,2025-10-26,2025-11-04,2025-11-09,102,In Transit,Placeat Product,Groceries,4202.62,15,Hans-Bir,Siliguri,2.43,4.68,113,Mumbai Warehouse,228,2026-07-12,,,,,,,,,,,,,,
2942,3,124,2026-05-26,2026-06-05,2026-06-10,272,Cancelled,Excepturi Product,Furniture,756.02,2,"Balan, Virk and Mangal",Bangalore,3.73,4.49,124,Chennai Warehouse,123,2026-07-09,,,,,,,,,,,,,,
2943,13,32,2024-10-07,2024-10-10,2024-10-13,100,Delayed,Quis Product,Groceries,4929.24,1,"Borah, Gill and Varma",Dehri,6.15,3.78,32,Mumbai Warehouse,715,2026-07-01,,,,,,,,,,,,,,
2944,14,73,2025-01-26,2025-02-02,2025-02-04,278,Delayed,Debitis Product,Furniture,1718.5,11,"Bahri, Dugar and Ratti",Kottayam,8.09,4.85,73,Mumbai Warehouse,263,2026-07-09,,,,,,,,,,,,,,
2945,18,91,2025-07-16,2025-07-19,2025-07-24,35,Cancelled,Laudantium Product,Furniture,3665.32,5,Raju and Sons,Etawah,3.81,4.27,91,Hyderabad Warehouse,678,2026-07-12,,,,,,,,,,,,,,
2946,12,27,2025-01-05,2025-01-10,2025-01-09,271,Delayed,Vero Product,Furniture,4788.07,19,Thakur and Sons,Kanpur,5.83,3.5,27,Delhi Warehouse,91,2026-07-05,,,,,,,,,,,,,,
2947,2,28,2026-03-19,2026-03-21,2026-03-23,271,Cancelled,Quidem Product,Groceries,4168.94,2,Gour Ltd,Bhilwara,8.05,3.83,28,Hyderabad Warehouse,118,2026-06-24,60.0,Port Congestion,High,Tempora placeat aspernatur id laborum.,2025-08-19,60.0,Change Transport Route,Pending,2026-03-11,60.0,Resolved,11.0,754.83,Shipment rerouted
2948,16,111,2025-11-26,2025-12-03,2025-12-03,345,Delivered,Quaerat Product,Clothing,218.68,3,Handa-Manda,Vijayanagaram,8.66,4.77,111,Hyderabad Warehouse,662,2026-07-13,497.0,Weather,Low,Labore ullam sapiente esse temporibus voluptates nesciunt.,2026-04-30,497.0,Increase Safety Stock,Implemented,2026-04-07,497.0,Pending,10.0,6724.73,Minor delay occurred
2949,4,35,2025-04-10,2025-04-15,2025-04-16,159,Delivered,Dolores Product,Electronics,4034.14,20,Rajagopal-Jayaraman,Jalna,1.0,3.51,35,Chennai Warehouse,804,2026-07-11,,,,,,,,,,,,,,
2950,15,23,2026-05-27,2026-05-30,2026-05-29,221,Delayed,Quibusdam Product,Furniture,2588.22,10,Sastry and Sons,Haldia,5.45,4.34,23,Delhi Warehouse,912,2026-06-19,,,,,,,,,,,,,,
2951,4,29,2026-04-26,2026-05-06,2026-05-11,259,Delivered,Architecto Product,Furniture,4183.31,3,Rajagopal-Jayaraman,Jalna,1.0,3.51,29,Chennai Warehouse,981,2026-06-27,,,,,,,,,,,,,,
2952,6,45,2025-10-24,2025-10-27,2025-10-29,157,Delayed,Nobis Product,Medical,164.54,6,Bhavsar-Sampath,Bangalore,2.52,3.72,45,Bangalore Warehouse,567,2026-07-04,,,,,,,,,,,,,,
2953,17,60,2025-06-05,2025-06-10,2025-06-10,191,Cancelled,Ipsa Product,Furniture,2536.82,19,"Sule, Jaggi and Char",Pallavaram,6.39,3.52,60,Bangalore Warehouse,753,2026-07-14,,,,,,,,,,,,,,
2954,13,19,2024-11-14,2024-11-19,2024-11-18,54,In Transit,Officia Product,Electronics,667.17,9,"Borah, Gill and Varma",Dehri,6.15,3.78,19,Bangalore Warehouse,273,2026-06-24,,,,,,,,,,,,,,
2955,20,93,2024-10-24,2024-10-29,2024-10-31,272,Cancelled,Nemo Product,Automotive,3838.07,10,Chakraborty-Sengupta,Malda,5.0,3.56,93,Mumbai Warehouse,413,2026-06-19,438.0,Traffic,High,Necessitatibus eum excepturi at qui magnam debitis unde.,2026-02-06,438.0,Expedite Shipment,Rejected,2025-12-31,438.0,Partially Resolved,6.0,8602.82,Issue resolved successfully
2956,20,135,2025-10-01,2025-10-09,2025-10-07,284,In Transit,Nisi Product,Medical,1322.29,1,Chakraborty-Sengupta,Malda,5.0,3.56,135,Delhi Warehouse,660,2026-06-19,,,,,,,,,,,,,,
2957,1,31,2025-12-29,2026-01-04,2026-01-03,376,Cancelled,Non Product,Groceries,4067.09,17,"Balasubramanian, Gara and Memon",Nadiad,5.69,4.88,31,Mumbai Warehouse,995,2026-06-28,,,,,,,,,,,,,,
2958,13,132,2026-06-23,2026-07-01,2026-07-01,321,Delivered,Quisquam Product,Groceries,1498.72,7,"Borah, Gill and Varma",Dehri,6.15,3.78,132,Mumbai Warehouse,860,2026-07-05,,,,,,,,,,,,,,
2959,17,14,2025-06-20,2025-06-28,2025-06-29,25,Delivered,Nulla Product,Electronics,1235.72,15,"Sule, Jaggi and Char",Pallavaram,6.39,3.52,14,Hyderabad Warehouse,453,2026-07-12,,,,,,,,,,,,,,
2960,10,1,2025-09-18,2025-09-21,2025-09-23,293,Cancelled,Sint Product,Clothing,2204.33,20,"Mitter, Srinivasan and Dixit",Shimoga,1.81,3.9,1,Mumbai Warehouse,324,2026-07-01,,,,,,,,,,,,,,
2961,3,70,2024-10-18,2024-10-28,2024-11-02,458,In Transit,Excepturi Product,Automotive,4641.9,16,"Balan, Virk and Mangal",Bangalore,3.73,4.49,70,Bangalore Warehouse,802,2026-06-20,,,,,,,,,,,,,,
2962,1,138,2024-11-25,2024-12-04,2024-12-07,185,Delayed,Commodi Product,Groceries,4831.21,4,"Balasubramanian, Gara and Memon",Nadiad,5.69,4.88,138,Bangalore Warehouse,589,2026-06-20,82.0,Traffic,Low,Fugit non facere necessitatibus repellendus.,2026-05-20,82.0,Increase Safety Stock,Implemented,2025-09-20,82.0,Pending,7.0,5784.19,Issue resolved successfully
2963,13,29,2025-02-03,2025-02-08,2025-02-08,64,Delayed,Architecto Product,Furniture,4183.31,3,"Borah, Gill and Varma",Dehri,6.15,3.78,29,Chennai Warehouse,981,2026-06-27,,,,,,,,,,,,,,
2964,3,100,2025-01-23,2025-01-26,2025-01-30,239,Cancelled,Fugit Product,Clothing,465.64,12,"Balan, Virk and Mangal",Bangalore,3.73,4.49,100,Bangalore Warehouse,276,2026-06-20,,,,,,,,,,,,,,
2965,6,55,2026-06-10,2026-06-18,2026-06-20,230,Delivered,Odio Product,Furniture,4563.23,5,Bhavsar-Sampath,Bangalore,2.52,3.72,55,Bangalore Warehouse,422,2026-07-01,,,,,,,,,,,,,,
2966,6,10,2024-09-15,2024-09-19,2024-09-23,84,Cancelled,Ratione Product,Medical,834.09,9,Bhavsar-Sampath,Bangalore,2.52,3.72,10,Hyderabad Warehouse,815,2026-07-09,,,,,,,,,,,,,,
2967,19,15,2025-03-05,2025-03-10,2025-03-11,152,Delayed,Dolore Product,Automotive,1024.49,5,"Nagar, Hari and Chada",Munger,9.42,4.61,15,Chennai Warehouse,343,2026-07-02,,,,,,,,,,,,,,
2968,9,80,2024-11-06,2024-11-08,2024-11-08,121,Delayed,Corporis Product,Medical,4255.47,15,"Loyal, Varma and Tripathi",Firozabad,9.75,4.64,80,Mumbai Warehouse,656,2026-07-08,,,,,,,,,,,,,,
2969,13,85,2024-09-09,2024-09-12,2024-09-10,95,Delivered,Vero Product,Medical,287.27,20,"Borah, Gill and Varma",Dehri,6.15,3.78,85,Bangalore Warehouse,854,2026-06-21,148.0,Traffic,Medium,Illo reiciendis qui eum sed unde harum.,2026-06-05,148.0,Change Transport Route,Implemented,2025-07-31,148.0,Pending,4.0,6759.2,Minor delay occurred
2970,17,28,2025-05-28,2025-06-01,2025-06-02,181,Delivered,Quidem Product,Groceries,4168.94,2,"Sule, Jaggi and Char",Pallavaram,6.39,3.52,28,Hyderabad Warehouse,118,2026-06-24,,,,,,,,,,,,,,
2971,2,44,2025-02-08,2025-02-11,2025-02-16,109,In Transit,Voluptatum Product,Groceries,3216.56,15,Gour Ltd,Bhilwara,8.05,3.83,44,Chennai Warehouse,740,2026-07-04,,,,,,,,,,,,,,
2972,2,138,2025-11-14,2025-11-16,2025-11-16,136,Delivered,Commodi Product,Groceries,4831.21,4,Gour Ltd,Bhilwara,8.05,3.83,138,Bangalore Warehouse,589,2026-06-20,,,,,,,,,,,,,,
2973,16,34,2026-06-24,2026-07-02,2026-07-01,214,Delayed,Consequatur Product,Automotive,4834.5,8,Handa-Manda,Vijayanagaram,8.66,4.77,34,Delhi Warehouse,280,2026-06-18,119.0,Weather,High,Unde et eveniet porro odio fugiat dolor.,2026-07-13,119.0,Switch Supplier,Rejected,2025-07-27,119.0,Failed,12.0,-2986.64,Minor delay occurred
2973,16,34,2026-06-24,2026-07-02,2026-07-01,214,Delayed,Consequatur Product,Automotive,4834.5,8,Handa-Manda,Vijayanagaram,8.66,4.77,34,Delhi Warehouse,280,2026-06-18,514.0,Traffic,High,Maxime vitae necessitatibus eligendi asperiores.,2026-03-03,514.0,Switch Supplier,Approved,2025-12-24,514.0,Failed,11.0,-2841.76,Minor delay occurred
2974,16,118,2025-05-23,2025-05-25,2025-05-30,233,Delivered,Harum Product,Automotive,2602.93,16,Handa-Manda,Vijayanagaram,8.66,4.77,118,Bangalore Warehouse,482,2026-06-18,,,,,,,,,,,,,,
2975,17,12,2025-08-02,2025-08-05,2025-08-05,454,Cancelled,Fugit Product,Clothing,1357.85,15,"Sule, Jaggi and Char",Pallavaram,6.39,3.52,12,Hyderabad Warehouse,878,2026-06-22,201.0,Port Congestion,High,Recusandae natus distinctio deserunt.,2025-10-06,201.0,Change Transport Route,Implemented,2025-10-27,201.0,Failed,1.0,-4652.32,Minor delay occurred
2976,14,43,2025-05-03,2025-05-11,2025-05-14,450,Cancelled,Exercitationem Product,Furniture,2754.15,12,"Bahri, Dugar and Ratti",Kottayam,8.09,4.85,43,Delhi Warehouse,560,2026-06-21,,,,,,,,,,,,,,
2977,9,95,2025-06-14,2025-06-22,2025-06-24,134,Delayed,Temporibus Product,Automotive,2131.71,12,"Loyal, Varma and Tripathi",Firozabad,9.75,4.64,95,Hyderabad Warehouse,870,2026-07-10,,,,,,,,,,,,,,
2978,2,127,2025-10-04,2025-10-10,2025-10-08,140,In Transit,Eum Product,Automotive,1710.79,7,Gour Ltd,Bhilwara,8.05,3.83,127,Delhi Warehouse,588,2026-07-12,103.0,Traffic,Medium,Est ab excepturi ipsa.,2025-11-10,103.0,Expedite Shipment,Implemented,2025-08-08,103.0,Partially Resolved,1.0,5401.82,Supplier changed
2979,19,124,2025-11-30,2025-12-08,2025-12-11,356,Delivered,Excepturi Product,Furniture,756.02,2,"Nagar, Hari and Chada",Munger,9.42,4.61,124,Chennai Warehouse,123,2026-07-09,,,,,,,,,,,,,,
2980,11,63,2026-05-25,2026-06-02,2026-06-07,145,Cancelled,Minus Product,Electronics,1218.88,8,Banerjee Group,Alappuzha,8.52,4.3,63,Hyderabad Warehouse,518,2026-06-17,515.0,Weather,Low,Debitis labore culpa voluptas soluta quidem.,2026-04-07,515.0,Increase Safety Stock,Rejected,2025-08-29,515.0,Pending,4.0,3341.97,Cost increased
2981,3,114,2025-10-04,2025-10-11,2025-10-12,310,Cancelled,Dicta Product,Clothing,1943.15,20,"Balan, Virk and Mangal",Bangalore,3.73,4.49,114,Hyderabad Warehouse,822,2026-07-08,,,,,,,,,,,,,,
2982,14,35,2026-03-11,2026-03-18,2026-03-18,428,Delivered,Dolores Product,Electronics,4034.14,20,"Bahri, Dugar and Ratti",Kottayam,8.09,4.85,35,Chennai Warehouse,804,2026-07-11,,,,,,,,,,,,,,
2983,1,109,2025-08-26,2025-08-31,2025-08-29,413,Cancelled,Beatae Product,Automotive,1167.1,12,"Balasubramanian, Gara and Memon",Nadiad,5.69,4.88,109,Mumbai Warehouse,573,2026-06-17,,,,,,,,,,,,,,
2984,5,44,2025-04-10,2025-04-18,2025-04-18,112,In Transit,Voluptatum Product,Groceries,3216.56,15,Chander-Sibal,Kochi,6.81,4.37,44,Chennai Warehouse,740,2026-07-04,,,,,,,,,,,,,,
2985,17,148,2025-09-07,2025-09-12,2025-09-14,317,Delayed,Saepe Product,Groceries,920.71,10,"Sule, Jaggi and Char",Pallavaram,6.39,3.52,148,Delhi Warehouse,944,2026-06-16,,,,,,,,,,,,,,
2986,5,39,2025-08-13,2025-08-21,2025-08-20,471,Delivered,Amet Product,Automotive,1228.36,6,Chander-Sibal,Kochi,6.81,4.37,39,Chennai Warehouse,720,2026-07-10,,,,,,,,,,,,,,
2987,15,4,2025-05-12,2025-05-17,2025-05-17,111,In Transit,Dignissimos Product,Clothing,2106.24,6,Sastry and Sons,Haldia,5.45,4.34,4,Bangalore Warehouse,473,2026-06-30,,,,,,,,,,,,,,
2988,2,23,2025-05-20,2025-05-23,2025-05-28,106,Delivered,Quibusdam Product,Furniture,2588.22,10,Gour Ltd,Bhilwara,8.05,3.83,23,Delhi Warehouse,912,2026-06-19,,,,,,,,,,,,,,
2989,9,91,2024-08-30,2024-09-08,2024-09-08,447,Cancelled,Laudantium Product,Furniture,3665.32,5,"Loyal, Varma and Tripathi",Firozabad,9.75,4.64,91,Hyderabad Warehouse,678,2026-07-12,,,,,,,,,,,,,,
2990,14,22,2025-03-24,2025-03-27,2025-03-25,383,Delayed,Amet Product,Furniture,1453.32,6,"Bahri, Dugar and Ratti",Kottayam,8.09,4.85,22,Delhi Warehouse,386,2026-07-10,,,,,,,,,,,,,,
2991,16,51,2025-04-30,2025-05-08,2025-05-07,36,Delayed,Corrupti Product,Medical,1864.29,15,Handa-Manda,Vijayanagaram,8.66,4.77,51,Chennai Warehouse,926,2026-07-02,,,,,,,,,,,,,,
2992,15,138,2025-03-28,2025-03-30,2025-04-04,269,Cancelled,Commodi Product,Groceries,4831.21,4,Sastry and Sons,Haldia,5.45,4.34,138,Bangalore Warehouse,589,2026-06-20,,,,,,,,,,,,,,
2993,18,145,2025-06-20,2025-06-22,2025-06-20,79,Cancelled,Provident Product,Groceries,3598.65,5,Raju and Sons,Etawah,3.81,4.27,145,Bangalore Warehouse,739,2026-06-24,146.0,Supplier Delay,Low,Illo officia cumque quas sequi iusto.,2025-10-20,146.0,Expedite Shipment,Rejected,2026-07-08,146.0,Resolved,5.0,-3833.97,Issue resolved successfully
2994,19,143,2026-07-09,2026-07-18,2026-07-17,60,Cancelled,Exercitationem Product,Furniture,2333.4,6,"Nagar, Hari and Chada",Munger,9.42,4.61,143,Hyderabad Warehouse,191,2026-07-12,399.0,Port Congestion,Medium,Enim velit id perspiciatis commodi.,2025-11-13,399.0,Expedite Shipment,Approved,2025-09-21,399.0,Failed,5.0,10912.33,Supplier changed
2995,16,56,2026-02-02,2026-02-07,2026-02-11,239,Cancelled,Error Product,Electronics,333.18,11,Handa-Manda,Vijayanagaram,8.66,4.77,56,Chennai Warehouse,777,2026-07-07,,,,,,,,,,,,,,
2996,11,105,2024-11-12,2024-11-22,2024-11-26,329,Cancelled,Tenetur Product,Clothing,1337.9,1,Banerjee Group,Alappuzha,8.52,4.3,105,Hyderabad Warehouse,84,2026-07-03,,,,,,,,,,,,,,
2997,15,14,2025-08-21,2025-08-23,2025-08-24,231,Delivered,Nulla Product,Electronics,1235.72,15,Sastry and Sons,Haldia,5.45,4.34,14,Hyderabad Warehouse,453,2026-07-12,,,,,,,,,,,,,,
2998,18,93,2025-08-05,2025-08-10,2025-08-14,184,Delivered,Nemo Product,Automotive,3838.07,10,Raju and Sons,Etawah,3.81,4.27,93,Mumbai Warehouse,413,2026-06-19,,,,,,,,,,,,,,
2999,19,122,2026-03-24,2026-03-31,2026-04-05,278,Delivered,Expedita Product,Electronics,1957.13,8,"Nagar, Hari and Chada",Munger,9.42,4.61,122,Delhi Warehouse,394,2026-07-14,321.0,Port Congestion,Medium,Exercitationem aperiam ea aspernatur consectetur modi repellat.,2025-09-08,321.0,Change Transport Route,Pending,2026-06-20,321.0,Partially Resolved,11.0,13461.32,Issue resolved successfully
3000,10,27,2025-04-29,2025-05-05,2025-05-10,146,In Transit,Vero Product,Furniture,4788.07,19,"Mitter, Srinivasan and Dixit",Shimoga,1.81,3.9,27,Delhi Warehouse,91,2026-07-05,,,,,,,,,,,,,,
3001,1,113,2026-05-03,2026-05-06,2026-05-04,326,Delayed,Placeat Product,Groceries,4202.62,15,"Balasubramanian, Gara and Memon",Nadiad,5.69,4.88,113,Mumbai Warehouse,228,2026-07-12,312.0,Traffic,Low,Maiores placeat et sunt similique occaecati.,2025-12-21,312.0,Change Transport Route,Rejected,2026-01-21,312.0,Pending,7.0,9786.35,Supplier changed
3001,1,113,2026-05-03,2026-05-06,2026-05-04,326,Delayed,Placeat Product,Groceries,4202.62,15,"Balasubramanian, Gara and Memon",Nadiad,5.69,4.88,113,Mumbai Warehouse,228,2026-07-12,598.0,Port Congestion,High,Soluta voluptatum ex molestias.,2026-03-18,598.0,Change Transport Route,Implemented,2026-01-05,598.0,Partially Resolved,5.0,13479.38,Shipment rerouted
3002,4,14,2024-10-09,2024-10-19,2024-10-21,274,Cancelled,Nulla Product,Electronics,1235.72,15,Rajagopal-Jayaraman,Jalna,1.0,3.51,14,Hyderabad Warehouse,453,2026-07-12,287.0,Weather,Low,Praesentium atque alias repellendus illo cum quasi.,2025-11-26,287.0,Change Transport Route,Rejected,2026-02-15,287.0,Resolved,7.0,1265.01,Shipment rerouted
3003,5,88,2024-11-30,2024-12-03,2024-12-02,55,In Transit,Ab Product,Medical,441.59,19,Chander-Sibal,Kochi,6.81,4.37,88,Bangalore Warehouse,70,2026-07-10,,,,,,,,,,,,,,
3004,8,13,2026-02-27,2026-03-04,2026-03-02,301,Delivered,Reiciendis Product,Automotive,3971.98,6,Hans-Bir,Siliguri,2.43,4.68,13,Mumbai Warehouse,352,2026-07-10,,,,,,,,,,,,,,
3005,8,72,2025-03-11,2025-03-18,2025-03-16,40,Cancelled,Fuga Product,Groceries,160.42,9,Hans-Bir,Siliguri,2.43,4.68,72,Chennai Warehouse,359,2026-07-11,,,,,,,,,,,,,,
3006,11,77,2024-10-02,2024-10-08,2024-10-06,16,Delayed,Dolorum Product,Clothing,4786.13,4,Banerjee Group,Alappuzha,8.52,4.3,77,Hyderabad Warehouse,307,2026-07-05,,,,,,,,,,,,,,
3007,14,18,2025-02-24,2025-03-02,2025-03-06,351,Delivered,Commodi Product,Electronics,2870.64,11,"Bahri, Dugar and Ratti",Kottayam,8.09,4.85,18,Mumbai Warehouse,611,2026-06-21,,,,,,,,,,,,,,
3008,9,105,2026-07-07,2026-07-14,2026-07-19,197,Delivered,Tenetur Product,Clothing,1337.9,1,"Loyal, Varma and Tripathi",Firozabad,9.75,4.64,105,Hyderabad Warehouse,84,2026-07-03,,,,,,,,,,,,,,
3009,13,108,2025-11-07,2025-11-15,2025-11-14,469,In Transit,Debitis Product,Automotive,3133.95,9,"Borah, Gill and Varma",Dehri,6.15,3.78,108,Hyderabad Warehouse,767,2026-07-07,38.0,Port Congestion,Low,Cupiditate porro dolore repudiandae.,2026-01-17,38.0,Increase Safety Stock,Rejected,2026-03-13,38.0,Failed,10.0,7868.65,Shipment rerouted
3010,15,61,2024-11-29,2024-12-07,2024-12-12,328,In Transit,Eveniet Product,Furniture,3258.29,8,Sastry and Sons,Haldia,5.45,4.34,61,Mumbai Warehouse,725,2026-06-20,,,,,,,,,,,,,,
3011,1,69,2024-08-13,2024-08-23,2024-08-25,476,Delayed,Ipsa Product,Groceries,1707.84,17,"Balasubramanian, Gara and Memon",Nadiad,5.69,4.88,69,Mumbai Warehouse,267,2026-07-09,156.0,Traffic,Medium,Beatae et eligendi accusantium quisquam debitis nihil.,2025-07-31,156.0,Change Transport Route,Rejected,2026-01-02,156.0,Pending,14.0,1946.79,Cost increased
3012,8,57,2026-04-22,2026-05-01,2026-04-30,89,In Transit,Distinctio Product,Automotive,863.84,19,Hans-Bir,Siliguri,2.43,4.68,57,Hyderabad Warehouse,848,2026-06-28,,,,,,,,,,,,,,
3013,5,57,2024-10-22,2024-10-24,2024-10-29,406,Delivered,Distinctio Product,Automotive,863.84,19,Chander-Sibal,Kochi,6.81,4.37,57,Hyderabad Warehouse,848,2026-06-28,,,,,,,,,,,,,,
3014,3,76,2025-05-13,2025-05-16,2025-05-18,93,In Transit,Sunt Product,Electronics,2690.2,2,"Balan, Virk and Mangal",Bangalore,3.73,4.49,76,Delhi Warehouse,630,2026-06-16,,,,,,,,,,,,,,
3015,20,93,2026-02-14,2026-02-24,2026-02-27,303,Cancelled,Nemo Product,Automotive,3838.07,10,Chakraborty-Sengupta,Malda,5.0,3.56,93,Mumbai Warehouse,413,2026-06-19,,,,,,,,,,,,,,
3016,17,5,2026-06-27,2026-07-06,2026-07-05,42,Cancelled,Occaecati Product,Medical,1257.97,15,"Sule, Jaggi and Char",Pallavaram,6.39,3.52,5,Hyderabad Warehouse,892,2026-07-08,485.0,Port Congestion,High,Laudantium quaerat facilis quo qui at blanditiis.,2026-04-27,485.0,Expedite Shipment,Approved,2025-11-06,485.0,Failed,0.0,6355.97,Cost increased
3017,15,143,2025-04-19,2025-04-21,2025-04-20,495,In Transit,Exercitationem Product,Furniture,2333.4,6,Sastry and Sons,Haldia,5.45,4.34,143,Hyderabad Warehouse,191,2026-07-12,459.0,Transport Strike,High,A maxime sed nesciunt repellendus dolore.,2025-11-30,459.0,Switch Supplier,Implemented,2025-12-27,459.0,Partially Resolved,0.0,1969.55,Issue resolved successfully
3018,3,52,2025-12-13,2025-12-16,2025-12-17,472,Cancelled,Architecto Product,Medical,1642.77,20,"Balan, Virk and Mangal",Bangalore,3.73,4.49,52,Mumbai Warehouse,918,2026-06-30,,,,,,,,,,,,,,
3019,19,134,2025-06-18,2025-06-20,2025-06-23,125,Delayed,Eligendi Product,Automotive,3447.14,10,"Nagar, Hari and Chada",Munger,9.42,4.61,134,Hyderabad Warehouse,699,2026-07-02,,,,,,,,,,,,,,
3020,8,84,2026-01-04,2026-01-07,2026-01-12,17,Delivered,Ab Product,Clothing,1108.56,18,Hans-Bir,Siliguri,2.43,4.68,84,Bangalore Warehouse,80,2026-06-28,,,,,,,,,,,,,,
3021,12,114,2026-06-21,2026-06-24,2026-06-27,398,In Transit,Dicta Product,Clothing,1943.15,20,Thakur and Sons,Kanpur,5.83,3.5,114,Hyderabad Warehouse,822,2026-07-08,,,,,,,,,,,,,,
3022,1,35,2025-11-16,2025-11-19,2025-11-20,180,Delivered,Dolores Product,Electronics,4034.14,20,"Balasubramanian, Gara and Memon",Nadiad,5.69,4.88,35,Chennai Warehouse,804,2026-07-11,,,,,,,,,,,,,,
3023,7,89,2025-08-19,2025-08-21,2025-08-23,13,In Transit,Fugiat Product,Electronics,4524.8,7,Wali PLC,Khandwa,2.76,4.43,89,Bangalore Warehouse,597,2026-06-18,,,,,,,,,,,,,,
3024,2,92,2025-01-18,2025-01-28,2025-01-29,446,Cancelled,Architecto Product,Furniture,4826.14,10,Gour Ltd,Bhilwara,8.05,3.83,92,Mumbai Warehouse,215,2026-07-07,,,,,,,,,,,,,,
3025,15,31,2026-03-04,2026-03-12,2026-03-12,221,Cancelled,Non Product,Groceries,4067.09,17,Sastry and Sons,Haldia,5.45,4.34,31,Mumbai Warehouse,995,2026-06-28,,,,,,,,,,,,,,
3026,4,118,2026-02-18,2026-02-20,2026-02-19,156,Delayed,Harum Product,Automotive,2602.93,16,Rajagopal-Jayaraman,Jalna,1.0,3.51,118,Bangalore Warehouse,482,2026-06-18,,,,,,,,,,,,,,
3027,14,140,2024-08-10,2024-08-12,2024-08-11,273,In Transit,Recusandae Product,Groceries,2705.55,15,"Bahri, Dugar and Ratti",Kottayam,8.09,4.85,140,Hyderabad Warehouse,927,2026-06-18,,,,,,,,,,,,,,
3028,18,19,2025-02-20,2025-03-01,2025-03-04,426,Cancelled,Officia Product,Electronics,667.17,9,Raju and Sons,Etawah,3.81,4.27,19,Bangalore Warehouse,273,2026-06-24,,,,,,,,,,,,,,
3029,4,39,2026-06-07,2026-06-16,2026-06-19,459,In Transit,Amet Product,Automotive,1228.36,6,Rajagopal-Jayaraman,Jalna,1.0,3.51,39,Chennai Warehouse,720,2026-07-10,,,,,,,,,,,,,,
3030,9,66,2026-01-08,2026-01-12,2026-01-15,450,Delayed,Quas Product,Groceries,4225.31,19,"Loyal, Varma and Tripathi",Firozabad,9.75,4.64,66,Bangalore Warehouse,853,2026-06-19,,,,,,,,,,,,,,
3031,9,41,2026-04-12,2026-04-17,2026-04-22,334,Delivered,Architecto Product,Furniture,1703.5,1,"Loyal, Varma and Tripathi",Firozabad,9.75,4.64,41,Hyderabad Warehouse,681,2026-06-26,383.0,Port Congestion,Medium,Enim ex aspernatur expedita.,2025-08-17,383.0,Switch Supplier,Pending,2025-11-29,383.0,Resolved,6.0,13146.78,Minor delay occurred
3032,15,36,2025-01-12,2025-01-18,2025-01-20,343,Cancelled,Suscipit Product,Electronics,2750.46,10,Sastry and Sons,Haldia,5.45,4.34,36,Hyderabad Warehouse,271,2026-07-15,,,,,,,,,,,,,,
3033,5,52,2025-09-05,2025-09-10,2025-09-14,490,Cancelled,Architecto Product,Medical,1642.77,20,Chander-Sibal,Kochi,6.81,4.37,52,Mumbai Warehouse,918,2026-06-30,140.0,Supplier Delay,Medium,Velit architecto odit omnis nulla vero.,2026-04-29,140.0,Switch Supplier,Pending,2026-01-11,140.0,Partially Resolved,1.0,-3353.1,Cost increased
3034,5,6,2026-07-15,2026-07-25,2026-07-29,97,In Transit,Reiciendis Product,Furniture,3938.69,18,Chander-Sibal,Kochi,6.81,4.37,6,Bangalore Warehouse,894,2026-06-26,,,,,,,,,,,,,,
3035,6,58,2024-09-17,2024-09-24,2024-09-28,438,In Transit,Tempore Product,Groceries,4870.19,6,Bhavsar-Sampath,Bangalore,2.52,3.72,58,Bangalore Warehouse,328,2026-07-11,,,,,,,,,,,,,,
3036,11,73,2025-02-01,2025-02-09,2025-02-11,464,Delivered,Debitis Product,Furniture,1718.5,11,Banerjee Group,Alappuzha,8.52,4.3,73,Mumbai Warehouse,263,2026-07-09,,,,,,,,,,,,,,
3037,17,80,2025-04-19,2025-04-21,2025-04-25,165,Delivered,Corporis Product,Medical,4255.47,15,"Sule, Jaggi and Char",Pallavaram,6.39,3.52,80,Mumbai Warehouse,656,2026-07-08,,,,,,,,,,,,,,
3038,10,143,2025-08-01,2025-08-05,2025-08-07,399,Delayed,Exercitationem Product,Furniture,2333.4,6,"Mitter, Srinivasan and Dixit",Shimoga,1.81,3.9,143,Hyderabad Warehouse,191,2026-07-12,,,,,,,,,,,,,,
3039,6,136,2026-04-03,2026-04-05,2026-04-07,197,Cancelled,Facilis Product,Groceries,4154.63,13,Bhavsar-Sampath,Bangalore,2.52,3.72,136,Bangalore Warehouse,943,2026-07-08,,,,,,,,,,,,,,
3040,15,59,2024-11-12,2024-11-14,2024-11-16,71,Cancelled,Omnis Product,Electronics,2194.29,10,Sastry and Sons,Haldia,5.45,4.34,59,Chennai Warehouse,265,2026-07-01,,,,,,,,,,,,,,
3041,10,124,2025-01-26,2025-01-29,2025-01-27,368,In Transit,Excepturi Product,Furniture,756.02,2,"Mitter, Srinivasan and Dixit",Shimoga,1.81,3.9,124,Chennai Warehouse,123,2026-07-09,,,,,,,,,,,,,,
3042,14,46,2025-01-25,2025-02-01,2025-01-31,499,Delivered,Impedit Product,Electronics,1574.36,7,"Bahri, Dugar and Ratti",Kottayam,8.09,4.85,46,Chennai Warehouse,372,2026-06-23,,,,,,,,,,,,,,
3043,8,99,2025-11-24,2025-12-01,2025-12-02,418,Delayed,Quia Product,Furniture,677.17,19,Hans-Bir,Siliguri,2.43,4.68,99,Hyderabad Warehouse,72,2026-06-26,,,,,,,,,,,,,,
3044,4,51,2024-09-12,2024-09-15,2024-09-17,318,Cancelled,Corrupti Product,Medical,1864.29,15,Rajagopal-Jayaraman,Jalna,1.0,3.51,51,Chennai Warehouse,926,2026-07-02,,,,,,,,,,,,,,
3045,3,48,2025-09-12,2025-09-19,2025-09-24,91,Delayed,Neque Product,Medical,518.28,5,"Balan, Virk and Mangal",Bangalore,3.73,4.49,48,Delhi Warehouse,626,2026-06-27,,,,,,,,,,,,,,
3046,13,116,2026-03-03,2026-03-12,2026-03-17,121,Delayed,Architecto Product,Groceries,763.04,10,"Borah, Gill and Varma",Dehri,6.15,3.78,116,Bangalore Warehouse,102,2026-07-04,,,,,,,,,,,,,,
3047,3,43,2025-04-03,2025-04-10,2025-04-14,385,In Transit,Exercitationem Product,Furniture,2754.15,12,"Balan, Virk and Mangal",Bangalore,3.73,4.49,43,Delhi Warehouse,560,2026-06-21,,,,,,,,,,,,,,
3048,11,104,2026-01-01,2026-01-08,2026-01-08,339,In Transit,Laboriosam Product,Clothing,2160.36,3,Banerjee Group,Alappuzha,8.52,4.3,104,Delhi Warehouse,338,2026-06-24,,,,,,,,,,,,,,
3049,14,44,2026-03-11,2026-03-20,2026-03-21,34,Cancelled,Voluptatum Product,Groceries,3216.56,15,"Bahri, Dugar and Ratti",Kottayam,8.09,4.85,44,Chennai Warehouse,740,2026-07-04,,,,,,,,,,,,,,
3050,20,123,2025-12-03,2025-12-13,2025-12-13,491,Delayed,Amet Product,Electronics,2966.03,9,Chakraborty-Sengupta,Malda,5.0,3.56,123,Chennai Warehouse,249,2026-06-23,56.0,Weather,High,Dolores id aliquid.,2026-05-27,56.0,Expedite Shipment,Pending,2026-04-04,56.0,Failed,1.0,14073.7,Supplier changed
3051,15,83,2025-03-20,2025-03-25,2025-03-23,89,In Transit,Deserunt Product,Automotive,990.39,6,Sastry and Sons,Haldia,5.45,4.34,83,Delhi Warehouse,294,2026-07-15,,,,,,,,,,,,,,
3052,8,84,2025-12-23,2026-01-01,2025-12-30,383,In Transit,Ab Product,Clothing,1108.56,18,Hans-Bir,Siliguri,2.43,4.68,84,Bangalore Warehouse,80,2026-06-28,,,,,,,,,,,,,,
3053,20,61,2025-05-20,2025-05-28,2025-06-01,252,Delayed,Eveniet Product,Furniture,3258.29,8,Chakraborty-Sengupta,Malda,5.0,3.56,61,Mumbai Warehouse,725,2026-06-20,,,,,,,,,,,,,,
3054,11,44,2025-06-29,2025-07-08,2025-07-08,191,Delivered,Voluptatum Product,Groceries,3216.56,15,Banerjee Group,Alappuzha,8.52,4.3,44,Chennai Warehouse,740,2026-07-04,,,,,,,,,,,,,,
3055,16,58,2024-10-01,2024-10-04,2024-10-09,242,Delayed,Tempore Product,Groceries,4870.19,6,Handa-Manda,Vijayanagaram,8.66,4.77,58,Bangalore Warehouse,328,2026-07-11,,,,,,,,,,,,,,
3056,4,48,2025-03-19,2025-03-24,2025-03-24,235,Delayed,Neque Product,Medical,518.28,5,Rajagopal-Jayaraman,Jalna,1.0,3.51,48,Delhi Warehouse,626,2026-06-27,420.0,Supplier Delay,Low,Reiciendis ratione omnis cupiditate neque at doloremque delectus.,2026-02-14,420.0,Change Transport Route,Pending,2025-09-14,420.0,Failed,9.0,-1177.72,Minor delay occurred
3057,17,10,2024-08-04,2024-08-09,2024-08-13,321,Cancelled,Ratione Product,Medical,834.09,9,"Sule, Jaggi and Char",Pallavaram,6.39,3.52,10,Hyderabad Warehouse,815,2026-07-09,,,,,,,,,,,,,,
3058,7,101,2026-01-23,2026-01-25,2026-01-28,170,In Transit,Delectus Product,Automotive,1333.96,11,Wali PLC,Khandwa,2.76,4.43,101,Bangalore Warehouse,654,2026-06-16,,,,,,,,,,,,,,
3059,5,28,2025-02-21,2025-02-26,2025-02-26,200,Delayed,Quidem Product,Groceries,4168.94,2,Chander-Sibal,Kochi,6.81,4.37,28,Hyderabad Warehouse,118,2026-06-24,,,,,,,,,,,,,,
3060,14,39,2026-05-25,2026-05-28,2026-05-31,53,Delayed,Amet Product,Automotive,1228.36,6,"Bahri, Dugar and Ratti",Kottayam,8.09,4.85,39,Chennai Warehouse,720,2026-07-10,,,,,,,,,,,,,,
3061,18,31,2025-03-31,2025-04-02,2025-04-04,374,In Transit,Non Product,Groceries,4067.09,17,Raju and Sons,Etawah,3.81,4.27,31,Mumbai Warehouse,995,2026-06-28,,,,,,,,,,,,,,
3062,3,1,2024-11-26,2024-11-28,2024-11-27,364,Delayed,Sint Product,Clothing,2204.33,20,"Balan, Virk and Mangal",Bangalore,3.73,4.49,1,Mumbai Warehouse,324,2026-07-01,,,,,,,,,,,,,,
3063,19,103,2025-12-22,2025-12-25,2025-12-24,447,In Transit,Sunt Product,Furniture,3330.94,12,"Nagar, Hari and Chada",Munger,9.42,4.61,103,Chennai Warehouse,485,2026-07-13,,,,,,,,,,,,,,
3064,2,56,2026-04-19,2026-04-23,2026-04-23,145,In Transit,Error Product,Electronics,333.18,11,Gour Ltd,Bhilwara,8.05,3.83,56,Chennai Warehouse,777,2026-07-07,,,,,,,,,,,,,,
3065,13,46,2025-09-10,2025-09-20,2025-09-21,490,Delayed,Impedit Product,Electronics,1574.36,7,"Borah, Gill and Varma",Dehri,6.15,3.78,46,Chennai Warehouse,372,2026-06-23,,,,,,,,,,,,,,
3066,13,116,2024-12-21,2024-12-24,2024-12-23,411,Delivered,Architecto Product,Groceries,763.04,10,"Borah, Gill and Varma",Dehri,6.15,3.78,116,Bangalore Warehouse,102,2026-07-04,,,,,,,,,,,,,,
3067,3,106,2026-01-08,2026-01-13,2026-01-18,435,Delayed,Officiis Product,Clothing,3586.71,17,"Balan, Virk and Mangal",Bangalore,3.73,4.49,106,Delhi Warehouse,595,2026-06-23,447.0,Weather,Medium,Quaerat delectus ratione consectetur voluptates saepe dolores.,2025-09-04,447.0,Increase Safety Stock,Approved,2026-07-07,447.0,Failed,11.0,3406.22,Minor delay occurred
3068,8,19,2025-08-10,2025-08-19,2025-08-17,191,Cancelled,Officia Product,Electronics,667.17,9,Hans-Bir,Siliguri,2.43,4.68,19,Bangalore Warehouse,273,2026-06-24,,,,,,,,,,,,,,
3069,18,85,2025-05-05,2025-05-15,2025-05-18,158,Cancelled,Vero Product,Medical,287.27,20,Raju and Sons,Etawah,3.81,4.27,85,Bangalore Warehouse,854,2026-06-21,,,,,,,,,,,,,,
3070,3,74,2025-05-03,2025-05-13,2025-05-13,172,Delivered,Cum Product,Clothing,3762.37,5,"Balan, Virk and Mangal",Bangalore,3.73,4.49,74,Hyderabad Warehouse,592,2026-06-21,,,,,,,,,,,,,,
3071,18,88,2026-05-18,2026-05-23,2026-05-21,121,Delayed,Ab Product,Medical,441.59,19,Raju and Sons,Etawah,3.81,4.27,88,Bangalore Warehouse,70,2026-07-10,544.0,Transport Strike,Medium,Officiis quidem autem eos.,2025-12-10,544.0,Increase Safety Stock,Approved,2026-06-04,544.0,Pending,5.0,9647.19,Issue resolved successfully
3072,11,56,2024-12-19,2024-12-25,2024-12-28,364,Delayed,Error Product,Electronics,333.18,11,Banerjee Group,Alappuzha,8.52,4.3,56,Chennai Warehouse,777,2026-07-07,186.0,Transport Strike,High,Perspiciatis illum rem consequatur iure quae eos.,2026-05-29,186.0,Switch Supplier,Pending,2026-04-18,186.0,Partially Resolved,1.0,9458.69,Issue resolved successfully
3073,15,38,2026-06-28,2026-07-08,2026-07-11,349,Delayed,Laborum Product,Groceries,3934.86,13,Sastry and Sons,Haldia,5.45,4.34,38,Mumbai Warehouse,317,2026-07-03,129.0,Traffic,Low,Numquam tenetur exercitationem.,2026-04-18,129.0,Expedite Shipment,Pending,2025-10-16,129.0,Resolved,0.0,5484.29,Supplier changed
3074,4,3,2025-03-18,2025-03-24,2025-03-23,135,Delayed,Iure Product,Medical,1939.35,19,Rajagopal-Jayaraman,Jalna,1.0,3.51,3,Mumbai Warehouse,584,2026-07-06,,,,,,,,,,,,,,
3075,9,83,2025-01-16,2025-01-19,2025-01-24,193,In Transit,Deserunt Product,Automotive,990.39,6,"Loyal, Varma and Tripathi",Firozabad,9.75,4.64,83,Delhi Warehouse,294,2026-07-15,,,,,,,,,,,,,,
3076,12,6,2026-06-04,2026-06-07,2026-06-09,150,Cancelled,Reiciendis Product,Furniture,3938.69,18,Thakur and Sons,Kanpur,5.83,3.5,6,Bangalore Warehouse,894,2026-06-26,,,,,,,,,,,,,,
3077,10,3,2025-05-28,2025-06-03,2025-06-01,263,Delivered,Iure Product,Medical,1939.35,19,"Mitter, Srinivasan and Dixit",Shimoga,1.81,3.9,3,Mumbai Warehouse,584,2026-07-06,,,,,,,,,,,,,,
3078,8,115,2025-10-03,2025-10-06,2025-10-08,16,Delayed,Accusamus Product,Clothing,1194.04,7,Hans-Bir,Siliguri,2.43,4.68,115,Chennai Warehouse,832,2026-06-27,,,,,,,,,,,,,,
3079,3,13,2025-10-24,2025-10-28,2025-10-26,250,Delayed,Reiciendis Product,Automotive,3971.98,6,"Balan, Virk and Mangal",Bangalore,3.73,4.49,13,Mumbai Warehouse,352,2026-07-10,,,,,,,,,,,,,,
3080,7,81,2026-04-19,2026-04-28,2026-05-03,374,In Transit,Voluptatibus Product,Automotive,1958.75,1,Wali PLC,Khandwa,2.76,4.43,81,Chennai Warehouse,875,2026-06-17,,,,,,,,,,,,,,
3081,20,29,2024-12-18,2024-12-22,2024-12-22,100,Delivered,Architecto Product,Furniture,4183.31,3,Chakraborty-Sengupta,Malda,5.0,3.56,29,Chennai Warehouse,981,2026-06-27,,,,,,,,,,,,,,
3082,11,74,2024-11-25,2024-12-04,2024-12-09,163,Delivered,Cum Product,Clothing,3762.37,5,Banerjee Group,Alappuzha,8.52,4.3,74,Hyderabad Warehouse,592,2026-06-21,,,,,,,,,,,,,,
3083,18,122,2024-08-21,2024-08-29,2024-08-29,414,Delayed,Expedita Product,Electronics,1957.13,8,Raju and Sons,Etawah,3.81,4.27,122,Delhi Warehouse,394,2026-07-14,,,,,,,,,,,,,,
3084,8,149,2024-12-13,2024-12-16,2024-12-20,365,Cancelled,Asperiores Product,Groceries,2199.52,9,Hans-Bir,Siliguri,2.43,4.68,149,Chennai Warehouse,331,2026-07-13,,,,,,,,,,,,,,
3085,2,127,2024-09-17,2024-09-22,2024-09-24,304,Delivered,Eum Product,Automotive,1710.79,7,Gour Ltd,Bhilwara,8.05,3.83,127,Delhi Warehouse,588,2026-07-12,,,,,,,,,,,,,,
3086,17,92,2025-02-18,2025-02-21,2025-02-20,331,In Transit,Architecto Product,Furniture,4826.14,10,"Sule, Jaggi and Char",Pallavaram,6.39,3.52,92,Mumbai Warehouse,215,2026-07-07,,,,,,,,,,,,,,
3087,17,111,2026-03-08,2026-03-17,2026-03-22,315,Cancelled,Quaerat Product,Clothing,218.68,3,"Sule, Jaggi and Char",Pallavaram,6.39,3.52,111,Hyderabad Warehouse,662,2026-07-13,,,,,,,,,,,,,,
3088,17,117,2024-08-27,2024-08-31,2024-09-05,88,In Transit,Quisquam Product,Medical,1461.86,8,"Sule, Jaggi and Char",Pallavaram,6.39,3.52,117,Hyderabad Warehouse,793,2026-06-16,,,,,,,,,,,,,,
3089,2,113,2026-04-07,2026-04-12,2026-04-14,436,Delayed,Placeat Product,Groceries,4202.62,15,Gour Ltd,Bhilwara,8.05,3.83,113,Mumbai Warehouse,228,2026-07-12,,,,,,,,,,,,,,
3090,6,75,2025-01-02,2025-01-11,2025-01-13,174,In Transit,Recusandae Product,Automotive,4884.77,14,Bhavsar-Sampath,Bangalore,2.52,3.72,75,Chennai Warehouse,450,2026-07-07,,,,,,,,,,,,,,
3091,19,50,2025-05-03,2025-05-07,2025-05-06,40,Delivered,Quae Product,Automotive,939.97,7,"Nagar, Hari and Chada",Munger,9.42,4.61,50,Chennai Warehouse,576,2026-07-06,,,,,,,,,,,,,,
3092,2,52,2026-07-10,2026-07-14,2026-07-16,360,Delivered,Architecto Product,Medical,1642.77,20,Gour Ltd,Bhilwara,8.05,3.83,52,Mumbai Warehouse,918,2026-06-30,,,,,,,,,,,,,,
3093,12,105,2026-05-21,2026-05-25,2026-05-27,145,In Transit,Tenetur Product,Clothing,1337.9,1,Thakur and Sons,Kanpur,5.83,3.5,105,Hyderabad Warehouse,84,2026-07-03,,,,,,,,,,,,,,
3094,19,81,2024-12-17,2024-12-24,2024-12-26,222,Cancelled,Voluptatibus Product,Automotive,1958.75,1,"Nagar, Hari and Chada",Munger,9.42,4.61,81,Chennai Warehouse,875,2026-06-17,,,,,,,,,,,,,,
3095,4,144,2026-03-20,2026-03-28,2026-03-30,131,In Transit,Ipsam Product,Electronics,744.79,2,Rajagopal-Jayaraman,Jalna,1.0,3.51,144,Mumbai Warehouse,720,2026-06-29,,,,,,,,,,,,,,
3096,19,81,2025-08-23,2025-09-02,2025-08-31,383,Delivered,Voluptatibus Product,Automotive,1958.75,1,"Nagar, Hari and Chada",Munger,9.42,4.61,81,Chennai Warehouse,875,2026-06-17,,,,,,,,,,,,,,
3097,11,28,2025-09-19,2025-09-26,2025-09-26,136,Delayed,Quidem Product,Groceries,4168.94,2,Banerjee Group,Alappuzha,8.52,4.3,28,Hyderabad Warehouse,118,2026-06-24,,,,,,,,,,,,,,
3098,10,118,2025-01-13,2025-01-19,2025-01-23,455,Delayed,Harum Product,Automotive,2602.93,16,"Mitter, Srinivasan and Dixit",Shimoga,1.81,3.9,118,Bangalore Warehouse,482,2026-06-18,,,,,,,,,,,,,,
3099,3,132,2024-09-11,2024-09-16,2024-09-15,141,In Transit,Quisquam Product,Groceries,1498.72,7,"Balan, Virk and Mangal",Bangalore,3.73,4.49,132,Mumbai Warehouse,860,2026-07-05,,,,,,,,,,,,,,
3100,11,46,2025-02-02,2025-02-07,2025-02-07,172,In Transit,Impedit Product,Electronics,1574.36,7,Banerjee Group,Alappuzha,8.52,4.3,46,Chennai Warehouse,372,2026-06-23,,,,,,,,,,,,,,
3101,9,144,2024-11-21,2024-11-23,2024-11-24,17,Delayed,Ipsam Product,Electronics,744.79,2,"Loyal, Varma and Tripathi",Firozabad,9.75,4.64,144,Mumbai Warehouse,720,2026-06-29,,,,,,,,,,,,,,
3102,2,75,2026-03-18,2026-03-27,2026-03-25,182,Delayed,Recusandae Product,Automotive,4884.77,14,Gour Ltd,Bhilwara,8.05,3.83,75,Chennai Warehouse,450,2026-07-07,,,,,,,,,,,,,,
3103,12,53,2024-10-11,2024-10-21,2024-10-21,452,Delayed,Ea Product,Clothing,3005.08,10,Thakur and Sons,Kanpur,5.83,3.5,53,Delhi Warehouse,480,2026-06-28,,,,,,,,,,,,,,
3104,20,109,2026-05-10,2026-05-19,2026-05-20,187,In Transit,Beatae Product,Automotive,1167.1,12,Chakraborty-Sengupta,Malda,5.0,3.56,109,Mumbai Warehouse,573,2026-06-17,,,,,,,,,,,,,,
3105,19,36,2026-02-03,2026-02-13,2026-02-12,90,Cancelled,Suscipit Product,Electronics,2750.46,10,"Nagar, Hari and Chada",Munger,9.42,4.61,36,Hyderabad Warehouse,271,2026-07-15,,,,,,,,,,,,,,
3106,15,43,2025-11-19,2025-11-23,2025-11-24,343,In Transit,Exercitationem Product,Furniture,2754.15,12,Sastry and Sons,Haldia,5.45,4.34,43,Delhi Warehouse,560,2026-06-21,40.0,Traffic,Low,Aliquid similique molestias velit accusamus quas.,2026-03-29,40.0,Change Transport Route,Pending,2025-12-13,40.0,Pending,5.0,-4024.78,Cost increased
3107,7,125,2025-12-17,2025-12-20,2025-12-18,393,Delivered,Consectetur Product,Clothing,1221.23,13,Wali PLC,Khandwa,2.76,4.43,125,Chennai Warehouse,72,2026-06-29,,,,,,,,,,,,,,
3108,17,32,2025-04-07,2025-04-13,2025-04-12,69,Cancelled,Quis Product,Groceries,4929.24,1,"Sule, Jaggi and Char",Pallavaram,6.39,3.52,32,Mumbai Warehouse,715,2026-07-01,,,,,,,,,,,,,,
3109,2,17,2024-11-17,2024-11-27,2024-12-02,160,Delayed,Veniam Product,Clothing,2682.42,6,Gour Ltd,Bhilwara,8.05,3.83,17,Bangalore Warehouse,243,2026-07-06,,,,,,,,,,,,,,
3110,20,25,2025-06-25,2025-07-02,2025-07-02,88,Delivered,Vel Product,Automotive,3265.92,1,Chakraborty-Sengupta,Malda,5.0,3.56,25,Bangalore Warehouse,437,2026-07-06,,,,,,,,,,,,,,
3111,8,54,2024-12-05,2024-12-15,2024-12-15,400,Cancelled,Voluptatem Product,Groceries,3641.55,2,Hans-Bir,Siliguri,2.43,4.68,54,Chennai Warehouse,842,2026-06-17,,,,,,,,,,,,,,
3112,11,49,2024-12-20,2024-12-29,2024-12-29,277,Delivered,Alias Product,Furniture,4769.64,3,Banerjee Group,Alappuzha,8.52,4.3,49,Bangalore Warehouse,842,2026-07-01,,,,,,,,,,,,,,
3113,6,91,2024-11-16,2024-11-21,2024-11-25,249,Cancelled,Laudantium Product,Furniture,3665.32,5,Bhavsar-Sampath,Bangalore,2.52,3.72,91,Hyderabad Warehouse,678,2026-07-12,,,,,,,,,,,,,,
3114,10,65,2024-09-28,2024-10-08,2024-10-10,230,Cancelled,Ut Product,Groceries,3277.06,2,"Mitter, Srinivasan and Dixit",Shimoga,1.81,3.9,65,Delhi Warehouse,911,2026-07-06,,,,,,,,,,,,,,
3115,20,143,2025-06-08,2025-06-16,2025-06-16,211,Delayed,Exercitationem Product,Furniture,2333.4,6,Chakraborty-Sengupta,Malda,5.0,3.56,143,Hyderabad Warehouse,191,2026-07-12,,,,,,,,,,,,,,
3116,3,112,2025-02-08,2025-02-16,2025-02-21,386,Cancelled,Modi Product,Electronics,2985.26,19,"Balan, Virk and Mangal",Bangalore,3.73,4.49,112,Bangalore Warehouse,212,2026-06-25,,,,,,,,,,,,,,
3117,16,51,2025-05-09,2025-05-12,2025-05-12,400,Cancelled,Corrupti Product,Medical,1864.29,15,Handa-Manda,Vijayanagaram,8.66,4.77,51,Chennai Warehouse,926,2026-07-02,,,,,,,,,,,,,,
3118,11,28,2025-06-06,2025-06-11,2025-06-15,193,Delivered,Quidem Product,Groceries,4168.94,2,Banerjee Group,Alappuzha,8.52,4.3,28,Hyderabad Warehouse,118,2026-06-24,144.0,Port Congestion,Low,Saepe fugit eligendi optio.,2025-10-11,144.0,Change Transport Route,Rejected,2026-06-25,144.0,Resolved,0.0,4865.72,Shipment rerouted
3119,8,36,2025-08-26,2025-09-01,2025-09-06,358,Cancelled,Suscipit Product,Electronics,2750.46,10,Hans-Bir,Siliguri,2.43,4.68,36,Hyderabad Warehouse,271,2026-07-15,,,,,,,,,,,,,,
3120,19,116,2026-04-08,2026-04-12,2026-04-16,196,Cancelled,Architecto Product,Groceries,763.04,10,"Nagar, Hari and Chada",Munger,9.42,4.61,116,Bangalore Warehouse,102,2026-07-04,,,,,,,,,,,,,,
3121,18,44,2025-03-19,2025-03-22,2025-03-22,480,Delayed,Voluptatum Product,Groceries,3216.56,15,Raju and Sons,Etawah,3.81,4.27,44,Chennai Warehouse,740,2026-07-04,,,,,,,,,,,,,,
3122,3,37,2026-06-05,2026-06-10,2026-06-13,272,Delivered,Earum Product,Groceries,442.22,11,"Balan, Virk and Mangal",Bangalore,3.73,4.49,37,Mumbai Warehouse,198,2026-06-16,,,,,,,,,,,,,,
3123,1,65,2025-12-10,2025-12-16,2025-12-14,10,Cancelled,Ut Product,Groceries,3277.06,2,"Balasubramanian, Gara and Memon",Nadiad,5.69,4.88,65,Delhi Warehouse,911,2026-07-06,460.0,Transport Strike,High,Aspernatur ducimus perspiciatis saepe harum beatae.,2026-02-07,460.0,Increase Safety Stock,Approved,2026-05-23,460.0,Partially Resolved,11.0,6531.98,Cost increased
3124,6,122,2025-01-07,2025-01-13,2025-01-13,160,Delayed,Expedita Product,Electronics,1957.13,8,Bhavsar-Sampath,Bangalore,2.52,3.72,122,Delhi Warehouse,394,2026-07-14,,,,,,,,,,,,,,
3125,17,34,2025-07-25,2025-08-04,2025-08-03,433,In Transit,Consequatur Product,Automotive,4834.5,8,"Sule, Jaggi and Char",Pallavaram,6.39,3.52,34,Delhi Warehouse,280,2026-06-18,,,,,,,,,,,,,,
3126,14,2,2026-06-10,2026-06-19,2026-06-23,189,Delayed,Veniam Product,Furniture,880.89,5,"Bahri, Dugar and Ratti",Kottayam,8.09,4.85,2,Delhi Warehouse,824,2026-06-22,,,,,,,,,,,,,,
3127,13,36,2024-11-03,2024-11-06,2024-11-04,324,Delivered,Suscipit Product,Electronics,2750.46,10,"Borah, Gill and Varma",Dehri,6.15,3.78,36,Hyderabad Warehouse,271,2026-07-15,,,,,,,,,,,,,,
3128,4,51,2024-07-31,2024-08-07,2024-08-08,235,In Transit,Corrupti Product,Medical,1864.29,15,Rajagopal-Jayaraman,Jalna,1.0,3.51,51,Chennai Warehouse,926,2026-07-02,,,,,,,,,,,,,,
3129,13,63,2025-10-14,2025-10-22,2025-10-22,474,Delivered,Minus Product,Electronics,1218.88,8,"Borah, Gill and Varma",Dehri,6.15,3.78,63,Hyderabad Warehouse,518,2026-06-17,,,,,,,,,,,,,,
3130,7,62,2024-11-23,2024-11-25,2024-11-24,220,In Transit,Officiis Product,Medical,3477.18,12,Wali PLC,Khandwa,2.76,4.43,62,Chennai Warehouse,668,2026-07-05,,,,,,,,,,,,,,
3131,2,11,2026-06-05,2026-06-07,2026-06-09,154,Cancelled,Ducimus Product,Clothing,2306.22,11,Gour Ltd,Bhilwara,8.05,3.83,11,Delhi Warehouse,137,2026-06-19,,,,,,,,,,,,,,
3132,19,37,2024-09-11,2024-09-20,2024-09-19,25,In Transit,Earum Product,Groceries,442.22,11,"Nagar, Hari and Chada",Munger,9.42,4.61,37,Mumbai Warehouse,198,2026-06-16,192.0,Supplier Delay,High,Assumenda aliquam sit odit.,2025-10-05,192.0,Switch Supplier,Rejected,2025-08-18,192.0,Partially Resolved,2.0,6557.53,Supplier changed
3133,4,103,2025-04-16,2025-04-21,2025-04-20,85,Cancelled,Sunt Product,Furniture,3330.94,12,Rajagopal-Jayaraman,Jalna,1.0,3.51,103,Chennai Warehouse,485,2026-07-13,,,,,,,,,,,,,,
3134,18,88,2025-01-06,2025-01-12,2025-01-17,265,Delayed,Ab Product,Medical,441.59,19,Raju and Sons,Etawah,3.81,4.27,88,Bangalore Warehouse,70,2026-07-10,,,,,,,,,,,,,,
3135,4,108,2024-09-06,2024-09-10,2024-09-08,157,Delivered,Debitis Product,Automotive,3133.95,9,Rajagopal-Jayaraman,Jalna,1.0,3.51,108,Hyderabad Warehouse,767,2026-07-07,,,,,,,,,,,,,,
3136,1,103,2024-09-28,2024-10-05,2024-10-08,443,In Transit,Sunt Product,Furniture,3330.94,12,"Balasubramanian, Gara and Memon",Nadiad,5.69,4.88,103,Chennai Warehouse,485,2026-07-13,,,,,,,,,,,,,,
3137,20,5,2025-04-09,2025-04-15,2025-04-20,476,Delivered,Occaecati Product,Medical,1257.97,15,Chakraborty-Sengupta,Malda,5.0,3.56,5,Hyderabad Warehouse,892,2026-07-08,,,,,,,,,,,,,,
3138,15,114,2026-05-23,2026-05-28,2026-05-31,265,Delayed,Dicta Product,Clothing,1943.15,20,Sastry and Sons,Haldia,5.45,4.34,114,Hyderabad Warehouse,822,2026-07-08,,,,,,,,,,,,,,
3139,11,33,2025-10-30,2025-11-09,2025-11-12,243,Delivered,Facere Product,Medical,1997.29,4,Banerjee Group,Alappuzha,8.52,4.3,33,Delhi Warehouse,549,2026-07-12,,,,,,,,,,,,,,
3140,10,11,2026-06-06,2026-06-10,2026-06-12,361,Cancelled,Ducimus Product,Clothing,2306.22,11,"Mitter, Srinivasan and Dixit",Shimoga,1.81,3.9,11,Delhi Warehouse,137,2026-06-19,,,,,,,,,,,,,,
3141,4,18,2026-06-10,2026-06-20,2026-06-22,65,Delivered,Commodi Product,Electronics,2870.64,11,Rajagopal-Jayaraman,Jalna,1.0,3.51,18,Mumbai Warehouse,611,2026-06-21,,,,,,,,,,,,,,
3142,8,45,2025-05-19,2025-05-29,2025-06-03,223,Cancelled,Nobis Product,Medical,164.54,6,Hans-Bir,Siliguri,2.43,4.68,45,Bangalore Warehouse,567,2026-07-04,,,,,,,,,,,,,,
3143,12,132,2024-10-05,2024-10-13,2024-10-16,332,Delivered,Quisquam Product,Groceries,1498.72,7,Thakur and Sons,Kanpur,5.83,3.5,132,Mumbai Warehouse,860,2026-07-05,,,,,,,,,,,,,,
3144,15,102,2025-01-09,2025-01-18,2025-01-23,95,In Transit,Molestias Product,Furniture,2262.92,3,Sastry and Sons,Haldia,5.45,4.34,102,Chennai Warehouse,835,2026-06-22,,,,,,,,,,,,,,
3145,20,52,2025-01-06,2025-01-15,2025-01-20,37,Delayed,Architecto Product,Medical,1642.77,20,Chakraborty-Sengupta,Malda,5.0,3.56,52,Mumbai Warehouse,918,2026-06-30,,,,,,,,,,,,,,
3146,2,120,2025-03-14,2025-03-19,2025-03-19,51,Delivered,Magnam Product,Electronics,3329.48,19,Gour Ltd,Bhilwara,8.05,3.83,120,Bangalore Warehouse,996,2026-07-07,450.0,Transport Strike,High,Laudantium doloribus sed doloribus non expedita.,2025-09-17,450.0,Change Transport Route,Implemented,2025-10-13,450.0,Partially Resolved,1.0,-3013.56,Minor delay occurred
3147,16,4,2025-12-30,2026-01-01,2026-01-01,152,Cancelled,Dignissimos Product,Clothing,2106.24,6,Handa-Manda,Vijayanagaram,8.66,4.77,4,Bangalore Warehouse,473,2026-06-30,,,,,,,,,,,,,,
3148,15,90,2024-09-23,2024-09-25,2024-09-27,45,Delayed,Quo Product,Electronics,4661.14,19,Sastry and Sons,Haldia,5.45,4.34,90,Delhi Warehouse,466,2026-06-28,,,,,,,,,,,,,,
3149,19,74,2026-06-24,2026-06-28,2026-07-03,204,Delayed,Cum Product,Clothing,3762.37,5,"Nagar, Hari and Chada",Munger,9.42,4.61,74,Hyderabad Warehouse,592,2026-06-21,258.0,Traffic,High,Id voluptatum nobis aliquid neque id asperiores.,2026-02-20,258.0,Increase Safety Stock,Implemented,2025-10-02,258.0,Failed,8.0,-1211.85,Supplier changed
3150,15,21,2026-04-12,2026-04-22,2026-04-24,365,In Transit,Animi Product,Automotive,3616.57,8,Sastry and Sons,Haldia,5.45,4.34,21,Delhi Warehouse,666,2026-06-27,342.0,Traffic,Medium,Exercitationem voluptas architecto.,2025-12-26,342.0,Increase Safety Stock,Implemented,2025-11-26,342.0,Resolved,9.0,6942.66,Issue resolved successfully
3150,15,21,2026-04-12,2026-04-22,2026-04-24,365,In Transit,Animi Product,Automotive,3616.57,8,Sastry and Sons,Haldia,5.45,4.34,21,Delhi Warehouse,666,2026-06-27,587.0,Supplier Delay,Medium,Nemo saepe a illum.,2025-09-19,587.0,Change Transport Route,Implemented,2026-01-30,587.0,Resolved,6.0,8221.51,Supplier changed
3151,11,116,2026-01-23,2026-01-26,2026-01-26,104,In Transit,Architecto Product,Groceries,763.04,10,Banerjee Group,Alappuzha,8.52,4.3,116,Bangalore Warehouse,102,2026-07-04,,,,,,,,,,,,,,
3152,11,125,2025-06-29,2025-07-06,2025-07-04,458,Cancelled,Consectetur Product,Clothing,1221.23,13,Banerjee Group,Alappuzha,8.52,4.3,125,Chennai Warehouse,72,2026-06-29,,,,,,,,,,,,,,
3153,1,139,2026-05-03,2026-05-08,2026-05-11,214,Cancelled,Vero Product,Furniture,4054.68,9,"Balasubramanian, Gara and Memon",Nadiad,5.69,4.88,139,Mumbai Warehouse,185,2026-07-15,,,,,,,,,,,,,,
3154,17,129,2026-04-28,2026-05-01,2026-04-29,41,Delivered,Repellat Product,Clothing,772.83,16,"Sule, Jaggi and Char",Pallavaram,6.39,3.52,129,Bangalore Warehouse,81,2026-07-01,,,,,,,,,,,,,,
3155,5,104,2025-06-21,2025-06-30,2025-06-28,276,Delayed,Laboriosam Product,Clothing,2160.36,3,Chander-Sibal,Kochi,6.81,4.37,104,Delhi Warehouse,338,2026-06-24,,,,,,,,,,,,,,
3156,18,93,2025-02-15,2025-02-25,2025-02-24,315,In Transit,Nemo Product,Automotive,3838.07,10,Raju and Sons,Etawah,3.81,4.27,93,Mumbai Warehouse,413,2026-06-19,,,,,,,,,,,,,,
3157,17,65,2024-10-23,2024-10-29,2024-11-02,84,Cancelled,Ut Product,Groceries,3277.06,2,"Sule, Jaggi and Char",Pallavaram,6.39,3.52,65,Delhi Warehouse,911,2026-07-06,136.0,Machine Failure,Low,Modi eius ex molestiae numquam.,2026-06-15,136.0,Switch Supplier,Approved,2026-02-19,136.0,Pending,12.0,8668.69,Issue resolved successfully
3158,12,24,2024-09-27,2024-10-02,2024-10-02,475,Delivered,Dolorem Product,Medical,3211.29,13,Thakur and Sons,Kanpur,5.83,3.5,24,Bangalore Warehouse,374,2026-06-27,,,,,,,,,,,,,,
3159,6,32,2025-06-12,2025-06-17,2025-06-20,31,Delayed,Quis Product,Groceries,4929.24,1,Bhavsar-Sampath,Bangalore,2.52,3.72,32,Mumbai Warehouse,715,2026-07-01,,,,,,,,,,,,,,
3160,6,79,2025-12-30,2026-01-02,2026-01-01,256,In Transit,Officiis Product,Automotive,3036.4,6,Bhavsar-Sampath,Bangalore,2.52,3.72,79,Bangalore Warehouse,898,2026-06-30,,,,,,,,,,,,,,
3161,18,95,2026-01-25,2026-02-04,2026-02-05,498,Delivered,Temporibus Product,Automotive,2131.71,12,Raju and Sons,Etawah,3.81,4.27,95,Hyderabad Warehouse,870,2026-07-10,,,,,,,,,,,,,,
3162,20,101,2024-12-31,2025-01-03,2025-01-03,106,Cancelled,Delectus Product,Automotive,1333.96,11,Chakraborty-Sengupta,Malda,5.0,3.56,101,Bangalore Warehouse,654,2026-06-16,,,,,,,,,,,,,,
3163,7,35,2026-03-31,2026-04-04,2026-04-08,372,Cancelled,Dolores Product,Electronics,4034.14,20,Wali PLC,Khandwa,2.76,4.43,35,Chennai Warehouse,804,2026-07-11,,,,,,,,,,,,,,
3164,11,102,2025-06-20,2025-06-30,2025-06-30,353,Delayed,Molestias Product,Furniture,2262.92,3,Banerjee Group,Alappuzha,8.52,4.3,102,Chennai Warehouse,835,2026-06-22,66.0,Supplier Delay,High,Tempore iure adipisci deleniti ex quis repellat.,2025-11-09,66.0,Increase Safety Stock,Rejected,2026-05-17,66.0,Pending,4.0,6698.37,Supplier changed
3164,11,102,2025-06-20,2025-06-30,2025-06-30,353,Delayed,Molestias Product,Furniture,2262.92,3,Banerjee Group,Alappuzha,8.52,4.3,102,Chennai Warehouse,835,2026-06-22,137.0,Transport Strike,High,Possimus culpa modi fugiat.,2025-09-13,137.0,Expedite Shipment,Implemented,2026-04-27,137.0,Resolved,7.0,1002.49,Minor delay occurred
3165,5,74,2024-09-07,2024-09-10,2024-09-09,479,Delivered,Cum Product,Clothing,3762.37,5,Chander-Sibal,Kochi,6.81,4.37,74,Hyderabad Warehouse,592,2026-06-21,299.0,Traffic,High,Culpa soluta quasi temporibus.,2026-05-18,299.0,Increase Safety Stock,Implemented,2025-12-24,299.0,Partially Resolved,5.0,7437.85,Cost increased
3166,11,13,2026-03-25,2026-04-04,2026-04-08,228,Delayed,Reiciendis Product,Automotive,3971.98,6,Banerjee Group,Alappuzha,8.52,4.3,13,Mumbai Warehouse,352,2026-07-10,,,,,,,,,,,,,,
3167,17,75,2024-07-16,2024-07-20,2024-07-20,291,Delivered,Recusandae Product,Automotive,4884.77,14,"Sule, Jaggi and Char",Pallavaram,6.39,3.52,75,Chennai Warehouse,450,2026-07-07,,,,,,,,,,,,,,
3168,18,71,2024-07-28,2024-08-05,2024-08-09,238,In Transit,Aperiam Product,Clothing,4446.27,15,Raju and Sons,Etawah,3.81,4.27,71,Delhi Warehouse,179,2026-07-05,596.0,Supplier Delay,Low,Aspernatur ipsum cumque.,2025-11-26,596.0,Change Transport Route,Pending,2026-03-05,596.0,Pending,9.0,7374.69,Cost increased
3169,18,129,2025-05-10,2025-05-15,2025-05-20,45,In Transit,Repellat Product,Clothing,772.83,16,Raju and Sons,Etawah,3.81,4.27,129,Bangalore Warehouse,81,2026-07-01,204.0,Machine Failure,Low,Voluptates quos aut assumenda.,2026-02-01,204.0,Change Transport Route,Rejected,2026-04-22,204.0,Failed,2.0,905.31,Minor delay occurred
3170,5,83,2025-11-24,2025-11-26,2025-11-28,243,Cancelled,Deserunt Product,Automotive,990.39,6,Chander-Sibal,Kochi,6.81,4.37,83,Delhi Warehouse,294,2026-07-15,332.0,Port Congestion,Medium,Nulla rem quia eos autem perferendis.,2026-04-13,332.0,Increase Safety Stock,Implemented,2026-07-06,332.0,Resolved,2.0,14686.96,Shipment rerouted
3171,6,96,2025-12-16,2025-12-24,2025-12-22,191,Delivered,Laborum Product,Medical,3501.37,20,Bhavsar-Sampath,Bangalore,2.52,3.72,96,Mumbai Warehouse,471,2026-06-19,,,,,,,,,,,,,,
3172,19,36,2026-05-18,2026-05-27,2026-05-31,94,In Transit,Suscipit Product,Electronics,2750.46,10,"Nagar, Hari and Chada",Munger,9.42,4.61,36,Hyderabad Warehouse,271,2026-07-15,,,,,,,,,,,,,,
3173,19,70,2024-09-03,2024-09-08,2024-09-06,198,Delivered,Excepturi Product,Automotive,4641.9,16,"Nagar, Hari and Chada",Munger,9.42,4.61,70,Bangalore Warehouse,802,2026-06-20,,,,,,,,,,,,,,
3174,1,69,2025-02-13,2025-02-17,2025-02-20,500,Delivered,Ipsa Product,Groceries,1707.84,17,"Balasubramanian, Gara and Memon",Nadiad,5.69,4.88,69,Mumbai Warehouse,267,2026-07-09,,,,,,,,,,,,,,
3175,11,104,2025-05-02,2025-05-09,2025-05-11,104,In Transit,Laboriosam Product,Clothing,2160.36,3,Banerjee Group,Alappuzha,8.52,4.3,104,Delhi Warehouse,338,2026-06-24,436.0,Port Congestion,Medium,Laboriosam et reiciendis.,2026-04-03,436.0,Increase Safety Stock,Rejected,2025-10-08,436.0,Resolved,15.0,9033.5,Supplier changed
3176,10,10,2025-04-27,2025-05-01,2025-05-01,269,Cancelled,Ratione Product,Medical,834.09,9,"Mitter, Srinivasan and Dixit",Shimoga,1.81,3.9,10,Hyderabad Warehouse,815,2026-07-09,,,,,,,,,,,,,,
3177,15,69,2025-05-25,2025-05-31,2025-06-03,148,In Transit,Ipsa Product,Groceries,1707.84,17,Sastry and Sons,Haldia,5.45,4.34,69,Mumbai Warehouse,267,2026-07-09,,,,,,,,,,,,,,
3178,16,53,2024-10-19,2024-10-21,2024-10-24,293,In Transit,Ea Product,Clothing,3005.08,10,Handa-Manda,Vijayanagaram,8.66,4.77,53,Delhi Warehouse,480,2026-06-28,,,,,,,,,,,,,,
3179,3,11,2025-05-01,2025-05-11,2025-05-13,322,Delayed,Ducimus Product,Clothing,2306.22,11,"Balan, Virk and Mangal",Bangalore,3.73,4.49,11,Delhi Warehouse,137,2026-06-19,,,,,,,,,,,,,,
3180,20,131,2026-01-06,2026-01-14,2026-01-15,269,Delivered,Nesciunt Product,Furniture,3585.42,1,Chakraborty-Sengupta,Malda,5.0,3.56,131,Hyderabad Warehouse,157,2026-06-24,,,,,,,,,,,,,,
3181,8,57,2024-10-26,2024-11-02,2024-11-04,52,Delivered,Distinctio Product,Automotive,863.84,19,Hans-Bir,Siliguri,2.43,4.68,57,Hyderabad Warehouse,848,2026-06-28,,,,,,,,,,,,,,
3182,13,40,2026-03-28,2026-04-02,2026-03-31,226,Delayed,Nemo Product,Groceries,2824.16,10,"Borah, Gill and Varma",Dehri,6.15,3.78,40,Hyderabad Warehouse,554,2026-06-27,,,,,,,,,,,,,,
3183,10,136,2026-02-24,2026-02-27,2026-02-27,373,Delayed,Facilis Product,Groceries,4154.63,13,"Mitter, Srinivasan and Dixit",Shimoga,1.81,3.9,136,Bangalore Warehouse,943,2026-07-08,,,,,,,,,,,,,,
3184,17,150,2026-05-25,2026-05-28,2026-05-31,269,Delayed,Harum Product,Furniture,1928.91,14,"Sule, Jaggi and Char",Pallavaram,6.39,3.52,150,Bangalore Warehouse,533,2026-07-09,263.0,Transport Strike,High,Alias blanditiis cum voluptatem reiciendis itaque.,2025-10-09,263.0,Increase Safety Stock,Approved,2025-10-14,263.0,Pending,8.0,10087.25,Cost increased
3185,7,106,2024-07-28,2024-08-05,2024-08-06,317,In Transit,Officiis Product,Clothing,3586.71,17,Wali PLC,Khandwa,2.76,4.43,106,Delhi Warehouse,595,2026-06-23,145.0,Traffic,Medium,Architecto molestiae nobis molestias.,2025-11-02,145.0,Switch Supplier,Implemented,2025-11-16,145.0,Pending,7.0,1014.72,Issue resolved successfully
3186,16,9,2025-03-11,2025-03-13,2025-03-12,71,In Transit,Alias Product,Groceries,1305.18,16,Handa-Manda,Vijayanagaram,8.66,4.77,9,Mumbai Warehouse,917,2026-07-04,,,,,,,,,,,,,,
3187,2,134,2024-11-13,2024-11-15,2024-11-14,267,In Transit,Eligendi Product,Automotive,3447.14,10,Gour Ltd,Bhilwara,8.05,3.83,134,Hyderabad Warehouse,699,2026-07-02,171.0,Port Congestion,Low,Error blanditiis voluptatibus ipsum asperiores.,2026-04-30,171.0,Switch Supplier,Rejected,2026-03-11,171.0,Failed,12.0,8915.92,Shipment rerouted
3188,18,99,2026-02-23,2026-02-28,2026-03-02,296,Cancelled,Quia Product,Furniture,677.17,19,Raju and Sons,Etawah,3.81,4.27,99,Hyderabad Warehouse,72,2026-06-26,,,,,,,,,,,,,,
3189,18,90,2025-11-10,2025-11-20,2025-11-18,415,In Transit,Quo Product,Electronics,4661.14,19,Raju and Sons,Etawah,3.81,4.27,90,Delhi Warehouse,466,2026-06-28,,,,,,,,,,,,,,
3190,14,75,2025-02-22,2025-02-26,2025-02-26,446,In Transit,Recusandae Product,Automotive,4884.77,14,"Bahri, Dugar and Ratti",Kottayam,8.09,4.85,75,Chennai Warehouse,450,2026-07-07,,,,,,,,,,,,,,
3191,12,145,2024-08-21,2024-08-31,2024-08-30,74,Delivered,Provident Product,Groceries,3598.65,5,Thakur and Sons,Kanpur,5.83,3.5,145,Bangalore Warehouse,739,2026-06-24,,,,,,,,,,,,,,
3192,4,126,2025-11-01,2025-11-06,2025-11-07,143,Delivered,Nemo Product,Groceries,3018.63,8,Rajagopal-Jayaraman,Jalna,1.0,3.51,126,Chennai Warehouse,306,2026-07-05,,,,,,,,,,,,,,
3193,17,112,2025-07-17,2025-07-24,2025-07-28,168,Cancelled,Modi Product,Electronics,2985.26,19,"Sule, Jaggi and Char",Pallavaram,6.39,3.52,112,Bangalore Warehouse,212,2026-06-25,,,,,,,,,,,,,,
3194,10,87,2026-04-29,2026-05-04,2026-05-05,93,Delivered,Vitae Product,Clothing,4295.55,19,"Mitter, Srinivasan and Dixit",Shimoga,1.81,3.9,87,Delhi Warehouse,423,2026-06-26,,,,,,,,,,,,,,
3195,8,126,2025-04-30,2025-05-05,2025-05-10,451,Cancelled,Nemo Product,Groceries,3018.63,8,Hans-Bir,Siliguri,2.43,4.68,126,Chennai Warehouse,306,2026-07-05,,,,,,,,,,,,,,
3196,19,35,2026-03-24,2026-03-26,2026-03-26,473,Cancelled,Dolores Product,Electronics,4034.14,20,"Nagar, Hari and Chada",Munger,9.42,4.61,35,Chennai Warehouse,804,2026-07-11,,,,,,,,,,,,,,
3197,14,47,2025-09-16,2025-09-20,2025-09-23,31,Delayed,Impedit Product,Clothing,4282.54,1,"Bahri, Dugar and Ratti",Kottayam,8.09,4.85,47,Chennai Warehouse,913,2026-06-30,,,,,,,,,,,,,,
3198,12,137,2025-05-12,2025-05-20,2025-05-20,428,Delayed,Aliquid Product,Medical,3630.8,13,Thakur and Sons,Kanpur,5.83,3.5,137,Delhi Warehouse,82,2026-07-03,,,,,,,,,,,,,,
3199,9,21,2025-08-24,2025-08-27,2025-08-27,411,Cancelled,Animi Product,Automotive,3616.57,8,"Loyal, Varma and Tripathi",Firozabad,9.75,4.64,21,Delhi Warehouse,666,2026-06-27,,,,,,,,,,,,,,
3200,3,11,2026-05-07,2026-05-14,2026-05-14,263,Delivered,Ducimus Product,Clothing,2306.22,11,"Balan, Virk and Mangal",Bangalore,3.73,4.49,11,Delhi Warehouse,137,2026-06-19,,,,,,,,,,,,,,
3201,11,85,2025-03-15,2025-03-20,2025-03-20,490,Cancelled,Vero Product,Medical,287.27,20,Banerjee Group,Alappuzha,8.52,4.3,85,Bangalore Warehouse,854,2026-06-21,,,,,,,,,,,,,,
3202,20,35,2026-04-15,2026-04-25,2026-04-28,375,In Transit,Dolores Product,Electronics,4034.14,20,Chakraborty-Sengupta,Malda,5.0,3.56,35,Chennai Warehouse,804,2026-07-11,,,,,,,,,,,,,,
3203,12,90,2025-06-24,2025-06-29,2025-07-03,99,Delayed,Quo Product,Electronics,4661.14,19,Thakur and Sons,Kanpur,5.83,3.5,90,Delhi Warehouse,466,2026-06-28,411.0,Weather,Low,Labore dolores neque consequuntur placeat.,2026-07-09,411.0,Increase Safety Stock,Pending,2026-04-20,411.0,Failed,9.0,8861.46,Shipment rerouted
3204,5,124,2025-11-20,2025-11-27,2025-12-02,224,Delayed,Excepturi Product,Furniture,756.02,2,Chander-Sibal,Kochi,6.81,4.37,124,Chennai Warehouse,123,2026-07-09,,,,,,,,,,,,,,
3205,10,12,2025-09-24,2025-10-03,2025-10-06,298,Delivered,Fugit Product,Clothing,1357.85,15,"Mitter, Srinivasan and Dixit",Shimoga,1.81,3.9,12,Hyderabad Warehouse,878,2026-06-22,,,,,,,,,,,,,,
3206,12,58,2025-06-18,2025-06-21,2025-06-26,279,Cancelled,Tempore Product,Groceries,4870.19,6,Thakur and Sons,Kanpur,5.83,3.5,58,Bangalore Warehouse,328,2026-07-11,,,,,,,,,,,,,,
3207,16,87,2026-01-19,2026-01-26,2026-01-28,176,In Transit,Vitae Product,Clothing,4295.55,19,Handa-Manda,Vijayanagaram,8.66,4.77,87,Delhi Warehouse,423,2026-06-26,,,,,,,,,,,,,,
3208,19,21,2025-10-10,2025-10-17,2025-10-16,464,Cancelled,Animi Product,Automotive,3616.57,8,"Nagar, Hari and Chada",Munger,9.42,4.61,21,Delhi Warehouse,666,2026-06-27,,,,,,,,,,,,,,
3209,8,89,2025-03-26,2025-04-03,2025-04-05,94,Cancelled,Fugiat Product,Electronics,4524.8,7,Hans-Bir,Siliguri,2.43,4.68,89,Bangalore Warehouse,597,2026-06-18,,,,,,,,,,,,,,
3210,10,19,2026-06-21,2026-07-01,2026-07-01,363,Cancelled,Officia Product,Electronics,667.17,9,"Mitter, Srinivasan and Dixit",Shimoga,1.81,3.9,19,Bangalore Warehouse,273,2026-06-24,,,,,,,,,,,,,,
3211,17,74,2025-02-19,2025-02-21,2025-02-21,284,In Transit,Cum Product,Clothing,3762.37,5,"Sule, Jaggi and Char",Pallavaram,6.39,3.52,74,Hyderabad Warehouse,592,2026-06-21,,,,,,,,,,,,,,
3212,19,21,2024-11-20,2024-11-27,2024-11-30,443,Cancelled,Animi Product,Automotive,3616.57,8,"Nagar, Hari and Chada",Munger,9.42,4.61,21,Delhi Warehouse,666,2026-06-27,423.0,Machine Failure,Low,Aliquam nesciunt temporibus quas voluptatibus est rerum enim.,2026-07-07,423.0,Change Transport Route,Pending,2025-10-25,423.0,Resolved,0.0,6444.42,Cost increased
3213,12,105,2025-08-11,2025-08-14,2025-08-12,455,Delayed,Tenetur Product,Clothing,1337.9,1,Thakur and Sons,Kanpur,5.83,3.5,105,Hyderabad Warehouse,84,2026-07-03,,,,,,,,,,,,,,
3214,6,56,2025-08-25,2025-08-27,2025-08-27,160,In Transit,Error Product,Electronics,333.18,11,Bhavsar-Sampath,Bangalore,2.52,3.72,56,Chennai Warehouse,777,2026-07-07,309.0,Traffic,Low,Debitis odit dignissimos sapiente.,2026-05-19,309.0,Increase Safety Stock,Implemented,2025-11-18,309.0,Partially Resolved,0.0,2081.83,Supplier changed
3215,19,35,2025-09-05,2025-09-08,2025-09-10,296,Delayed,Dolores Product,Electronics,4034.14,20,"Nagar, Hari and Chada",Munger,9.42,4.61,35,Chennai Warehouse,804,2026-07-11,576.0,Port Congestion,High,Perspiciatis iste assumenda esse.,2026-03-11,576.0,Expedite Shipment,Pending,2025-12-31,576.0,Pending,5.0,8652.98,Supplier changed
3216,16,11,2026-05-04,2026-05-13,2026-05-16,248,In Transit,Ducimus Product,Clothing,2306.22,11,Handa-Manda,Vijayanagaram,8.66,4.77,11,Delhi Warehouse,137,2026-06-19,354.0,Machine Failure,Low,Amet explicabo iste minima qui blanditiis labore eveniet.,2026-06-15,354.0,Increase Safety Stock,Rejected,2026-03-12,354.0,Partially Resolved,14.0,8860.61,Supplier changed
3217,14,135,2024-07-18,2024-07-26,2024-07-29,158,In Transit,Nisi Product,Medical,1322.29,1,"Bahri, Dugar and Ratti",Kottayam,8.09,4.85,135,Delhi Warehouse,660,2026-06-19,,,,,,,,,,,,,,
3218,18,56,2026-06-13,2026-06-22,2026-06-23,308,Cancelled,Error Product,Electronics,333.18,11,Raju and Sons,Etawah,3.81,4.27,56,Chennai Warehouse,777,2026-07-07,,,,,,,,,,,,,,
3219,9,41,2025-03-28,2025-04-04,2025-04-07,469,Delivered,Architecto Product,Furniture,1703.5,1,"Loyal, Varma and Tripathi",Firozabad,9.75,4.64,41,Hyderabad Warehouse,681,2026-06-26,,,,,,,,,,,,,,
3220,12,100,2025-02-24,2025-03-01,2025-02-28,168,Delivered,Fugit Product,Clothing,465.64,12,Thakur and Sons,Kanpur,5.83,3.5,100,Bangalore Warehouse,276,2026-06-20,,,,,,,,,,,,,,
3221,3,99,2026-01-23,2026-01-28,2026-01-31,151,Delivered,Quia Product,Furniture,677.17,19,"Balan, Virk and Mangal",Bangalore,3.73,4.49,99,Hyderabad Warehouse,72,2026-06-26,,,,,,,,,,,,,,
3222,17,105,2025-11-01,2025-11-04,2025-11-07,259,Cancelled,Tenetur Product,Clothing,1337.9,1,"Sule, Jaggi and Char",Pallavaram,6.39,3.52,105,Hyderabad Warehouse,84,2026-07-03,,,,,,,,,,,,,,
3223,8,72,2025-07-22,2025-07-26,2025-07-26,380,Delayed,Fuga Product,Groceries,160.42,9,Hans-Bir,Siliguri,2.43,4.68,72,Chennai Warehouse,359,2026-07-11,,,,,,,,,,,,,,
3224,13,32,2024-07-30,2024-08-08,2024-08-13,295,Cancelled,Quis Product,Groceries,4929.24,1,"Borah, Gill and Varma",Dehri,6.15,3.78,32,Mumbai Warehouse,715,2026-07-01,,,,,,,,,,,,,,
3225,5,8,2026-02-25,2026-03-01,2026-03-03,327,Delayed,Voluptatem Product,Furniture,3535.61,12,Chander-Sibal,Kochi,6.81,4.37,8,Chennai Warehouse,686,2026-07-07,536.0,Port Congestion,Medium,Dignissimos eos in.,2025-10-16,536.0,Switch Supplier,Implemented,2025-08-10,536.0,Failed,3.0,4221.78,Minor delay occurred
3226,17,77,2025-09-18,2025-09-26,2025-09-24,421,Delivered,Dolorum Product,Clothing,4786.13,4,"Sule, Jaggi and Char",Pallavaram,6.39,3.52,77,Hyderabad Warehouse,307,2026-07-05,87.0,Supplier Delay,High,Amet unde aut animi corporis quaerat.,2026-07-13,87.0,Expedite Shipment,Pending,2026-02-02,87.0,Resolved,2.0,10567.49,Issue resolved successfully
3227,15,82,2025-01-31,2025-02-08,2025-02-11,132,Cancelled,Unde Product,Electronics,3347.22,1,Sastry and Sons,Haldia,5.45,4.34,82,Hyderabad Warehouse,481,2026-07-04,,,,,,,,,,,,,,
3228,18,52,2025-01-13,2025-01-20,2025-01-20,284,In Transit,Architecto Product,Medical,1642.77,20,Raju and Sons,Etawah,3.81,4.27,52,Mumbai Warehouse,918,2026-06-30,,,,,,,,,,,,,,
3229,8,54,2025-10-16,2025-10-22,2025-10-23,229,Cancelled,Voluptatem Product,Groceries,3641.55,2,Hans-Bir,Siliguri,2.43,4.68,54,Chennai Warehouse,842,2026-06-17,,,,,,,,,,,,,,
3230,18,126,2025-06-08,2025-06-12,2025-06-17,220,Cancelled,Nemo Product,Groceries,3018.63,8,Raju and Sons,Etawah,3.81,4.27,126,Chennai Warehouse,306,2026-07-05,,,,,,,,,,,,,,
3231,18,38,2025-06-18,2025-06-24,2025-06-27,245,In Transit,Laborum Product,Groceries,3934.86,13,Raju and Sons,Etawah,3.81,4.27,38,Mumbai Warehouse,317,2026-07-03,,,,,,,,,,,,,,
3232,17,73,2024-08-26,2024-08-31,2024-08-31,409,Delayed,Debitis Product,Furniture,1718.5,11,"Sule, Jaggi and Char",Pallavaram,6.39,3.52,73,Mumbai Warehouse,263,2026-07-09,,,,,,,,,,,,,,
3233,18,42,2025-10-05,2025-10-08,2025-10-06,357,Delivered,Exercitationem Product,Medical,980.26,5,Raju and Sons,Etawah,3.81,4.27,42,Bangalore Warehouse,493,2026-07-01,,,,,,,,,,,,,,
3234,14,44,2024-09-30,2024-10-03,2024-10-04,30,Delayed,Voluptatum Product,Groceries,3216.56,15,"Bahri, Dugar and Ratti",Kottayam,8.09,4.85,44,Chennai Warehouse,740,2026-07-04,,,,,,,,,,,,,,
3235,19,104,2025-09-18,2025-09-26,2025-09-24,449,In Transit,Laboriosam Product,Clothing,2160.36,3,"Nagar, Hari and Chada",Munger,9.42,4.61,104,Delhi Warehouse,338,2026-06-24,,,,,,,,,,,,,,
3236,10,77,2026-05-19,2026-05-27,2026-05-31,204,In Transit,Dolorum Product,Clothing,4786.13,4,"Mitter, Srinivasan and Dixit",Shimoga,1.81,3.9,77,Hyderabad Warehouse,307,2026-07-05,,,,,,,,,,,,,,
3237,3,121,2026-01-24,2026-01-30,2026-01-29,443,In Transit,Veniam Product,Furniture,3093.62,19,"Balan, Virk and Mangal",Bangalore,3.73,4.49,121,Bangalore Warehouse,683,2026-06-20,,,,,,,,,,,,,,
3238,12,43,2024-08-05,2024-08-10,2024-08-13,469,Cancelled,Exercitationem Product,Furniture,2754.15,12,Thakur and Sons,Kanpur,5.83,3.5,43,Delhi Warehouse,560,2026-06-21,,,,,,,,,,,,,,
3239,10,43,2025-03-17,2025-03-27,2025-04-01,82,In Transit,Exercitationem Product,Furniture,2754.15,12,"Mitter, Srinivasan and Dixit",Shimoga,1.81,3.9,43,Delhi Warehouse,560,2026-06-21,,,,,,,,,,,,,,
3240,8,31,2025-05-04,2025-05-07,2025-05-06,214,In Transit,Non Product,Groceries,4067.09,17,Hans-Bir,Siliguri,2.43,4.68,31,Mumbai Warehouse,995,2026-06-28,,,,,,,,,,,,,,
3241,1,63,2024-08-02,2024-08-07,2024-08-12,467,In Transit,Minus Product,Electronics,1218.88,8,"Balasubramanian, Gara and Memon",Nadiad,5.69,4.88,63,Hyderabad Warehouse,518,2026-06-17,,,,,,,,,,,,,,
3242,15,145,2026-03-28,2026-04-06,2026-04-10,235,Cancelled,Provident Product,Groceries,3598.65,5,Sastry and Sons,Haldia,5.45,4.34,145,Bangalore Warehouse,739,2026-06-24,,,,,,,,,,,,,,
3243,2,39,2025-03-20,2025-03-29,2025-03-30,395,Cancelled,Amet Product,Automotive,1228.36,6,Gour Ltd,Bhilwara,8.05,3.83,39,Chennai Warehouse,720,2026-07-10,,,,,,,,,,,,,,
3244,11,96,2026-02-21,2026-02-23,2026-02-23,384,In Transit,Laborum Product,Medical,3501.37,20,Banerjee Group,Alappuzha,8.52,4.3,96,Mumbai Warehouse,471,2026-06-19,,,,,,,,,,,,,,
3245,8,115,2026-07-14,2026-07-22,2026-07-20,275,Delivered,Accusamus Product,Clothing,1194.04,7,Hans-Bir,Siliguri,2.43,4.68,115,Chennai Warehouse,832,2026-06-27,,,,,,,,,,,,,,
3246,10,71,2024-10-05,2024-10-12,2024-10-12,431,Delivered,Aperiam Product,Clothing,4446.27,15,"Mitter, Srinivasan and Dixit",Shimoga,1.81,3.9,71,Delhi Warehouse,179,2026-07-05,296.0,Port Congestion,Medium,Harum atque qui dolorum.,2025-07-21,296.0,Increase Safety Stock,Pending,2025-10-01,296.0,Failed,8.0,-3771.71,Issue resolved successfully
3247,5,27,2025-02-08,2025-02-14,2025-02-13,282,In Transit,Vero Product,Furniture,4788.07,19,Chander-Sibal,Kochi,6.81,4.37,27,Delhi Warehouse,91,2026-07-05,,,,,,,,,,,,,,
3248,11,70,2025-01-09,2025-01-11,2025-01-09,191,Delivered,Excepturi Product,Automotive,4641.9,16,Banerjee Group,Alappuzha,8.52,4.3,70,Bangalore Warehouse,802,2026-06-20,,,,,,,,,,,,,,
3249,5,98,2024-10-07,2024-10-17,2024-10-16,251,In Transit,Quae Product,Clothing,2022.11,14,Chander-Sibal,Kochi,6.81,4.37,98,Hyderabad Warehouse,832,2026-07-05,,,,,,,,,,,,,,
3250,11,80,2024-10-23,2024-10-28,2024-10-27,240,In Transit,Corporis Product,Medical,4255.47,15,Banerjee Group,Alappuzha,8.52,4.3,80,Mumbai Warehouse,656,2026-07-08,,,,,,,,,,,,,,
3251,12,98,2026-02-08,2026-02-14,2026-02-13,186,Cancelled,Quae Product,Clothing,2022.11,14,Thakur and Sons,Kanpur,5.83,3.5,98,Hyderabad Warehouse,832,2026-07-05,260.0,Weather,Medium,Ullam quis hic quae voluptate tenetur error nisi.,2025-07-16,260.0,Increase Safety Stock,Approved,2025-10-31,260.0,Failed,1.0,2097.34,Shipment rerouted
3252,7,143,2026-01-08,2026-01-17,2026-01-19,273,Cancelled,Exercitationem Product,Furniture,2333.4,6,Wali PLC,Khandwa,2.76,4.43,143,Hyderabad Warehouse,191,2026-07-12,,,,,,,,,,,,,,
3253,20,43,2025-07-26,2025-07-31,2025-08-01,413,In Transit,Exercitationem Product,Furniture,2754.15,12,Chakraborty-Sengupta,Malda,5.0,3.56,43,Delhi Warehouse,560,2026-06-21,,,,,,,,,,,,,,
3254,12,37,2025-09-10,2025-09-15,2025-09-19,193,Delivered,Earum Product,Groceries,442.22,11,Thakur and Sons,Kanpur,5.83,3.5,37,Mumbai Warehouse,198,2026-06-16,,,,,,,,,,,,,,
3255,16,51,2026-01-11,2026-01-19,2026-01-19,234,In Transit,Corrupti Product,Medical,1864.29,15,Handa-Manda,Vijayanagaram,8.66,4.77,51,Chennai Warehouse,926,2026-07-02,586.0,Supplier Delay,Low,Repudiandae voluptatem in dolores quod odio.,2025-10-28,586.0,Change Transport Route,Implemented,2025-12-26,586.0,Resolved,0.0,2518.67,Shipment rerouted
3256,8,119,2024-11-13,2024-11-22,2024-11-23,433,Delayed,Maxime Product,Furniture,4794.94,19,Hans-Bir,Siliguri,2.43,4.68,119,Mumbai Warehouse,383,2026-07-01,,,,,,,,,,,,,,
3257,9,39,2026-02-14,2026-02-16,2026-02-20,494,Cancelled,Amet Product,Automotive,1228.36,6,"Loyal, Varma and Tripathi",Firozabad,9.75,4.64,39,Chennai Warehouse,720,2026-07-10,100.0,Traffic,Medium,Doloremque facilis reprehenderit iure ad necessitatibus.,2025-12-27,100.0,Switch Supplier,Approved,2025-09-14,100.0,Failed,2.0,10191.15,Shipment rerouted
3258,1,110,2025-12-02,2025-12-12,2025-12-15,257,In Transit,Assumenda Product,Furniture,4904.71,9,"Balasubramanian, Gara and Memon",Nadiad,5.69,4.88,110,Chennai Warehouse,817,2026-06-23,,,,,,,,,,,,,,
3259,9,26,2026-06-10,2026-06-14,2026-06-16,157,In Transit,Ducimus Product,Medical,488.37,16,"Loyal, Varma and Tripathi",Firozabad,9.75,4.64,26,Mumbai Warehouse,280,2026-07-04,,,,,,,,,,,,,,
3260,9,18,2025-03-01,2025-03-09,2025-03-08,488,In Transit,Commodi Product,Electronics,2870.64,11,"Loyal, Varma and Tripathi",Firozabad,9.75,4.64,18,Mumbai Warehouse,611,2026-06-21,,,,,,,,,,,,,,
3261,10,13,2025-10-02,2025-10-10,2025-10-15,68,Delivered,Reiciendis Product,Automotive,3971.98,6,"Mitter, Srinivasan and Dixit",Shimoga,1.81,3.9,13,Mumbai Warehouse,352,2026-07-10,,,,,,,,,,,,,,
3262,2,67,2026-02-22,2026-03-03,2026-03-02,227,Delayed,Omnis Product,Clothing,1337.97,5,Gour Ltd,Bhilwara,8.05,3.83,67,Hyderabad Warehouse,994,2026-06-29,344.0,Port Congestion,Medium,Cumque quis dolorem dicta.,2026-07-01,344.0,Expedite Shipment,Pending,2026-03-02,344.0,Resolved,3.0,9154.63,Minor delay occurred
3263,10,50,2025-10-04,2025-10-10,2025-10-15,262,In Transit,Quae Product,Automotive,939.97,7,"Mitter, Srinivasan and Dixit",Shimoga,1.81,3.9,50,Chennai Warehouse,576,2026-07-06,189.0,Supplier Delay,Low,Minima quam id rem inventore.,2026-07-09,189.0,Change Transport Route,Approved,2026-02-08,189.0,Pending,13.0,-4760.81,Supplier changed
3264,5,49,2025-12-06,2025-12-09,2025-12-08,301,Cancelled,Alias Product,Furniture,4769.64,3,Chander-Sibal,Kochi,6.81,4.37,49,Bangalore Warehouse,842,2026-07-01,101.0,Traffic,Low,Voluptates amet ex libero ullam quos.,2026-06-16,101.0,Increase Safety Stock,Pending,2026-06-17,101.0,Partially Resolved,3.0,4339.61,Minor delay occurred
3265,2,16,2026-04-13,2026-04-18,2026-04-18,128,Delayed,Vel Product,Medical,4239.68,2,Gour Ltd,Bhilwara,8.05,3.83,16,Hyderabad Warehouse,928,2026-07-01,,,,,,,,,,,,,,
3266,16,59,2025-05-31,2025-06-08,2025-06-09,403,Delayed,Omnis Product,Electronics,2194.29,10,Handa-Manda,Vijayanagaram,8.66,4.77,59,Chennai Warehouse,265,2026-07-01,,,,,,,,,,,,,,
3267,6,71,2024-08-25,2024-09-01,2024-09-03,120,Delayed,Aperiam Product,Clothing,4446.27,15,Bhavsar-Sampath,Bangalore,2.52,3.72,71,Delhi Warehouse,179,2026-07-05,,,,,,,,,,,,,,
3268,12,46,2024-09-13,2024-09-19,2024-09-22,338,Delivered,Impedit Product,Electronics,1574.36,7,Thakur and Sons,Kanpur,5.83,3.5,46,Chennai Warehouse,372,2026-06-23,,,,,,,,,,,,,,
3269,12,104,2025-10-07,2025-10-10,2025-10-12,328,Delivered,Laboriosam Product,Clothing,2160.36,3,Thakur and Sons,Kanpur,5.83,3.5,104,Delhi Warehouse,338,2026-06-24,,,,,,,,,,,,,,
3270,16,146,2024-12-25,2025-01-04,2025-01-03,405,In Transit,Minus Product,Furniture,4540.31,18,Handa-Manda,Vijayanagaram,8.66,4.77,146,Delhi Warehouse,858,2026-06-21,,,,,,,,,,,,,,
3271,6,10,2024-08-14,2024-08-18,2024-08-18,381,In Transit,Ratione Product,Medical,834.09,9,Bhavsar-Sampath,Bangalore,2.52,3.72,10,Hyderabad Warehouse,815,2026-07-09,,,,,,,,,,,,,,
3272,5,98,2024-09-09,2024-09-18,2024-09-19,416,In Transit,Quae Product,Clothing,2022.11,14,Chander-Sibal,Kochi,6.81,4.37,98,Hyderabad Warehouse,832,2026-07-05,,,,,,,,,,,,,,
3273,20,68,2025-08-29,2025-09-04,2025-09-03,271,Cancelled,Delectus Product,Clothing,4916.43,20,Chakraborty-Sengupta,Malda,5.0,3.56,68,Chennai Warehouse,660,2026-06-18,,,,,,,,,,,,,,
3274,13,76,2025-12-19,2025-12-25,2025-12-25,357,Delivered,Sunt Product,Electronics,2690.2,2,"Borah, Gill and Varma",Dehri,6.15,3.78,76,Delhi Warehouse,630,2026-06-16,,,,,,,,,,,,,,
3275,3,92,2026-04-27,2026-05-02,2026-05-07,460,Delivered,Architecto Product,Furniture,4826.14,10,"Balan, Virk and Mangal",Bangalore,3.73,4.49,92,Mumbai Warehouse,215,2026-07-07,,,,,,,,,,,,,,
3276,1,85,2026-04-06,2026-04-16,2026-04-19,373,In Transit,Vero Product,Medical,287.27,20,"Balasubramanian, Gara and Memon",Nadiad,5.69,4.88,85,Bangalore Warehouse,854,2026-06-21,501.0,Supplier Delay,High,Voluptate aspernatur ipsum vero.,2026-02-18,501.0,Change Transport Route,Approved,2026-06-11,501.0,Pending,5.0,6049.48,Issue resolved successfully
3277,13,61,2026-01-30,2026-02-05,2026-02-10,113,Delayed,Eveniet Product,Furniture,3258.29,8,"Borah, Gill and Varma",Dehri,6.15,3.78,61,Mumbai Warehouse,725,2026-06-20,,,,,,,,,,,,,,
3278,19,114,2025-03-09,2025-03-11,2025-03-16,444,Delayed,Dicta Product,Clothing,1943.15,20,"Nagar, Hari and Chada",Munger,9.42,4.61,114,Hyderabad Warehouse,822,2026-07-08,,,,,,,,,,,,,,
3279,15,48,2024-11-23,2024-12-01,2024-11-29,295,Cancelled,Neque Product,Medical,518.28,5,Sastry and Sons,Haldia,5.45,4.34,48,Delhi Warehouse,626,2026-06-27,,,,,,,,,,,,,,
3280,19,80,2026-04-27,2026-05-01,2026-05-01,289,Cancelled,Corporis Product,Medical,4255.47,15,"Nagar, Hari and Chada",Munger,9.42,4.61,80,Mumbai Warehouse,656,2026-07-08,,,,,,,,,,,,,,
3281,9,117,2025-01-05,2025-01-14,2025-01-16,224,Delivered,Quisquam Product,Medical,1461.86,8,"Loyal, Varma and Tripathi",Firozabad,9.75,4.64,117,Hyderabad Warehouse,793,2026-06-16,,,,,,,,,,,,,,
3282,9,89,2024-08-09,2024-08-16,2024-08-20,62,Delayed,Fugiat Product,Electronics,4524.8,7,"Loyal, Varma and Tripathi",Firozabad,9.75,4.64,89,Bangalore Warehouse,597,2026-06-18,,,,,,,,,,,,,,
3283,13,30,2025-02-22,2025-03-03,2025-03-04,402,Cancelled,Voluptatem Product,Medical,3709.02,5,"Borah, Gill and Varma",Dehri,6.15,3.78,30,Chennai Warehouse,472,2026-06-30,104.0,Traffic,Medium,Ad corporis quae quo ipsum.,2025-10-27,104.0,Expedite Shipment,Rejected,2025-08-01,104.0,Resolved,4.0,9696.36,Shipment rerouted
3284,14,19,2024-11-07,2024-11-13,2024-11-16,304,Delayed,Officia Product,Electronics,667.17,9,"Bahri, Dugar and Ratti",Kottayam,8.09,4.85,19,Bangalore Warehouse,273,2026-06-24,,,,,,,,,,,,,,
3285,10,135,2025-08-22,2025-09-01,2025-09-05,428,Delayed,Nisi Product,Medical,1322.29,1,"Mitter, Srinivasan and Dixit",Shimoga,1.81,3.9,135,Delhi Warehouse,660,2026-06-19,,,,,,,,,,,,,,
3286,8,47,2025-12-02,2025-12-08,2025-12-10,168,Delayed,Impedit Product,Clothing,4282.54,1,Hans-Bir,Siliguri,2.43,4.68,47,Chennai Warehouse,913,2026-06-30,,,,,,,,,,,,,,
3287,8,65,2024-10-14,2024-10-22,2024-10-22,65,In Transit,Ut Product,Groceries,3277.06,2,Hans-Bir,Siliguri,2.43,4.68,65,Delhi Warehouse,911,2026-07-06,,,,,,,,,,,,,,
3288,2,77,2025-03-28,2025-04-07,2025-04-08,212,Cancelled,Dolorum Product,Clothing,4786.13,4,Gour Ltd,Bhilwara,8.05,3.83,77,Hyderabad Warehouse,307,2026-07-05,,,,,,,,,,,,,,
3289,17,52,2026-01-01,2026-01-10,2026-01-15,11,In Transit,Architecto Product,Medical,1642.77,20,"Sule, Jaggi and Char",Pallavaram,6.39,3.52,52,Mumbai Warehouse,918,2026-06-30,,,,,,,,,,,,,,
3290,17,41,2026-07-09,2026-07-18,2026-07-23,355,In Transit,Architecto Product,Furniture,1703.5,1,"Sule, Jaggi and Char",Pallavaram,6.39,3.52,41,Hyderabad Warehouse,681,2026-06-26,,,,,,,,,,,,,,
3291,14,55,2025-11-22,2025-11-25,2025-11-27,338,Cancelled,Odio Product,Furniture,4563.23,5,"Bahri, Dugar and Ratti",Kottayam,8.09,4.85,55,Bangalore Warehouse,422,2026-07-01,,,,,,,,,,,,,,
3292,8,33,2026-06-03,2026-06-10,2026-06-12,162,Delivered,Facere Product,Medical,1997.29,4,Hans-Bir,Siliguri,2.43,4.68,33,Delhi Warehouse,549,2026-07-12,,,,,,,,,,,,,,
3293,6,116,2025-09-02,2025-09-08,2025-09-12,328,Cancelled,Architecto Product,Groceries,763.04,10,Bhavsar-Sampath,Bangalore,2.52,3.72,116,Bangalore Warehouse,102,2026-07-04,,,,,,,,,,,,,,
3294,6,22,2025-11-14,2025-11-24,2025-11-22,26,Delayed,Amet Product,Furniture,1453.32,6,Bhavsar-Sampath,Bangalore,2.52,3.72,22,Delhi Warehouse,386,2026-07-10,,,,,,,,,,,,,,
3295,1,94,2026-06-17,2026-06-19,2026-06-20,143,Delivered,Culpa Product,Clothing,4115.37,20,"Balasubramanian, Gara and Memon",Nadiad,5.69,4.88,94,Delhi Warehouse,329,2026-07-15,,,,,,,,,,,,,,
3296,9,109,2026-06-03,2026-06-13,2026-06-12,93,Cancelled,Beatae Product,Automotive,1167.1,12,"Loyal, Varma and Tripathi",Firozabad,9.75,4.64,109,Mumbai Warehouse,573,2026-06-17,,,,,,,,,,,,,,
3297,20,85,2025-12-08,2025-12-18,2025-12-16,59,In Transit,Vero Product,Medical,287.27,20,Chakraborty-Sengupta,Malda,5.0,3.56,85,Bangalore Warehouse,854,2026-06-21,,,,,,,,,,,,,,
3298,5,106,2025-09-19,2025-09-26,2025-09-24,175,Delayed,Officiis Product,Clothing,3586.71,17,Chander-Sibal,Kochi,6.81,4.37,106,Delhi Warehouse,595,2026-06-23,,,,,,,,,,,,,,
3299,5,75,2025-09-24,2025-10-04,2025-10-08,134,Delayed,Recusandae Product,Automotive,4884.77,14,Chander-Sibal,Kochi,6.81,4.37,75,Chennai Warehouse,450,2026-07-07,,,,,,,,,,,,,,
3300,1,146,2026-01-16,2026-01-19,2026-01-24,124,Cancelled,Minus Product,Furniture,4540.31,18,"Balasubramanian, Gara and Memon",Nadiad,5.69,4.88,146,Delhi Warehouse,858,2026-06-21,,,,,,,,,,,,,,
3301,19,61,2024-08-16,2024-08-19,2024-08-20,427,Delayed,Eveniet Product,Furniture,3258.29,8,"Nagar, Hari and Chada",Munger,9.42,4.61,61,Mumbai Warehouse,725,2026-06-20,,,,,,,,,,,,,,
3302,7,13,2024-11-05,2024-11-11,2024-11-13,218,Delayed,Reiciendis Product,Automotive,3971.98,6,Wali PLC,Khandwa,2.76,4.43,13,Mumbai Warehouse,352,2026-07-10,,,,,,,,,,,,,,
3303,11,60,2026-05-25,2026-05-29,2026-05-29,138,In Transit,Ipsa Product,Furniture,2536.82,19,Banerjee Group,Alappuzha,8.52,4.3,60,Bangalore Warehouse,753,2026-07-14,,,,,,,,,,,,,,
3304,12,92,2025-01-02,2025-01-04,2025-01-06,307,Delayed,Architecto Product,Furniture,4826.14,10,Thakur and Sons,Kanpur,5.83,3.5,92,Mumbai Warehouse,215,2026-07-07,,,,,,,,,,,,,,
3305,17,90,2026-03-30,2026-04-02,2026-04-06,383,Delivered,Quo Product,Electronics,4661.14,19,"Sule, Jaggi and Char",Pallavaram,6.39,3.52,90,Delhi Warehouse,466,2026-06-28,53.0,Port Congestion,High,Aut sit ipsa sequi inventore qui quasi.,2025-10-04,53.0,Switch Supplier,Approved,2026-03-28,53.0,Resolved,14.0,3350.02,Supplier changed
3306,16,11,2025-02-12,2025-02-20,2025-02-21,275,Cancelled,Ducimus Product,Clothing,2306.22,11,Handa-Manda,Vijayanagaram,8.66,4.77,11,Delhi Warehouse,137,2026-06-19,,,,,,,,,,,,,,
3307,3,102,2025-11-30,2025-12-08,2025-12-07,481,Cancelled,Molestias Product,Furniture,2262.92,3,"Balan, Virk and Mangal",Bangalore,3.73,4.49,102,Chennai Warehouse,835,2026-06-22,,,,,,,,,,,,,,
3308,4,120,2026-04-24,2026-04-27,2026-04-28,154,Delivered,Magnam Product,Electronics,3329.48,19,Rajagopal-Jayaraman,Jalna,1.0,3.51,120,Bangalore Warehouse,996,2026-07-07,,,,,,,,,,,,,,
3309,15,125,2025-04-08,2025-04-15,2025-04-13,83,Cancelled,Consectetur Product,Clothing,1221.23,13,Sastry and Sons,Haldia,5.45,4.34,125,Chennai Warehouse,72,2026-06-29,,,,,,,,,,,,,,
3310,7,83,2026-03-09,2026-03-11,2026-03-11,472,Delayed,Deserunt Product,Automotive,990.39,6,Wali PLC,Khandwa,2.76,4.43,83,Delhi Warehouse,294,2026-07-15,,,,,,,,,,,,,,
3311,13,17,2025-11-14,2025-11-23,2025-11-21,252,In Transit,Veniam Product,Clothing,2682.42,6,"Borah, Gill and Varma",Dehri,6.15,3.78,17,Bangalore Warehouse,243,2026-07-06,,,,,,,,,,,,,,
3312,7,60,2025-08-11,2025-08-19,2025-08-20,195,Delivered,Ipsa Product,Furniture,2536.82,19,Wali PLC,Khandwa,2.76,4.43,60,Bangalore Warehouse,753,2026-07-14,,,,,,,,,,,,,,
3313,5,119,2025-05-12,2025-05-21,2025-05-26,251,Cancelled,Maxime Product,Furniture,4794.94,19,Chander-Sibal,Kochi,6.81,4.37,119,Mumbai Warehouse,383,2026-07-01,,,,,,,,,,,,,,
3314,2,17,2025-08-28,2025-09-05,2025-09-07,179,Delivered,Veniam Product,Clothing,2682.42,6,Gour Ltd,Bhilwara,8.05,3.83,17,Bangalore Warehouse,243,2026-07-06,329.0,Supplier Delay,Medium,Corporis maxime atque hic sequi.,2026-04-04,329.0,Switch Supplier,Approved,2025-11-29,329.0,Partially Resolved,12.0,-2950.43,Supplier changed
3315,20,57,2026-02-03,2026-02-05,2026-02-03,129,In Transit,Distinctio Product,Automotive,863.84,19,Chakraborty-Sengupta,Malda,5.0,3.56,57,Hyderabad Warehouse,848,2026-06-28,,,,,,,,,,,,,,
3316,8,85,2025-11-22,2025-11-28,2025-11-29,88,In Transit,Vero Product,Medical,287.27,20,Hans-Bir,Siliguri,2.43,4.68,85,Bangalore Warehouse,854,2026-06-21,,,,,,,,,,,,,,
3317,14,50,2025-12-02,2025-12-10,2025-12-10,451,Delivered,Quae Product,Automotive,939.97,7,"Bahri, Dugar and Ratti",Kottayam,8.09,4.85,50,Chennai Warehouse,576,2026-07-06,,,,,,,,,,,,,,
3318,14,41,2025-04-08,2025-04-11,2025-04-12,145,Delivered,Architecto Product,Furniture,1703.5,1,"Bahri, Dugar and Ratti",Kottayam,8.09,4.85,41,Hyderabad Warehouse,681,2026-06-26,,,,,,,,,,,,,,
3319,1,91,2024-11-06,2024-11-09,2024-11-12,200,Delivered,Laudantium Product,Furniture,3665.32,5,"Balasubramanian, Gara and Memon",Nadiad,5.69,4.88,91,Hyderabad Warehouse,678,2026-07-12,,,,,,,,,,,,,,
3320,5,27,2024-10-19,2024-10-29,2024-10-27,290,Delivered,Vero Product,Furniture,4788.07,19,Chander-Sibal,Kochi,6.81,4.37,27,Delhi Warehouse,91,2026-07-05,,,,,,,,,,,,,,
3321,15,22,2026-05-18,2026-05-28,2026-05-29,372,Delivered,Amet Product,Furniture,1453.32,6,Sastry and Sons,Haldia,5.45,4.34,22,Delhi Warehouse,386,2026-07-10,,,,,,,,,,,,,,
3322,4,31,2024-12-03,2024-12-10,2024-12-11,245,Cancelled,Non Product,Groceries,4067.09,17,Rajagopal-Jayaraman,Jalna,1.0,3.51,31,Mumbai Warehouse,995,2026-06-28,,,,,,,,,,,,,,
3323,12,129,2025-09-28,2025-10-08,2025-10-07,494,Cancelled,Repellat Product,Clothing,772.83,16,Thakur and Sons,Kanpur,5.83,3.5,129,Bangalore Warehouse,81,2026-07-01,,,,,,,,,,,,,,
3324,8,17,2026-02-20,2026-02-28,2026-03-03,80,Delivered,Veniam Product,Clothing,2682.42,6,Hans-Bir,Siliguri,2.43,4.68,17,Bangalore Warehouse,243,2026-07-06,421.0,Machine Failure,High,Eos veritatis porro corporis fugiat laudantium.,2026-01-22,421.0,Switch Supplier,Approved,2025-09-21,421.0,Partially Resolved,10.0,4938.35,Supplier changed
3325,1,72,2025-02-11,2025-02-13,2025-02-14,348,Delayed,Fuga Product,Groceries,160.42,9,"Balasubramanian, Gara and Memon",Nadiad,5.69,4.88,72,Chennai Warehouse,359,2026-07-11,,,,,,,,,,,,,,
3326,8,107,2026-06-20,2026-06-25,2026-06-29,476,Cancelled,Repudiandae Product,Automotive,609.59,11,Hans-Bir,Siliguri,2.43,4.68,107,Delhi Warehouse,711,2026-07-01,,,,,,,,,,,,,,
3327,8,8,2026-01-10,2026-01-17,2026-01-15,464,Delivered,Voluptatem Product,Furniture,3535.61,12,Hans-Bir,Siliguri,2.43,4.68,8,Chennai Warehouse,686,2026-07-07,112.0,Supplier Delay,High,Inventore praesentium placeat.,2026-04-10,112.0,Expedite Shipment,Rejected,2025-08-13,112.0,Resolved,0.0,14973.47,Supplier changed
3328,13,19,2025-05-13,2025-05-18,2025-05-16,76,Delivered,Officia Product,Electronics,667.17,9,"Borah, Gill and Varma",Dehri,6.15,3.78,19,Bangalore Warehouse,273,2026-06-24,,,,,,,,,,,,,,
3329,13,89,2026-03-17,2026-03-23,2026-03-22,231,Delivered,Fugiat Product,Electronics,4524.8,7,"Borah, Gill and Varma",Dehri,6.15,3.78,89,Bangalore Warehouse,597,2026-06-18,,,,,,,,,,,,,,
3330,8,66,2026-03-20,2026-03-25,2026-03-28,128,In Transit,Quas Product,Groceries,4225.31,19,Hans-Bir,Siliguri,2.43,4.68,66,Bangalore Warehouse,853,2026-06-19,,,,,,,,,,,,,,
3331,9,100,2025-12-20,2025-12-30,2026-01-02,256,Delayed,Fugit Product,Clothing,465.64,12,"Loyal, Varma and Tripathi",Firozabad,9.75,4.64,100,Bangalore Warehouse,276,2026-06-20,,,,,,,,,,,,,,
3332,13,5,2025-09-05,2025-09-07,2025-09-11,307,Delivered,Occaecati Product,Medical,1257.97,15,"Borah, Gill and Varma",Dehri,6.15,3.78,5,Hyderabad Warehouse,892,2026-07-08,,,,,,,,,,,,,,
3333,5,112,2025-01-31,2025-02-03,2025-02-05,376,Delivered,Modi Product,Electronics,2985.26,19,Chander-Sibal,Kochi,6.81,4.37,112,Bangalore Warehouse,212,2026-06-25,,,,,,,,,,,,,,
3334,1,89,2026-03-03,2026-03-06,2026-03-09,105,Delayed,Fugiat Product,Electronics,4524.8,7,"Balasubramanian, Gara and Memon",Nadiad,5.69,4.88,89,Bangalore Warehouse,597,2026-06-18,,,,,,,,,,,,,,
3335,9,39,2026-01-04,2026-01-10,2026-01-08,241,Cancelled,Amet Product,Automotive,1228.36,6,"Loyal, Varma and Tripathi",Firozabad,9.75,4.64,39,Chennai Warehouse,720,2026-07-10,,,,,,,,,,,,,,
3336,10,61,2024-12-21,2024-12-28,2024-12-30,59,Delivered,Eveniet Product,Furniture,3258.29,8,"Mitter, Srinivasan and Dixit",Shimoga,1.81,3.9,61,Mumbai Warehouse,725,2026-06-20,,,,,,,,,,,,,,
3337,10,19,2024-11-10,2024-11-19,2024-11-20,218,In Transit,Officia Product,Electronics,667.17,9,"Mitter, Srinivasan and Dixit",Shimoga,1.81,3.9,19,Bangalore Warehouse,273,2026-06-24,,,,,,,,,,,,,,
3338,3,49,2025-02-22,2025-03-04,2025-03-09,359,Cancelled,Alias Product,Furniture,4769.64,3,"Balan, Virk and Mangal",Bangalore,3.73,4.49,49,Bangalore Warehouse,842,2026-07-01,,,,,,,,,,,,,,
3339,7,78,2025-11-13,2025-11-15,2025-11-19,273,Delivered,Quam Product,Clothing,1593.13,4,Wali PLC,Khandwa,2.76,4.43,78,Hyderabad Warehouse,637,2026-07-09,,,,,,,,,,,,,,
3340,1,37,2025-01-04,2025-01-14,2025-01-15,313,In Transit,Earum Product,Groceries,442.22,11,"Balasubramanian, Gara and Memon",Nadiad,5.69,4.88,37,Mumbai Warehouse,198,2026-06-16,,,,,,,,,,,,,,
3341,4,99,2026-06-17,2026-06-23,2026-06-26,311,Delivered,Quia Product,Furniture,677.17,19,Rajagopal-Jayaraman,Jalna,1.0,3.51,99,Hyderabad Warehouse,72,2026-06-26,333.0,Supplier Delay,High,Debitis illo eum perspiciatis esse iure asperiores.,2025-12-20,333.0,Change Transport Route,Approved,2025-10-18,333.0,Partially Resolved,1.0,8656.29,Supplier changed
3342,14,143,2025-10-17,2025-10-22,2025-10-20,210,In Transit,Exercitationem Product,Furniture,2333.4,6,"Bahri, Dugar and Ratti",Kottayam,8.09,4.85,143,Hyderabad Warehouse,191,2026-07-12,,,,,,,,,,,,,,
3343,3,114,2024-07-24,2024-08-01,2024-07-31,401,Delivered,Dicta Product,Clothing,1943.15,20,"Balan, Virk and Mangal",Bangalore,3.73,4.49,114,Hyderabad Warehouse,822,2026-07-08,,,,,,,,,,,,,,
3344,8,19,2025-06-16,2025-06-25,2025-06-27,390,Delivered,Officia Product,Electronics,667.17,9,Hans-Bir,Siliguri,2.43,4.68,19,Bangalore Warehouse,273,2026-06-24,,,,,,,,,,,,,,
3345,8,122,2025-05-30,2025-06-01,2025-06-04,319,In Transit,Expedita Product,Electronics,1957.13,8,Hans-Bir,Siliguri,2.43,4.68,122,Delhi Warehouse,394,2026-07-14,,,,,,,,,,,,,,
3346,10,102,2025-04-29,2025-05-01,2025-05-06,248,In Transit,Molestias Product,Furniture,2262.92,3,"Mitter, Srinivasan and Dixit",Shimoga,1.81,3.9,102,Chennai Warehouse,835,2026-06-22,,,,,,,,,,,,,,
3347,8,39,2025-01-21,2025-01-31,2025-01-30,365,In Transit,Amet Product,Automotive,1228.36,6,Hans-Bir,Siliguri,2.43,4.68,39,Chennai Warehouse,720,2026-07-10,,,,,,,,,,,,,,
3348,4,50,2025-08-12,2025-08-18,2025-08-17,282,In Transit,Quae Product,Automotive,939.97,7,Rajagopal-Jayaraman,Jalna,1.0,3.51,50,Chennai Warehouse,576,2026-07-06,20.0,Weather,Medium,Delectus mollitia veritatis consequatur esse mollitia quibusdam.,2026-05-05,20.0,Increase Safety Stock,Approved,2025-08-04,20.0,Resolved,0.0,12200.26,Issue resolved successfully
3349,16,129,2024-08-02,2024-08-09,2024-08-12,19,Cancelled,Repellat Product,Clothing,772.83,16,Handa-Manda,Vijayanagaram,8.66,4.77,129,Bangalore Warehouse,81,2026-07-01,,,,,,,,,,,,,,
3350,15,85,2024-10-23,2024-10-27,2024-10-26,214,Delayed,Vero Product,Medical,287.27,20,Sastry and Sons,Haldia,5.45,4.34,85,Bangalore Warehouse,854,2026-06-21,,,,,,,,,,,,,,
3351,2,18,2024-12-29,2025-01-08,2025-01-09,446,In Transit,Commodi Product,Electronics,2870.64,11,Gour Ltd,Bhilwara,8.05,3.83,18,Mumbai Warehouse,611,2026-06-21,,,,,,,,,,,,,,
3352,6,133,2025-02-08,2025-02-10,2025-02-14,82,Delayed,Doloremque Product,Groceries,552.4,17,Bhavsar-Sampath,Bangalore,2.52,3.72,133,Hyderabad Warehouse,760,2026-06-27,,,,,,,,,,,,,,
3353,18,52,2025-06-11,2025-06-20,2025-06-21,45,Delivered,Architecto Product,Medical,1642.77,20,Raju and Sons,Etawah,3.81,4.27,52,Mumbai Warehouse,918,2026-06-30,,,,,,,,,,,,,,
3354,4,87,2025-09-30,2025-10-05,2025-10-09,445,Delivered,Vitae Product,Clothing,4295.55,19,Rajagopal-Jayaraman,Jalna,1.0,3.51,87,Delhi Warehouse,423,2026-06-26,,,,,,,,,,,,,,
3355,10,25,2025-08-09,2025-08-16,2025-08-17,427,Delayed,Vel Product,Automotive,3265.92,1,"Mitter, Srinivasan and Dixit",Shimoga,1.81,3.9,25,Bangalore Warehouse,437,2026-07-06,397.0,Transport Strike,Medium,Porro quaerat facere doloremque.,2026-02-25,397.0,Expedite Shipment,Approved,2026-05-25,397.0,Resolved,9.0,-4967.84,Minor delay occurred
3355,10,25,2025-08-09,2025-08-16,2025-08-17,427,Delayed,Vel Product,Automotive,3265.92,1,"Mitter, Srinivasan and Dixit",Shimoga,1.81,3.9,25,Bangalore Warehouse,437,2026-07-06,448.0,Port Congestion,Medium,Sint labore possimus fugiat cumque harum.,2026-06-23,448.0,Change Transport Route,Rejected,2025-10-07,448.0,Failed,9.0,822.48,Issue resolved successfully
3356,13,33,2026-02-02,2026-02-05,2026-02-08,239,In Transit,Facere Product,Medical,1997.29,4,"Borah, Gill and Varma",Dehri,6.15,3.78,33,Delhi Warehouse,549,2026-07-12,,,,,,,,,,,,,,
3357,16,83,2026-02-06,2026-02-16,2026-02-17,35,Delivered,Deserunt Product,Automotive,990.39,6,Handa-Manda,Vijayanagaram,8.66,4.77,83,Delhi Warehouse,294,2026-07-15,,,,,,,,,,,,,,
3358,10,13,2025-12-09,2025-12-17,2025-12-22,440,Delivered,Reiciendis Product,Automotive,3971.98,6,"Mitter, Srinivasan and Dixit",Shimoga,1.81,3.9,13,Mumbai Warehouse,352,2026-07-10,,,,,,,,,,,,,,
3359,18,136,2026-05-18,2026-05-23,2026-05-26,323,In Transit,Facilis Product,Groceries,4154.63,13,Raju and Sons,Etawah,3.81,4.27,136,Bangalore Warehouse,943,2026-07-08,,,,,,,,,,,,,,
3360,17,95,2025-11-21,2025-11-26,2025-12-01,401,Delayed,Temporibus Product,Automotive,2131.71,12,"Sule, Jaggi and Char",Pallavaram,6.39,3.52,95,Hyderabad Warehouse,870,2026-07-10,,,,,,,,,,,,,,
3361,20,135,2025-04-23,2025-04-30,2025-04-28,411,Delayed,Nisi Product,Medical,1322.29,1,Chakraborty-Sengupta,Malda,5.0,3.56,135,Delhi Warehouse,660,2026-06-19,543.0,Transport Strike,Low,Quaerat doloremque suscipit aperiam.,2025-09-25,543.0,Increase Safety Stock,Implemented,2026-04-03,543.0,Partially Resolved,5.0,-3293.53,Supplier changed
3362,8,114,2025-10-17,2025-10-19,2025-10-22,265,In Transit,Dicta Product,Clothing,1943.15,20,Hans-Bir,Siliguri,2.43,4.68,114,Hyderabad Warehouse,822,2026-07-08,,,,,,,,,,,,,,
3363,3,66,2025-03-08,2025-03-18,2025-03-19,43,Delayed,Quas Product,Groceries,4225.31,19,"Balan, Virk and Mangal",Bangalore,3.73,4.49,66,Bangalore Warehouse,853,2026-06-19,,,,,,,,,,,,,,
3364,7,101,2025-09-23,2025-09-26,2025-09-25,194,In Transit,Delectus Product,Automotive,1333.96,11,Wali PLC,Khandwa,2.76,4.43,101,Bangalore Warehouse,654,2026-06-16,,,,,,,,,,,,,,
3365,10,56,2025-03-02,2025-03-05,2025-03-05,360,Cancelled,Error Product,Electronics,333.18,11,"Mitter, Srinivasan and Dixit",Shimoga,1.81,3.9,56,Chennai Warehouse,777,2026-07-07,,,,,,,,,,,,,,
3366,17,56,2025-06-08,2025-06-15,2025-06-20,459,Delayed,Error Product,Electronics,333.18,11,"Sule, Jaggi and Char",Pallavaram,6.39,3.52,56,Chennai Warehouse,777,2026-07-07,,,,,,,,,,,,,,
3367,7,107,2024-07-16,2024-07-25,2024-07-24,232,Delayed,Repudiandae Product,Automotive,609.59,11,Wali PLC,Khandwa,2.76,4.43,107,Delhi Warehouse,711,2026-07-01,,,,,,,,,,,,,,
3368,10,118,2025-05-25,2025-06-03,2025-06-08,49,In Transit,Harum Product,Automotive,2602.93,16,"Mitter, Srinivasan and Dixit",Shimoga,1.81,3.9,118,Bangalore Warehouse,482,2026-06-18,,,,,,,,,,,,,,
3369,17,26,2025-10-12,2025-10-17,2025-10-16,266,In Transit,Ducimus Product,Medical,488.37,16,"Sule, Jaggi and Char",Pallavaram,6.39,3.52,26,Mumbai Warehouse,280,2026-07-04,,,,,,,,,,,,,,
3370,16,104,2025-04-01,2025-04-10,2025-04-15,448,Delivered,Laboriosam Product,Clothing,2160.36,3,Handa-Manda,Vijayanagaram,8.66,4.77,104,Delhi Warehouse,338,2026-06-24,,,,,,,,,,,,,,
3371,10,86,2026-02-11,2026-02-18,2026-02-23,107,In Transit,Aliquam Product,Electronics,2475.27,3,"Mitter, Srinivasan and Dixit",Shimoga,1.81,3.9,86,Mumbai Warehouse,687,2026-06-23,,,,,,,,,,,,,,
3372,10,20,2026-07-11,2026-07-21,2026-07-25,328,Delayed,Laborum Product,Electronics,563.85,5,"Mitter, Srinivasan and Dixit",Shimoga,1.81,3.9,20,Bangalore Warehouse,426,2026-07-15,,,,,,,,,,,,,,
3373,2,28,2025-07-26,2025-07-28,2025-07-31,390,Delivered,Quidem Product,Groceries,4168.94,2,Gour Ltd,Bhilwara,8.05,3.83,28,Hyderabad Warehouse,118,2026-06-24,,,,,,,,,,,,,,
3374,19,97,2025-05-25,2025-05-28,2025-05-27,313,In Transit,Id Product,Electronics,4003.94,12,"Nagar, Hari and Chada",Munger,9.42,4.61,97,Bangalore Warehouse,353,2026-07-08,,,,,,,,,,,,,,
3375,18,74,2025-11-01,2025-11-03,2025-11-05,218,Delayed,Cum Product,Clothing,3762.37,5,Raju and Sons,Etawah,3.81,4.27,74,Hyderabad Warehouse,592,2026-06-21,,,,,,,,,,,,,,
3376,5,97,2026-05-25,2026-05-29,2026-06-01,176,Delayed,Id Product,Electronics,4003.94,12,Chander-Sibal,Kochi,6.81,4.37,97,Bangalore Warehouse,353,2026-07-08,516.0,Machine Failure,High,Molestiae ullam at quibusdam animi occaecati cupiditate.,2026-01-02,516.0,Change Transport Route,Pending,2026-07-09,516.0,Resolved,10.0,-3784.25,Supplier changed
3377,9,145,2025-03-01,2025-03-05,2025-03-03,389,In Transit,Provident Product,Groceries,3598.65,5,"Loyal, Varma and Tripathi",Firozabad,9.75,4.64,145,Bangalore Warehouse,739,2026-06-24,,,,,,,,,,,,,,
3378,3,35,2025-03-21,2025-03-25,2025-03-23,421,Delivered,Dolores Product,Electronics,4034.14,20,"Balan, Virk and Mangal",Bangalore,3.73,4.49,35,Chennai Warehouse,804,2026-07-11,,,,,,,,,,,,,,
3379,15,5,2024-10-17,2024-10-19,2024-10-23,155,Delivered,Occaecati Product,Medical,1257.97,15,Sastry and Sons,Haldia,5.45,4.34,5,Hyderabad Warehouse,892,2026-07-08,,,,,,,,,,,,,,
3380,13,73,2025-03-13,2025-03-23,2025-03-28,415,Delayed,Debitis Product,Furniture,1718.5,11,"Borah, Gill and Varma",Dehri,6.15,3.78,73,Mumbai Warehouse,263,2026-07-09,,,,,,,,,,,,,,
3381,9,121,2026-05-31,2026-06-06,2026-06-11,138,In Transit,Veniam Product,Furniture,3093.62,19,"Loyal, Varma and Tripathi",Firozabad,9.75,4.64,121,Bangalore Warehouse,683,2026-06-20,,,,,,,,,,,,,,
3382,17,76,2025-12-29,2026-01-06,2026-01-05,372,In Transit,Sunt Product,Electronics,2690.2,2,"Sule, Jaggi and Char",Pallavaram,6.39,3.52,76,Delhi Warehouse,630,2026-06-16,,,,,,,,,,,,,,
3383,2,150,2025-07-16,2025-07-22,2025-07-20,123,Delayed,Harum Product,Furniture,1928.91,14,Gour Ltd,Bhilwara,8.05,3.83,150,Bangalore Warehouse,533,2026-07-09,,,,,,,,,,,,,,
3384,5,2,2025-09-18,2025-09-26,2025-10-01,10,Cancelled,Veniam Product,Furniture,880.89,5,Chander-Sibal,Kochi,6.81,4.37,2,Delhi Warehouse,824,2026-06-22,,,,,,,,,,,,,,
3385,4,67,2025-09-25,2025-09-27,2025-09-30,319,In Transit,Omnis Product,Clothing,1337.97,5,Rajagopal-Jayaraman,Jalna,1.0,3.51,67,Hyderabad Warehouse,994,2026-06-29,,,,,,,,,,,,,,
3386,13,140,2025-09-11,2025-09-20,2025-09-21,325,In Transit,Recusandae Product,Groceries,2705.55,15,"Borah, Gill and Varma",Dehri,6.15,3.78,140,Hyderabad Warehouse,927,2026-06-18,,,,,,,,,,,,,,
3387,8,4,2025-05-15,2025-05-19,2025-05-22,245,Delayed,Dignissimos Product,Clothing,2106.24,6,Hans-Bir,Siliguri,2.43,4.68,4,Bangalore Warehouse,473,2026-06-30,,,,,,,,,,,,,,
3388,17,67,2025-03-13,2025-03-22,2025-03-23,146,Cancelled,Omnis Product,Clothing,1337.97,5,"Sule, Jaggi and Char",Pallavaram,6.39,3.52,67,Hyderabad Warehouse,994,2026-06-29,,,,,,,,,,,,,,
3389,10,8,2026-01-23,2026-01-31,2026-02-01,402,Delivered,Voluptatem Product,Furniture,3535.61,12,"Mitter, Srinivasan and Dixit",Shimoga,1.81,3.9,8,Chennai Warehouse,686,2026-07-07,,,,,,,,,,,,,,
3390,18,26,2026-06-19,2026-06-25,2026-06-30,59,Delayed,Ducimus Product,Medical,488.37,16,Raju and Sons,Etawah,3.81,4.27,26,Mumbai Warehouse,280,2026-07-04,,,,,,,,,,,,,,
3391,9,149,2025-04-18,2025-04-28,2025-04-28,144,Delivered,Asperiores Product,Groceries,2199.52,9,"Loyal, Varma and Tripathi",Firozabad,9.75,4.64,149,Chennai Warehouse,331,2026-07-13,,,,,,,,,,,,,,
3392,3,33,2026-07-09,2026-07-13,2026-07-17,17,Cancelled,Facere Product,Medical,1997.29,4,"Balan, Virk and Mangal",Bangalore,3.73,4.49,33,Delhi Warehouse,549,2026-07-12,,,,,,,,,,,,,,
3393,3,124,2025-10-18,2025-10-28,2025-10-29,103,Delivered,Excepturi Product,Furniture,756.02,2,"Balan, Virk and Mangal",Bangalore,3.73,4.49,124,Chennai Warehouse,123,2026-07-09,500.0,Traffic,Low,Enim tenetur aliquam nostrum odio placeat.,2026-02-26,500.0,Change Transport Route,Implemented,2025-08-11,500.0,Partially Resolved,4.0,12751.75,Minor delay occurred
3394,8,132,2026-01-20,2026-01-27,2026-01-31,482,In Transit,Quisquam Product,Groceries,1498.72,7,Hans-Bir,Siliguri,2.43,4.68,132,Mumbai Warehouse,860,2026-07-05,,,,,,,,,,,,,,
3395,16,102,2026-03-18,2026-03-28,2026-03-28,94,In Transit,Molestias Product,Furniture,2262.92,3,Handa-Manda,Vijayanagaram,8.66,4.77,102,Chennai Warehouse,835,2026-06-22,,,,,,,,,,,,,,
3396,7,10,2024-12-07,2024-12-13,2024-12-17,324,Delayed,Ratione Product,Medical,834.09,9,Wali PLC,Khandwa,2.76,4.43,10,Hyderabad Warehouse,815,2026-07-09,,,,,,,,,,,,,,
3397,13,136,2024-11-05,2024-11-12,2024-11-12,71,In Transit,Facilis Product,Groceries,4154.63,13,"Borah, Gill and Varma",Dehri,6.15,3.78,136,Bangalore Warehouse,943,2026-07-08,,,,,,,,,,,,,,
3398,6,4,2025-09-19,2025-09-22,2025-09-21,58,Delivered,Dignissimos Product,Clothing,2106.24,6,Bhavsar-Sampath,Bangalore,2.52,3.72,4,Bangalore Warehouse,473,2026-06-30,88.0,Traffic,Medium,Minima porro praesentium rerum adipisci nemo sed.,2026-01-29,88.0,Change Transport Route,Rejected,2025-09-06,88.0,Pending,12.0,-1175.81,Supplier changed
3399,3,93,2025-11-23,2025-12-01,2025-12-05,122,Delayed,Nemo Product,Automotive,3838.07,10,"Balan, Virk and Mangal",Bangalore,3.73,4.49,93,Mumbai Warehouse,413,2026-06-19,,,,,,,,,,,,,,
3400,17,1,2024-12-05,2024-12-09,2024-12-12,60,Cancelled,Sint Product,Clothing,2204.33,20,"Sule, Jaggi and Char",Pallavaram,6.39,3.52,1,Mumbai Warehouse,324,2026-07-01,,,,,,,,,,,,,,
3401,4,61,2024-09-20,2024-09-25,2024-09-25,407,Cancelled,Eveniet Product,Furniture,3258.29,8,Rajagopal-Jayaraman,Jalna,1.0,3.51,61,Mumbai Warehouse,725,2026-06-20,111.0,Weather,High,In eligendi ea consectetur aliquam architecto atque.,2025-12-02,111.0,Expedite Shipment,Approved,2026-06-14,111.0,Failed,3.0,10949.6,Supplier changed
3402,6,70,2026-04-26,2026-04-30,2026-05-01,312,Delayed,Excepturi Product,Automotive,4641.9,16,Bhavsar-Sampath,Bangalore,2.52,3.72,70,Bangalore Warehouse,802,2026-06-20,,,,,,,,,,,,,,
3403,11,68,2024-11-28,2024-12-05,2024-12-10,113,In Transit,Delectus Product,Clothing,4916.43,20,Banerjee Group,Alappuzha,8.52,4.3,68,Chennai Warehouse,660,2026-06-18,,,,,,,,,,,,,,
3404,9,129,2026-07-10,2026-07-17,2026-07-17,270,Delayed,Repellat Product,Clothing,772.83,16,"Loyal, Varma and Tripathi",Firozabad,9.75,4.64,129,Bangalore Warehouse,81,2026-07-01,,,,,,,,,,,,,,
3405,13,17,2025-08-08,2025-08-17,2025-08-19,95,Cancelled,Veniam Product,Clothing,2682.42,6,"Borah, Gill and Varma",Dehri,6.15,3.78,17,Bangalore Warehouse,243,2026-07-06,,,,,,,,,,,,,,
3406,6,119,2026-06-09,2026-06-12,2026-06-11,187,In Transit,Maxime Product,Furniture,4794.94,19,Bhavsar-Sampath,Bangalore,2.52,3.72,119,Mumbai Warehouse,383,2026-07-01,,,,,,,,,,,,,,
3407,13,21,2026-02-28,2026-03-09,2026-03-12,157,Cancelled,Animi Product,Automotive,3616.57,8,"Borah, Gill and Varma",Dehri,6.15,3.78,21,Delhi Warehouse,666,2026-06-27,,,,,,,,,,,,,,
3408,17,29,2026-03-10,2026-03-14,2026-03-14,406,Delivered,Architecto Product,Furniture,4183.31,3,"Sule, Jaggi and Char",Pallavaram,6.39,3.52,29,Chennai Warehouse,981,2026-06-27,,,,,,,,,,,,,,
3409,6,104,2024-11-03,2024-11-09,2024-11-07,235,Delivered,Laboriosam Product,Clothing,2160.36,3,Bhavsar-Sampath,Bangalore,2.52,3.72,104,Delhi Warehouse,338,2026-06-24,,,,,,,,,,,,,,
3410,8,57,2026-07-10,2026-07-14,2026-07-15,91,Delivered,Distinctio Product,Automotive,863.84,19,Hans-Bir,Siliguri,2.43,4.68,57,Hyderabad Warehouse,848,2026-06-28,,,,,,,,,,,,,,
3411,11,78,2024-12-15,2024-12-17,2024-12-17,494,Delayed,Quam Product,Clothing,1593.13,4,Banerjee Group,Alappuzha,8.52,4.3,78,Hyderabad Warehouse,637,2026-07-09,,,,,,,,,,,,,,
3412,5,55,2024-12-08,2024-12-18,2024-12-22,469,Delayed,Odio Product,Furniture,4563.23,5,Chander-Sibal,Kochi,6.81,4.37,55,Bangalore Warehouse,422,2026-07-01,9.0,Transport Strike,Medium,Ea quam iure blanditiis eligendi facilis ullam.,2025-12-17,9.0,Switch Supplier,Rejected,2025-08-01,9.0,Resolved,5.0,13060.64,Shipment rerouted
3413,19,8,2025-04-27,2025-05-02,2025-05-03,116,In Transit,Voluptatem Product,Furniture,3535.61,12,"Nagar, Hari and Chada",Munger,9.42,4.61,8,Chennai Warehouse,686,2026-07-07,,,,,,,,,,,,,,
3414,19,20,2024-07-21,2024-07-23,2024-07-28,103,In Transit,Laborum Product,Electronics,563.85,5,"Nagar, Hari and Chada",Munger,9.42,4.61,20,Bangalore Warehouse,426,2026-07-15,,,,,,,,,,,,,,
3415,15,109,2024-10-02,2024-10-06,2024-10-10,359,Cancelled,Beatae Product,Automotive,1167.1,12,Sastry and Sons,Haldia,5.45,4.34,109,Mumbai Warehouse,573,2026-06-17,44.0,Transport Strike,High,Pariatur accusantium ducimus laborum quisquam modi.,2026-05-15,44.0,Change Transport Route,Implemented,2025-07-25,44.0,Pending,9.0,4740.33,Cost increased
3415,15,109,2024-10-02,2024-10-06,2024-10-10,359,Cancelled,Beatae Product,Automotive,1167.1,12,Sastry and Sons,Haldia,5.45,4.34,109,Mumbai Warehouse,573,2026-06-17,84.0,Supplier Delay,High,Eveniet placeat ipsa.,2025-10-19,84.0,Expedite Shipment,Approved,2025-10-19,84.0,Pending,5.0,-361.68,Minor delay occurred
3416,14,46,2024-09-05,2024-09-07,2024-09-06,55,Delivered,Impedit Product,Electronics,1574.36,7,"Bahri, Dugar and Ratti",Kottayam,8.09,4.85,46,Chennai Warehouse,372,2026-06-23,,,,,,,,,,,,,,
3417,17,24,2024-09-18,2024-09-22,2024-09-25,52,Cancelled,Dolorem Product,Medical,3211.29,13,"Sule, Jaggi and Char",Pallavaram,6.39,3.52,24,Bangalore Warehouse,374,2026-06-27,,,,,,,,,,,,,,
3418,13,52,2026-05-23,2026-05-31,2026-05-29,258,Cancelled,Architecto Product,Medical,1642.77,20,"Borah, Gill and Varma",Dehri,6.15,3.78,52,Mumbai Warehouse,918,2026-06-30,35.0,Weather,High,Vero eius esse sed cumque nesciunt tempore.,2026-02-12,35.0,Increase Safety Stock,Pending,2026-04-08,35.0,Failed,15.0,13737.1,Minor delay occurred
3419,19,90,2025-04-16,2025-04-20,2025-04-21,410,Cancelled,Quo Product,Electronics,4661.14,19,"Nagar, Hari and Chada",Munger,9.42,4.61,90,Delhi Warehouse,466,2026-06-28,251.0,Machine Failure,Medium,Modi necessitatibus non.,2026-02-24,251.0,Increase Safety Stock,Implemented,2025-08-24,251.0,Pending,11.0,14354.77,Shipment rerouted
3420,18,14,2026-01-14,2026-01-21,2026-01-23,217,Cancelled,Nulla Product,Electronics,1235.72,15,Raju and Sons,Etawah,3.81,4.27,14,Hyderabad Warehouse,453,2026-07-12,,,,,,,,,,,,,,
3421,19,57,2026-01-01,2026-01-09,2026-01-12,319,Delayed,Distinctio Product,Automotive,863.84,19,"Nagar, Hari and Chada",Munger,9.42,4.61,57,Hyderabad Warehouse,848,2026-06-28,,,,,,,,,,,,,,
3422,18,43,2026-06-18,2026-06-22,2026-06-24,110,Delivered,Exercitationem Product,Furniture,2754.15,12,Raju and Sons,Etawah,3.81,4.27,43,Delhi Warehouse,560,2026-06-21,,,,,,,,,,,,,,
3423,12,17,2026-06-28,2026-07-04,2026-07-05,339,Delivered,Veniam Product,Clothing,2682.42,6,Thakur and Sons,Kanpur,5.83,3.5,17,Bangalore Warehouse,243,2026-07-06,426.0,Machine Failure,Low,Aliquid tempora eveniet id laboriosam beatae.,2025-10-11,426.0,Change Transport Route,Approved,2025-09-11,426.0,Partially Resolved,4.0,3350.61,Issue resolved successfully
3424,16,131,2025-08-17,2025-08-26,2025-08-24,317,Cancelled,Nesciunt Product,Furniture,3585.42,1,Handa-Manda,Vijayanagaram,8.66,4.77,131,Hyderabad Warehouse,157,2026-06-24,336.0,Transport Strike,Medium,Dolorum ex dolorum quisquam excepturi quaerat.,2025-12-21,336.0,Switch Supplier,Rejected,2026-07-05,336.0,Partially Resolved,2.0,6709.81,Issue resolved successfully
3425,5,22,2025-06-17,2025-06-21,2025-06-22,432,Delivered,Amet Product,Furniture,1453.32,6,Chander-Sibal,Kochi,6.81,4.37,22,Delhi Warehouse,386,2026-07-10,,,,,,,,,,,,,,
3426,6,25,2024-10-06,2024-10-09,2024-10-07,265,Delayed,Vel Product,Automotive,3265.92,1,Bhavsar-Sampath,Bangalore,2.52,3.72,25,Bangalore Warehouse,437,2026-07-06,,,,,,,,,,,,,,
3427,15,127,2025-08-20,2025-08-27,2025-08-31,87,In Transit,Eum Product,Automotive,1710.79,7,Sastry and Sons,Haldia,5.45,4.34,127,Delhi Warehouse,588,2026-07-12,,,,,,,,,,,,,,
3428,15,122,2024-07-30,2024-08-04,2024-08-06,155,Delayed,Expedita Product,Electronics,1957.13,8,Sastry and Sons,Haldia,5.45,4.34,122,Delhi Warehouse,394,2026-07-14,,,,,,,,,,,,,,
3429,15,119,2025-11-08,2025-11-16,2025-11-17,136,Cancelled,Maxime Product,Furniture,4794.94,19,Sastry and Sons,Haldia,5.45,4.34,119,Mumbai Warehouse,383,2026-07-01,,,,,,,,,,,,,,
3430,8,118,2025-12-15,2025-12-22,2025-12-27,463,In Transit,Harum Product,Automotive,2602.93,16,Hans-Bir,Siliguri,2.43,4.68,118,Bangalore Warehouse,482,2026-06-18,529.0,Transport Strike,High,Sunt itaque nobis recusandae ipsa.,2026-06-26,529.0,Change Transport Route,Pending,2026-01-16,529.0,Pending,3.0,-2849.56,Supplier changed
3431,4,91,2025-03-20,2025-03-28,2025-03-29,492,Delivered,Laudantium Product,Furniture,3665.32,5,Rajagopal-Jayaraman,Jalna,1.0,3.51,91,Hyderabad Warehouse,678,2026-07-12,,,,,,,,,,,,,,
3432,11,119,2026-03-30,2026-04-06,2026-04-06,473,Cancelled,Maxime Product,Furniture,4794.94,19,Banerjee Group,Alappuzha,8.52,4.3,119,Mumbai Warehouse,383,2026-07-01,521.0,Port Congestion,Medium,Magni quisquam blanditiis recusandae hic at.,2025-12-11,521.0,Increase Safety Stock,Rejected,2026-05-27,521.0,Pending,12.0,2699.68,Issue resolved successfully
3433,13,87,2024-11-30,2024-12-07,2024-12-11,452,Delivered,Vitae Product,Clothing,4295.55,19,"Borah, Gill and Varma",Dehri,6.15,3.78,87,Delhi Warehouse,423,2026-06-26,,,,,,,,,,,,,,
3434,9,30,2025-06-06,2025-06-10,2025-06-10,468,Delayed,Voluptatem Product,Medical,3709.02,5,"Loyal, Varma and Tripathi",Firozabad,9.75,4.64,30,Chennai Warehouse,472,2026-06-30,,,,,,,,,,,,,,
3435,18,139,2025-08-01,2025-08-10,2025-08-10,358,Cancelled,Vero Product,Furniture,4054.68,9,Raju and Sons,Etawah,3.81,4.27,139,Mumbai Warehouse,185,2026-07-15,,,,,,,,,,,,,,
3436,13,101,2025-06-01,2025-06-03,2025-06-08,90,Cancelled,Delectus Product,Automotive,1333.96,11,"Borah, Gill and Varma",Dehri,6.15,3.78,101,Bangalore Warehouse,654,2026-06-16,,,,,,,,,,,,,,
3437,12,62,2025-12-02,2025-12-07,2025-12-06,124,In Transit,Officiis Product,Medical,3477.18,12,Thakur and Sons,Kanpur,5.83,3.5,62,Chennai Warehouse,668,2026-07-05,,,,,,,,,,,,,,
3438,9,46,2026-02-16,2026-02-23,2026-02-27,114,In Transit,Impedit Product,Electronics,1574.36,7,"Loyal, Varma and Tripathi",Firozabad,9.75,4.64,46,Chennai Warehouse,372,2026-06-23,,,,,,,,,,,,,,
3439,19,124,2025-11-27,2025-12-04,2025-12-08,37,Delayed,Excepturi Product,Furniture,756.02,2,"Nagar, Hari and Chada",Munger,9.42,4.61,124,Chennai Warehouse,123,2026-07-09,,,,,,,,,,,,,,
3440,9,129,2025-10-21,2025-10-30,2025-11-03,303,In Transit,Repellat Product,Clothing,772.83,16,"Loyal, Varma and Tripathi",Firozabad,9.75,4.64,129,Bangalore Warehouse,81,2026-07-01,,,,,,,,,,,,,,
3441,18,138,2024-12-08,2024-12-17,2024-12-16,239,Delivered,Commodi Product,Groceries,4831.21,4,Raju and Sons,Etawah,3.81,4.27,138,Bangalore Warehouse,589,2026-06-20,343.0,Machine Failure,High,Vel officia velit a.,2025-12-06,343.0,Increase Safety Stock,Rejected,2025-11-09,343.0,Failed,9.0,5704.68,Minor delay occurred
3442,12,24,2025-05-03,2025-05-13,2025-05-11,103,Delivered,Dolorem Product,Medical,3211.29,13,Thakur and Sons,Kanpur,5.83,3.5,24,Bangalore Warehouse,374,2026-06-27,,,,,,,,,,,,,,
3443,2,68,2025-03-01,2025-03-10,2025-03-15,398,In Transit,Delectus Product,Clothing,4916.43,20,Gour Ltd,Bhilwara,8.05,3.83,68,Chennai Warehouse,660,2026-06-18,,,,,,,,,,,,,,
3444,6,131,2024-08-16,2024-08-25,2024-08-26,361,Cancelled,Nesciunt Product,Furniture,3585.42,1,Bhavsar-Sampath,Bangalore,2.52,3.72,131,Hyderabad Warehouse,157,2026-06-24,,,,,,,,,,,,,,
3445,11,102,2025-08-16,2025-08-21,2025-08-24,211,Delivered,Molestias Product,Furniture,2262.92,3,Banerjee Group,Alappuzha,8.52,4.3,102,Chennai Warehouse,835,2026-06-22,,,,,,,,,,,,,,
3446,7,85,2025-02-15,2025-02-23,2025-02-27,264,Delivered,Vero Product,Medical,287.27,20,Wali PLC,Khandwa,2.76,4.43,85,Bangalore Warehouse,854,2026-06-21,,,,,,,,,,,,,,
3447,6,58,2026-03-25,2026-04-01,2026-04-06,258,Delivered,Tempore Product,Groceries,4870.19,6,Bhavsar-Sampath,Bangalore,2.52,3.72,58,Bangalore Warehouse,328,2026-07-11,,,,,,,,,,,,,,
3448,17,25,2026-05-21,2026-05-23,2026-05-24,239,Cancelled,Vel Product,Automotive,3265.92,1,"Sule, Jaggi and Char",Pallavaram,6.39,3.52,25,Bangalore Warehouse,437,2026-07-06,,,,,,,,,,,,,,
3449,16,43,2024-09-11,2024-09-16,2024-09-17,118,Cancelled,Exercitationem Product,Furniture,2754.15,12,Handa-Manda,Vijayanagaram,8.66,4.77,43,Delhi Warehouse,560,2026-06-21,,,,,,,,,,,,,,
3450,19,20,2025-06-25,2025-06-28,2025-07-03,356,Delayed,Laborum Product,Electronics,563.85,5,"Nagar, Hari and Chada",Munger,9.42,4.61,20,Bangalore Warehouse,426,2026-07-15,,,,,,,,,,,,,,
3451,14,42,2025-05-05,2025-05-13,2025-05-16,409,Delivered,Exercitationem Product,Medical,980.26,5,"Bahri, Dugar and Ratti",Kottayam,8.09,4.85,42,Bangalore Warehouse,493,2026-07-01,,,,,,,,,,,,,,
3452,9,37,2026-05-19,2026-05-26,2026-05-25,233,Delayed,Earum Product,Groceries,442.22,11,"Loyal, Varma and Tripathi",Firozabad,9.75,4.64,37,Mumbai Warehouse,198,2026-06-16,,,,,,,,,,,,,,
3453,4,1,2025-11-30,2025-12-05,2025-12-09,358,In Transit,Sint Product,Clothing,2204.33,20,Rajagopal-Jayaraman,Jalna,1.0,3.51,1,Mumbai Warehouse,324,2026-07-01,,,,,,,,,,,,,,
3454,8,111,2024-11-25,2024-11-28,2024-12-01,398,Delivered,Quaerat Product,Clothing,218.68,3,Hans-Bir,Siliguri,2.43,4.68,111,Hyderabad Warehouse,662,2026-07-13,,,,,,,,,,,,,,
3455,13,120,2025-06-05,2025-06-11,2025-06-09,322,Cancelled,Magnam Product,Electronics,3329.48,19,"Borah, Gill and Varma",Dehri,6.15,3.78,120,Bangalore Warehouse,996,2026-07-07,,,,,,,,,,,,,,
3456,18,124,2026-05-04,2026-05-09,2026-05-11,192,Delivered,Excepturi Product,Furniture,756.02,2,Raju and Sons,Etawah,3.81,4.27,124,Chennai Warehouse,123,2026-07-09,,,,,,,,,,,,,,
3457,16,23,2025-05-28,2025-06-03,2025-06-08,480,Cancelled,Quibusdam Product,Furniture,2588.22,10,Handa-Manda,Vijayanagaram,8.66,4.77,23,Delhi Warehouse,912,2026-06-19,,,,,,,,,,,,,,
3458,19,54,2026-04-13,2026-04-15,2026-04-14,32,In Transit,Voluptatem Product,Groceries,3641.55,2,"Nagar, Hari and Chada",Munger,9.42,4.61,54,Chennai Warehouse,842,2026-06-17,,,,,,,,,,,,,,
3459,10,118,2025-09-25,2025-10-02,2025-10-04,444,Delivered,Harum Product,Automotive,2602.93,16,"Mitter, Srinivasan and Dixit",Shimoga,1.81,3.9,118,Bangalore Warehouse,482,2026-06-18,,,,,,,,,,,,,,
3460,20,117,2025-07-20,2025-07-28,2025-07-27,477,Delivered,Quisquam Product,Medical,1461.86,8,Chakraborty-Sengupta,Malda,5.0,3.56,117,Hyderabad Warehouse,793,2026-06-16,,,,,,,,,,,,,,
3461,20,55,2026-03-09,2026-03-14,2026-03-17,367,Delayed,Odio Product,Furniture,4563.23,5,Chakraborty-Sengupta,Malda,5.0,3.56,55,Bangalore Warehouse,422,2026-07-01,,,,,,,,,,,,,,
3462,4,72,2026-02-23,2026-03-04,2026-03-07,375,Delivered,Fuga Product,Groceries,160.42,9,Rajagopal-Jayaraman,Jalna,1.0,3.51,72,Chennai Warehouse,359,2026-07-11,,,,,,,,,,,,,,
3463,18,131,2025-12-13,2025-12-23,2025-12-28,200,Delayed,Nesciunt Product,Furniture,3585.42,1,Raju and Sons,Etawah,3.81,4.27,131,Hyderabad Warehouse,157,2026-06-24,,,,,,,,,,,,,,
3464,20,127,2026-07-11,2026-07-21,2026-07-19,253,Delivered,Eum Product,Automotive,1710.79,7,Chakraborty-Sengupta,Malda,5.0,3.56,127,Delhi Warehouse,588,2026-07-12,,,,,,,,,,,,,,
3465,4,136,2024-10-07,2024-10-12,2024-10-12,147,Delayed,Facilis Product,Groceries,4154.63,13,Rajagopal-Jayaraman,Jalna,1.0,3.51,136,Bangalore Warehouse,943,2026-07-08,379.0,Port Congestion,High,Sunt pariatur animi maiores sint natus voluptatibus.,2025-10-26,379.0,Expedite Shipment,Implemented,2026-02-26,379.0,Pending,7.0,9169.44,Issue resolved successfully
3466,20,112,2025-08-12,2025-08-20,2025-08-19,434,Delivered,Modi Product,Electronics,2985.26,19,Chakraborty-Sengupta,Malda,5.0,3.56,112,Bangalore Warehouse,212,2026-06-25,,,,,,,,,,,,,,
3467,17,53,2026-01-10,2026-01-15,2026-01-17,107,Delayed,Ea Product,Clothing,3005.08,10,"Sule, Jaggi and Char",Pallavaram,6.39,3.52,53,Delhi Warehouse,480,2026-06-28,,,,,,,,,,,,,,
3468,14,81,2025-02-25,2025-03-01,2025-03-02,356,Cancelled,Voluptatibus Product,Automotive,1958.75,1,"Bahri, Dugar and Ratti",Kottayam,8.09,4.85,81,Chennai Warehouse,875,2026-06-17,,,,,,,,,,,,,,
3469,17,50,2025-03-24,2025-03-26,2025-03-26,53,Delayed,Quae Product,Automotive,939.97,7,"Sule, Jaggi and Char",Pallavaram,6.39,3.52,50,Chennai Warehouse,576,2026-07-06,,,,,,,,,,,,,,
3470,19,16,2025-09-01,2025-09-11,2025-09-11,429,Cancelled,Vel Product,Medical,4239.68,2,"Nagar, Hari and Chada",Munger,9.42,4.61,16,Hyderabad Warehouse,928,2026-07-01,,,,,,,,,,,,,,
3471,14,135,2025-05-14,2025-05-22,2025-05-27,373,Delayed,Nisi Product,Medical,1322.29,1,"Bahri, Dugar and Ratti",Kottayam,8.09,4.85,135,Delhi Warehouse,660,2026-06-19,,,,,,,,,,,,,,
3472,10,94,2026-05-07,2026-05-17,2026-05-19,348,In Transit,Culpa Product,Clothing,4115.37,20,"Mitter, Srinivasan and Dixit",Shimoga,1.81,3.9,94,Delhi Warehouse,329,2026-07-15,207.0,Transport Strike,Low,Iusto ut fugiat.,2025-08-26,207.0,Increase Safety Stock,Implemented,2025-12-03,207.0,Pending,7.0,10503.3,Supplier changed
3473,14,58,2025-11-17,2025-11-24,2025-11-26,36,In Transit,Tempore Product,Groceries,4870.19,6,"Bahri, Dugar and Ratti",Kottayam,8.09,4.85,58,Bangalore Warehouse,328,2026-07-11,,,,,,,,,,,,,,
3474,7,97,2025-07-04,2025-07-14,2025-07-19,448,In Transit,Id Product,Electronics,4003.94,12,Wali PLC,Khandwa,2.76,4.43,97,Bangalore Warehouse,353,2026-07-08,,,,,,,,,,,,,,
3475,1,93,2026-01-21,2026-01-26,2026-01-28,261,Delayed,Nemo Product,Automotive,3838.07,10,"Balasubramanian, Gara and Memon",Nadiad,5.69,4.88,93,Mumbai Warehouse,413,2026-06-19,,,,,,,,,,,,,,
3476,9,109,2025-05-08,2025-05-10,2025-05-11,486,Cancelled,Beatae Product,Automotive,1167.1,12,"Loyal, Varma and Tripathi",Firozabad,9.75,4.64,109,Mumbai Warehouse,573,2026-06-17,85.0,Port Congestion,High,Aliquam enim est voluptas eius.,2025-11-03,85.0,Expedite Shipment,Approved,2025-11-18,85.0,Failed,11.0,14366.53,Minor delay occurred
3477,3,33,2026-01-26,2026-02-02,2026-02-06,244,In Transit,Facere Product,Medical,1997.29,4,"Balan, Virk and Mangal",Bangalore,3.73,4.49,33,Delhi Warehouse,549,2026-07-12,,,,,,,,,,,,,,
3478,4,10,2025-06-10,2025-06-17,2025-06-17,161,Delayed,Ratione Product,Medical,834.09,9,Rajagopal-Jayaraman,Jalna,1.0,3.51,10,Hyderabad Warehouse,815,2026-07-09,,,,,,,,,,,,,,
3479,2,142,2025-07-27,2025-08-04,2025-08-05,273,Delayed,Dolorum Product,Groceries,1310.64,7,Gour Ltd,Bhilwara,8.05,3.83,142,Mumbai Warehouse,982,2026-07-09,542.0,Traffic,Medium,Molestias cumque maiores.,2026-07-03,542.0,Increase Safety Stock,Implemented,2025-12-25,542.0,Resolved,6.0,5733.05,Cost increased
3480,14,84,2025-06-21,2025-06-27,2025-07-01,187,In Transit,Ab Product,Clothing,1108.56,18,"Bahri, Dugar and Ratti",Kottayam,8.09,4.85,84,Bangalore Warehouse,80,2026-06-28,,,,,,,,,,,,,,
3481,3,136,2025-09-14,2025-09-18,2025-09-19,150,In Transit,Facilis Product,Groceries,4154.63,13,"Balan, Virk and Mangal",Bangalore,3.73,4.49,136,Bangalore Warehouse,943,2026-07-08,568.0,Port Congestion,High,Sapiente officiis nobis sit.,2026-05-17,568.0,Increase Safety Stock,Implemented,2025-09-17,568.0,Failed,10.0,6486.81,Shipment rerouted
3482,15,58,2025-02-27,2025-03-01,2025-03-05,359,Cancelled,Tempore Product,Groceries,4870.19,6,Sastry and Sons,Haldia,5.45,4.34,58,Bangalore Warehouse,328,2026-07-11,,,,,,,,,,,,,,
3483,20,35,2024-10-12,2024-10-15,2024-10-14,96,Delayed,Dolores Product,Electronics,4034.14,20,Chakraborty-Sengupta,Malda,5.0,3.56,35,Chennai Warehouse,804,2026-07-11,,,,,,,,,,,,,,
3484,18,113,2025-12-06,2025-12-10,2025-12-14,333,Cancelled,Placeat Product,Groceries,4202.62,15,Raju and Sons,Etawah,3.81,4.27,113,Mumbai Warehouse,228,2026-07-12,,,,,,,,,,,,,,
3485,4,50,2024-07-15,2024-07-23,2024-07-26,97,Delayed,Quae Product,Automotive,939.97,7,Rajagopal-Jayaraman,Jalna,1.0,3.51,50,Chennai Warehouse,576,2026-07-06,,,,,,,,,,,,,,
3486,16,139,2025-12-21,2025-12-24,2025-12-25,87,Cancelled,Vero Product,Furniture,4054.68,9,Handa-Manda,Vijayanagaram,8.66,4.77,139,Mumbai Warehouse,185,2026-07-15,,,,,,,,,,,,,,
3487,1,35,2026-07-07,2026-07-15,2026-07-16,269,Cancelled,Dolores Product,Electronics,4034.14,20,"Balasubramanian, Gara and Memon",Nadiad,5.69,4.88,35,Chennai Warehouse,804,2026-07-11,,,,,,,,,,,,,,
3488,3,128,2025-08-11,2025-08-13,2025-08-13,369,Cancelled,Non Product,Clothing,4746.22,5,"Balan, Virk and Mangal",Bangalore,3.73,4.49,128,Hyderabad Warehouse,464,2026-06-23,,,,,,,,,,,,,,
3489,20,107,2026-04-01,2026-04-07,2026-04-11,440,Delayed,Repudiandae Product,Automotive,609.59,11,Chakraborty-Sengupta,Malda,5.0,3.56,107,Delhi Warehouse,711,2026-07-01,,,,,,,,,,,,,,
3490,14,61,2026-06-17,2026-06-27,2026-06-28,467,Cancelled,Eveniet Product,Furniture,3258.29,8,"Bahri, Dugar and Ratti",Kottayam,8.09,4.85,61,Mumbai Warehouse,725,2026-06-20,,,,,,,,,,,,,,
3491,12,136,2025-10-14,2025-10-16,2025-10-18,393,Delayed,Facilis Product,Groceries,4154.63,13,Thakur and Sons,Kanpur,5.83,3.5,136,Bangalore Warehouse,943,2026-07-08,,,,,,,,,,,,,,
3492,13,23,2025-01-18,2025-01-23,2025-01-23,466,Delivered,Quibusdam Product,Furniture,2588.22,10,"Borah, Gill and Varma",Dehri,6.15,3.78,23,Delhi Warehouse,912,2026-06-19,,,,,,,,,,,,,,
3493,12,24,2025-07-12,2025-07-16,2025-07-21,417,Delivered,Dolorem Product,Medical,3211.29,13,Thakur and Sons,Kanpur,5.83,3.5,24,Bangalore Warehouse,374,2026-06-27,,,,,,,,,,,,,,
3494,7,66,2025-12-26,2026-01-01,2025-12-30,343,Cancelled,Quas Product,Groceries,4225.31,19,Wali PLC,Khandwa,2.76,4.43,66,Bangalore Warehouse,853,2026-06-19,,,,,,,,,,,,,,
3495,12,116,2026-02-27,2026-03-03,2026-03-08,447,Cancelled,Architecto Product,Groceries,763.04,10,Thakur and Sons,Kanpur,5.83,3.5,116,Bangalore Warehouse,102,2026-07-04,,,,,,,,,,,,,,
3496,12,39,2026-06-27,2026-06-29,2026-06-27,279,Delivered,Amet Product,Automotive,1228.36,6,Thakur and Sons,Kanpur,5.83,3.5,39,Chennai Warehouse,720,2026-07-10,,,,,,,,,,,,,,
3497,7,34,2025-12-26,2026-01-05,2026-01-08,131,Delivered,Consequatur Product,Automotive,4834.5,8,Wali PLC,Khandwa,2.76,4.43,34,Delhi Warehouse,280,2026-06-18,,,,,,,,,,,,,,
3498,15,112,2025-08-07,2025-08-16,2025-08-16,413,Delivered,Modi Product,Electronics,2985.26,19,Sastry and Sons,Haldia,5.45,4.34,112,Bangalore Warehouse,212,2026-06-25,,,,,,,,,,,,,,
3499,19,125,2025-09-24,2025-09-28,2025-10-01,327,Cancelled,Consectetur Product,Clothing,1221.23,13,"Nagar, Hari and Chada",Munger,9.42,4.61,125,Chennai Warehouse,72,2026-06-29,,,,,,,,,,,,,,
3500,17,141,2026-05-21,2026-05-31,2026-06-01,175,In Transit,Provident Product,Automotive,4798.63,6,"Sule, Jaggi and Char",Pallavaram,6.39,3.52,141,Delhi Warehouse,291,2026-07-10,,,,,,,,,,,,,,
3501,3,146,2026-06-09,2026-06-13,2026-06-18,439,Delayed,Minus Product,Furniture,4540.31,18,"Balan, Virk and Mangal",Bangalore,3.73,4.49,146,Delhi Warehouse,858,2026-06-21,,,,,,,,,,,,,,
3502,9,16,2025-05-02,2025-05-05,2025-05-05,478,Delivered,Vel Product,Medical,4239.68,2,"Loyal, Varma and Tripathi",Firozabad,9.75,4.64,16,Hyderabad Warehouse,928,2026-07-01,,,,,,,,,,,,,,
3503,1,62,2026-01-17,2026-01-21,2026-01-22,446,Cancelled,Officiis Product,Medical,3477.18,12,"Balasubramanian, Gara and Memon",Nadiad,5.69,4.88,62,Chennai Warehouse,668,2026-07-05,490.0,Traffic,High,Odio rem voluptatibus voluptatem autem voluptatum.,2026-01-02,490.0,Switch Supplier,Pending,2026-06-06,490.0,Failed,8.0,13099.66,Minor delay occurred
3504,11,78,2025-05-29,2025-06-05,2025-06-04,181,Delivered,Quam Product,Clothing,1593.13,4,Banerjee Group,Alappuzha,8.52,4.3,78,Hyderabad Warehouse,637,2026-07-09,,,,,,,,,,,,,,
3505,20,146,2025-07-09,2025-07-18,2025-07-18,306,Delayed,Minus Product,Furniture,4540.31,18,Chakraborty-Sengupta,Malda,5.0,3.56,146,Delhi Warehouse,858,2026-06-21,,,,,,,,,,,,,,
3506,9,57,2026-02-20,2026-02-25,2026-02-24,259,In Transit,Distinctio Product,Automotive,863.84,19,"Loyal, Varma and Tripathi",Firozabad,9.75,4.64,57,Hyderabad Warehouse,848,2026-06-28,,,,,,,,,,,,,,
3507,9,111,2024-10-01,2024-10-10,2024-10-11,322,In Transit,Quaerat Product,Clothing,218.68,3,"Loyal, Varma and Tripathi",Firozabad,9.75,4.64,111,Hyderabad Warehouse,662,2026-07-13,,,,,,,,,,,,,,
3508,9,140,2024-10-10,2024-10-15,2024-10-16,494,Cancelled,Recusandae Product,Groceries,2705.55,15,"Loyal, Varma and Tripathi",Firozabad,9.75,4.64,140,Hyderabad Warehouse,927,2026-06-18,,,,,,,,,,,,,,
3509,13,111,2026-04-26,2026-05-06,2026-05-11,35,In Transit,Quaerat Product,Clothing,218.68,3,"Borah, Gill and Varma",Dehri,6.15,3.78,111,Hyderabad Warehouse,662,2026-07-13,,,,,,,,,,,,,,
3510,5,34,2026-07-08,2026-07-14,2026-07-16,93,Delivered,Consequatur Product,Automotive,4834.5,8,Chander-Sibal,Kochi,6.81,4.37,34,Delhi Warehouse,280,2026-06-18,248.0,Supplier Delay,Low,Aut voluptas rem eaque nobis dolor.,2025-09-24,248.0,Change Transport Route,Approved,2025-12-04,248.0,Resolved,14.0,3042.32,Issue resolved successfully
3511,6,12,2025-01-24,2025-01-31,2025-02-05,157,In Transit,Fugit Product,Clothing,1357.85,15,Bhavsar-Sampath,Bangalore,2.52,3.72,12,Hyderabad Warehouse,878,2026-06-22,,,,,,,,,,,,,,
3512,6,50,2025-03-14,2025-03-19,2025-03-21,25,In Transit,Quae Product,Automotive,939.97,7,Bhavsar-Sampath,Bangalore,2.52,3.72,50,Chennai Warehouse,576,2026-07-06,,,,,,,,,,,,,,
3513,2,64,2024-09-02,2024-09-08,2024-09-12,484,Cancelled,Officia Product,Automotive,1852.17,1,Gour Ltd,Bhilwara,8.05,3.83,64,Hyderabad Warehouse,751,2026-06-19,,,,,,,,,,,,,,
3514,4,93,2025-10-25,2025-10-31,2025-11-05,473,Delayed,Nemo Product,Automotive,3838.07,10,Rajagopal-Jayaraman,Jalna,1.0,3.51,93,Mumbai Warehouse,413,2026-06-19,,,,,,,,,,,,,,
3515,4,24,2026-02-26,2026-03-06,2026-03-08,151,Delayed,Dolorem Product,Medical,3211.29,13,Rajagopal-Jayaraman,Jalna,1.0,3.51,24,Bangalore Warehouse,374,2026-06-27,512.0,Machine Failure,High,Quod nobis accusantium dolores molestiae ipsam.,2026-02-19,512.0,Expedite Shipment,Pending,2025-10-03,512.0,Failed,8.0,14358.67,Shipment rerouted
3516,7,127,2024-11-16,2024-11-26,2024-11-26,149,In Transit,Eum Product,Automotive,1710.79,7,Wali PLC,Khandwa,2.76,4.43,127,Delhi Warehouse,588,2026-07-12,,,,,,,,,,,,,,
3517,19,29,2024-12-26,2025-01-03,2025-01-06,30,Cancelled,Architecto Product,Furniture,4183.31,3,"Nagar, Hari and Chada",Munger,9.42,4.61,29,Chennai Warehouse,981,2026-06-27,,,,,,,,,,,,,,
3518,13,89,2025-11-24,2025-11-30,2025-11-30,14,Cancelled,Fugiat Product,Electronics,4524.8,7,"Borah, Gill and Varma",Dehri,6.15,3.78,89,Bangalore Warehouse,597,2026-06-18,,,,,,,,,,,,,,
3519,1,82,2024-09-13,2024-09-15,2024-09-16,241,In Transit,Unde Product,Electronics,3347.22,1,"Balasubramanian, Gara and Memon",Nadiad,5.69,4.88,82,Hyderabad Warehouse,481,2026-07-04,369.0,Traffic,High,Ullam officiis veritatis libero libero est pariatur ipsa.,2026-05-16,369.0,Change Transport Route,Rejected,2026-04-22,369.0,Pending,11.0,1519.28,Shipment rerouted
3520,2,142,2026-06-24,2026-06-27,2026-06-25,259,Cancelled,Dolorum Product,Groceries,1310.64,7,Gour Ltd,Bhilwara,8.05,3.83,142,Mumbai Warehouse,982,2026-07-09,,,,,,,,,,,,,,
3521,18,86,2026-01-25,2026-02-01,2026-02-03,250,Delayed,Aliquam Product,Electronics,2475.27,3,Raju and Sons,Etawah,3.81,4.27,86,Mumbai Warehouse,687,2026-06-23,401.0,Port Congestion,Low,Animi esse natus eligendi consequuntur quisquam.,2026-01-21,401.0,Switch Supplier,Approved,2025-12-04,401.0,Partially Resolved,13.0,-3302.21,Cost increased
3522,18,92,2025-06-24,2025-07-04,2025-07-08,82,In Transit,Architecto Product,Furniture,4826.14,10,Raju and Sons,Etawah,3.81,4.27,92,Mumbai Warehouse,215,2026-07-07,176.0,Port Congestion,Low,Molestiae alias a iusto voluptate quaerat accusantium.,2026-07-13,176.0,Change Transport Route,Pending,2026-04-17,176.0,Failed,3.0,3092.35,Shipment rerouted
3523,1,96,2024-10-22,2024-10-28,2024-10-30,151,Cancelled,Laborum Product,Medical,3501.37,20,"Balasubramanian, Gara and Memon",Nadiad,5.69,4.88,96,Mumbai Warehouse,471,2026-06-19,335.0,Port Congestion,High,Voluptates sit quidem itaque iusto quod.,2025-10-27,335.0,Increase Safety Stock,Implemented,2025-10-26,335.0,Resolved,5.0,13083.29,Minor delay occurred
3524,19,110,2024-09-02,2024-09-04,2024-09-08,261,In Transit,Assumenda Product,Furniture,4904.71,9,"Nagar, Hari and Chada",Munger,9.42,4.61,110,Chennai Warehouse,817,2026-06-23,,,,,,,,,,,,,,
3525,12,43,2024-12-19,2024-12-22,2024-12-27,142,Cancelled,Exercitationem Product,Furniture,2754.15,12,Thakur and Sons,Kanpur,5.83,3.5,43,Delhi Warehouse,560,2026-06-21,,,,,,,,,,,,,,
3526,2,112,2025-05-21,2025-05-23,2025-05-24,203,Delayed,Modi Product,Electronics,2985.26,19,Gour Ltd,Bhilwara,8.05,3.83,112,Bangalore Warehouse,212,2026-06-25,,,,,,,,,,,,,,
3527,20,106,2025-04-13,2025-04-16,2025-04-20,234,Delayed,Officiis Product,Clothing,3586.71,17,Chakraborty-Sengupta,Malda,5.0,3.56,106,Delhi Warehouse,595,2026-06-23,,,,,,,,,,,,,,
3528,3,92,2025-12-14,2025-12-22,2025-12-27,289,In Transit,Architecto Product,Furniture,4826.14,10,"Balan, Virk and Mangal",Bangalore,3.73,4.49,92,Mumbai Warehouse,215,2026-07-07,,,,,,,,,,,,,,
3529,9,136,2026-04-18,2026-04-20,2026-04-23,316,Delivered,Facilis Product,Groceries,4154.63,13,"Loyal, Varma and Tripathi",Firozabad,9.75,4.64,136,Bangalore Warehouse,943,2026-07-08,,,,,,,,,,,,,,
3530,16,7,2026-02-09,2026-02-17,2026-02-15,38,Delivered,Expedita Product,Furniture,1401.54,17,Handa-Manda,Vijayanagaram,8.66,4.77,7,Delhi Warehouse,512,2026-06-28,560.0,Machine Failure,High,Quod quisquam veritatis excepturi molestias eos labore consequatur.,2026-06-16,560.0,Switch Supplier,Approved,2026-06-27,560.0,Failed,6.0,4547.13,Cost increased
3531,2,120,2026-02-04,2026-02-10,2026-02-14,345,Delivered,Magnam Product,Electronics,3329.48,19,Gour Ltd,Bhilwara,8.05,3.83,120,Bangalore Warehouse,996,2026-07-07,219.0,Supplier Delay,Medium,Dolorem vel enim cum.,2026-03-15,219.0,Expedite Shipment,Rejected,2025-09-29,219.0,Failed,3.0,3430.75,Minor delay occurred
3532,7,20,2025-09-08,2025-09-13,2025-09-16,386,Delivered,Laborum Product,Electronics,563.85,5,Wali PLC,Khandwa,2.76,4.43,20,Bangalore Warehouse,426,2026-07-15,,,,,,,,,,,,,,
3533,20,29,2024-11-05,2024-11-12,2024-11-14,179,Delivered,Architecto Product,Furniture,4183.31,3,Chakraborty-Sengupta,Malda,5.0,3.56,29,Chennai Warehouse,981,2026-06-27,,,,,,,,,,,,,,
3534,6,146,2025-08-23,2025-08-31,2025-09-04,166,Delivered,Minus Product,Furniture,4540.31,18,Bhavsar-Sampath,Bangalore,2.52,3.72,146,Delhi Warehouse,858,2026-06-21,150.0,Transport Strike,Low,Odit laboriosam ea odit.,2025-11-25,150.0,Change Transport Route,Implemented,2025-12-28,150.0,Partially Resolved,15.0,14508.23,Minor delay occurred
3535,10,149,2024-07-29,2024-08-06,2024-08-11,440,Delayed,Asperiores Product,Groceries,2199.52,9,"Mitter, Srinivasan and Dixit",Shimoga,1.81,3.9,149,Chennai Warehouse,331,2026-07-13,,,,,,,,,,,,,,
3536,7,109,2025-09-05,2025-09-12,2025-09-15,230,Delayed,Beatae Product,Automotive,1167.1,12,Wali PLC,Khandwa,2.76,4.43,109,Mumbai Warehouse,573,2026-06-17,,,,,,,,,,,,,,
3537,14,16,2024-10-17,2024-10-27,2024-10-31,250,Cancelled,Vel Product,Medical,4239.68,2,"Bahri, Dugar and Ratti",Kottayam,8.09,4.85,16,Hyderabad Warehouse,928,2026-07-01,,,,,,,,,,,,,,
3538,16,115,2025-12-31,2026-01-02,2026-01-05,303,Delivered,Accusamus Product,Clothing,1194.04,7,Handa-Manda,Vijayanagaram,8.66,4.77,115,Chennai Warehouse,832,2026-06-27,,,,,,,,,,,,,,
3539,19,98,2024-08-08,2024-08-11,2024-08-15,311,Delivered,Quae Product,Clothing,2022.11,14,"Nagar, Hari and Chada",Munger,9.42,4.61,98,Hyderabad Warehouse,832,2026-07-05,,,,,,,,,,,,,,
3540,15,141,2024-08-26,2024-08-31,2024-08-29,129,Delivered,Provident Product,Automotive,4798.63,6,Sastry and Sons,Haldia,5.45,4.34,141,Delhi Warehouse,291,2026-07-10,,,,,,,,,,,,,,
3541,2,87,2025-02-03,2025-02-09,2025-02-14,464,In Transit,Vitae Product,Clothing,4295.55,19,Gour Ltd,Bhilwara,8.05,3.83,87,Delhi Warehouse,423,2026-06-26,,,,,,,,,,,,,,
3542,2,129,2026-01-27,2026-02-06,2026-02-07,496,Delivered,Repellat Product,Clothing,772.83,16,Gour Ltd,Bhilwara,8.05,3.83,129,Bangalore Warehouse,81,2026-07-01,418.0,Supplier Delay,Medium,Quidem magnam exercitationem odio molestias.,2026-02-16,418.0,Increase Safety Stock,Approved,2026-04-07,418.0,Failed,9.0,12146.12,Shipment rerouted
3542,2,129,2026-01-27,2026-02-06,2026-02-07,496,Delivered,Repellat Product,Clothing,772.83,16,Gour Ltd,Bhilwara,8.05,3.83,129,Bangalore Warehouse,81,2026-07-01,590.0,Machine Failure,High,Vel quis harum vitae.,2025-09-12,590.0,Increase Safety Stock,Approved,2025-09-29,590.0,Failed,13.0,2246.79,Issue resolved successfully
3543,13,65,2025-02-18,2025-02-20,2025-02-24,269,Delivered,Ut Product,Groceries,3277.06,2,"Borah, Gill and Varma",Dehri,6.15,3.78,65,Delhi Warehouse,911,2026-07-06,,,,,,,,,,,,,,
3544,17,150,2026-06-22,2026-06-27,2026-07-01,135,In Transit,Harum Product,Furniture,1928.91,14,"Sule, Jaggi and Char",Pallavaram,6.39,3.52,150,Bangalore Warehouse,533,2026-07-09,,,,,,,,,,,,,,
3545,10,9,2026-06-24,2026-07-03,2026-07-08,28,Cancelled,Alias Product,Groceries,1305.18,16,"Mitter, Srinivasan and Dixit",Shimoga,1.81,3.9,9,Mumbai Warehouse,917,2026-07-04,,,,,,,,,,,,,,
3546,4,26,2025-04-29,2025-05-09,2025-05-13,188,Delivered,Ducimus Product,Medical,488.37,16,Rajagopal-Jayaraman,Jalna,1.0,3.51,26,Mumbai Warehouse,280,2026-07-04,,,,,,,,,,,,,,
3547,20,74,2025-03-08,2025-03-14,2025-03-16,348,Cancelled,Cum Product,Clothing,3762.37,5,Chakraborty-Sengupta,Malda,5.0,3.56,74,Hyderabad Warehouse,592,2026-06-21,,,,,,,,,,,,,,
3548,6,17,2025-01-12,2025-01-19,2025-01-18,428,Cancelled,Veniam Product,Clothing,2682.42,6,Bhavsar-Sampath,Bangalore,2.52,3.72,17,Bangalore Warehouse,243,2026-07-06,,,,,,,,,,,,,,
3549,11,18,2025-07-25,2025-08-03,2025-08-01,497,In Transit,Commodi Product,Electronics,2870.64,11,Banerjee Group,Alappuzha,8.52,4.3,18,Mumbai Warehouse,611,2026-06-21,,,,,,,,,,,,,,
3550,5,148,2026-05-03,2026-05-12,2026-05-14,214,Delayed,Saepe Product,Groceries,920.71,10,Chander-Sibal,Kochi,6.81,4.37,148,Delhi Warehouse,944,2026-06-16,279.0,Supplier Delay,Medium,Adipisci commodi qui fugiat doloremque molestias dolore.,2026-02-08,279.0,Switch Supplier,Pending,2025-08-20,279.0,Partially Resolved,12.0,5386.64,Minor delay occurred
3551,2,110,2025-10-12,2025-10-21,2025-10-20,472,Delayed,Assumenda Product,Furniture,4904.71,9,Gour Ltd,Bhilwara,8.05,3.83,110,Chennai Warehouse,817,2026-06-23,,,,,,,,,,,,,,
3552,13,57,2026-04-14,2026-04-18,2026-04-20,397,In Transit,Distinctio Product,Automotive,863.84,19,"Borah, Gill and Varma",Dehri,6.15,3.78,57,Hyderabad Warehouse,848,2026-06-28,,,,,,,,,,,,,,
3553,16,79,2025-07-24,2025-08-01,2025-08-02,305,Delivered,Officiis Product,Automotive,3036.4,6,Handa-Manda,Vijayanagaram,8.66,4.77,79,Bangalore Warehouse,898,2026-06-30,378.0,Transport Strike,Low,Possimus soluta distinctio incidunt incidunt.,2025-12-19,378.0,Change Transport Route,Approved,2025-10-14,378.0,Partially Resolved,0.0,5835.23,Minor delay occurred
3554,20,108,2026-05-20,2026-05-25,2026-05-24,449,Cancelled,Debitis Product,Automotive,3133.95,9,Chakraborty-Sengupta,Malda,5.0,3.56,108,Hyderabad Warehouse,767,2026-07-07,,,,,,,,,,,,,,
3555,9,141,2024-11-11,2024-11-14,2024-11-13,111,Delayed,Provident Product,Automotive,4798.63,6,"Loyal, Varma and Tripathi",Firozabad,9.75,4.64,141,Delhi Warehouse,291,2026-07-10,,,,,,,,,,,,,,
3556,16,103,2026-05-26,2026-06-02,2026-06-06,336,Delayed,Sunt Product,Furniture,3330.94,12,Handa-Manda,Vijayanagaram,8.66,4.77,103,Chennai Warehouse,485,2026-07-13,,,,,,,,,,,,,,
3557,2,140,2025-01-30,2025-02-02,2025-02-04,126,Delivered,Recusandae Product,Groceries,2705.55,15,Gour Ltd,Bhilwara,8.05,3.83,140,Hyderabad Warehouse,927,2026-06-18,,,,,,,,,,,,,,
3558,2,114,2025-11-28,2025-12-04,2025-12-08,234,Delivered,Dicta Product,Clothing,1943.15,20,Gour Ltd,Bhilwara,8.05,3.83,114,Hyderabad Warehouse,822,2026-07-08,,,,,,,,,,,,,,
3559,2,47,2024-07-19,2024-07-25,2024-07-29,126,Delayed,Impedit Product,Clothing,4282.54,1,Gour Ltd,Bhilwara,8.05,3.83,47,Chennai Warehouse,913,2026-06-30,,,,,,,,,,,,,,
3560,18,108,2025-09-28,2025-10-03,2025-10-08,49,Cancelled,Debitis Product,Automotive,3133.95,9,Raju and Sons,Etawah,3.81,4.27,108,Hyderabad Warehouse,767,2026-07-07,,,,,,,,,,,,,,
3561,2,39,2024-10-18,2024-10-21,2024-10-23,29,Cancelled,Amet Product,Automotive,1228.36,6,Gour Ltd,Bhilwara,8.05,3.83,39,Chennai Warehouse,720,2026-07-10,,,,,,,,,,,,,,
3562,11,103,2025-11-23,2025-11-26,2025-11-30,110,In Transit,Sunt Product,Furniture,3330.94,12,Banerjee Group,Alappuzha,8.52,4.3,103,Chennai Warehouse,485,2026-07-13,,,,,,,,,,,,,,
3563,9,100,2026-06-10,2026-06-18,2026-06-21,61,Delayed,Fugit Product,Clothing,465.64,12,"Loyal, Varma and Tripathi",Firozabad,9.75,4.64,100,Bangalore Warehouse,276,2026-06-20,,,,,,,,,,,,,,
3564,12,104,2024-12-04,2024-12-14,2024-12-19,490,In Transit,Laboriosam Product,Clothing,2160.36,3,Thakur and Sons,Kanpur,5.83,3.5,104,Delhi Warehouse,338,2026-06-24,,,,,,,,,,,,,,
3565,12,61,2025-11-09,2025-11-19,2025-11-23,430,Cancelled,Eveniet Product,Furniture,3258.29,8,Thakur and Sons,Kanpur,5.83,3.5,61,Mumbai Warehouse,725,2026-06-20,,,,,,,,,,,,,,
3566,10,71,2025-03-26,2025-03-31,2025-03-30,481,Cancelled,Aperiam Product,Clothing,4446.27,15,"Mitter, Srinivasan and Dixit",Shimoga,1.81,3.9,71,Delhi Warehouse,179,2026-07-05,,,,,,,,,,,,,,
3567,2,116,2026-06-27,2026-07-03,2026-07-07,475,Delayed,Architecto Product,Groceries,763.04,10,Gour Ltd,Bhilwara,8.05,3.83,116,Bangalore Warehouse,102,2026-07-04,,,,,,,,,,,,,,
3568,18,66,2025-07-12,2025-07-19,2025-07-24,448,Cancelled,Quas Product,Groceries,4225.31,19,Raju and Sons,Etawah,3.81,4.27,66,Bangalore Warehouse,853,2026-06-19,,,,,,,,,,,,,,
3569,18,32,2025-02-18,2025-02-25,2025-02-24,429,Cancelled,Quis Product,Groceries,4929.24,1,Raju and Sons,Etawah,3.81,4.27,32,Mumbai Warehouse,715,2026-07-01,,,,,,,,,,,,,,
3570,17,27,2025-03-27,2025-04-01,2025-04-06,368,Cancelled,Vero Product,Furniture,4788.07,19,"Sule, Jaggi and Char",Pallavaram,6.39,3.52,27,Delhi Warehouse,91,2026-07-05,,,,,,,,,,,,,,
3571,17,134,2025-12-26,2026-01-02,2026-01-02,86,Delivered,Eligendi Product,Automotive,3447.14,10,"Sule, Jaggi and Char",Pallavaram,6.39,3.52,134,Hyderabad Warehouse,699,2026-07-02,,,,,,,,,,,,,,
3572,13,84,2025-04-06,2025-04-14,2025-04-19,54,Delivered,Ab Product,Clothing,1108.56,18,"Borah, Gill and Varma",Dehri,6.15,3.78,84,Bangalore Warehouse,80,2026-06-28,,,,,,,,,,,,,,
3573,9,128,2025-05-17,2025-05-27,2025-05-26,357,Cancelled,Non Product,Clothing,4746.22,5,"Loyal, Varma and Tripathi",Firozabad,9.75,4.64,128,Hyderabad Warehouse,464,2026-06-23,,,,,,,,,,,,,,
3574,4,122,2025-11-16,2025-11-24,2025-11-23,182,Cancelled,Expedita Product,Electronics,1957.13,8,Rajagopal-Jayaraman,Jalna,1.0,3.51,122,Delhi Warehouse,394,2026-07-14,,,,,,,,,,,,,,
3575,1,13,2025-07-08,2025-07-10,2025-07-09,359,Cancelled,Reiciendis Product,Automotive,3971.98,6,"Balasubramanian, Gara and Memon",Nadiad,5.69,4.88,13,Mumbai Warehouse,352,2026-07-10,,,,,,,,,,,,,,
3576,16,98,2025-05-03,2025-05-08,2025-05-10,405,Delayed,Quae Product,Clothing,2022.11,14,Handa-Manda,Vijayanagaram,8.66,4.77,98,Hyderabad Warehouse,832,2026-07-05,,,,,,,,,,,,,,
3577,15,49,2024-09-11,2024-09-15,2024-09-18,263,Cancelled,Alias Product,Furniture,4769.64,3,Sastry and Sons,Haldia,5.45,4.34,49,Bangalore Warehouse,842,2026-07-01,,,,,,,,,,,,,,
3578,13,121,2024-10-02,2024-10-09,2024-10-14,500,Delivered,Veniam Product,Furniture,3093.62,19,"Borah, Gill and Varma",Dehri,6.15,3.78,121,Bangalore Warehouse,683,2026-06-20,,,,,,,,,,,,,,
3579,15,28,2026-05-21,2026-05-27,2026-05-31,68,Delayed,Quidem Product,Groceries,4168.94,2,Sastry and Sons,Haldia,5.45,4.34,28,Hyderabad Warehouse,118,2026-06-24,,,,,,,,,,,,,,
3580,7,38,2025-08-19,2025-08-24,2025-08-29,154,In Transit,Laborum Product,Groceries,3934.86,13,Wali PLC,Khandwa,2.76,4.43,38,Mumbai Warehouse,317,2026-07-03,,,,,,,,,,,,,,
3581,2,138,2025-06-22,2025-06-28,2025-07-02,181,Delivered,Commodi Product,Groceries,4831.21,4,Gour Ltd,Bhilwara,8.05,3.83,138,Bangalore Warehouse,589,2026-06-20,,,,,,,,,,,,,,
3582,4,132,2024-07-28,2024-08-04,2024-08-05,177,In Transit,Quisquam Product,Groceries,1498.72,7,Rajagopal-Jayaraman,Jalna,1.0,3.51,132,Mumbai Warehouse,860,2026-07-05,,,,,,,,,,,,,,
3583,16,12,2024-10-02,2024-10-06,2024-10-05,313,Delayed,Fugit Product,Clothing,1357.85,15,Handa-Manda,Vijayanagaram,8.66,4.77,12,Hyderabad Warehouse,878,2026-06-22,203.0,Traffic,High,In est delectus odit dicta sunt totam.,2025-10-09,203.0,Change Transport Route,Rejected,2025-07-26,203.0,Partially Resolved,7.0,14501.24,Issue resolved successfully
3584,13,1,2025-09-30,2025-10-02,2025-10-05,141,Delayed,Sint Product,Clothing,2204.33,20,"Borah, Gill and Varma",Dehri,6.15,3.78,1,Mumbai Warehouse,324,2026-07-01,,,,,,,,,,,,,,
3585,16,101,2024-09-13,2024-09-15,2024-09-13,144,Delivered,Delectus Product,Automotive,1333.96,11,Handa-Manda,Vijayanagaram,8.66,4.77,101,Bangalore Warehouse,654,2026-06-16,,,,,,,,,,,,,,
3586,5,24,2024-11-06,2024-11-12,2024-11-17,61,Cancelled,Dolorem Product,Medical,3211.29,13,Chander-Sibal,Kochi,6.81,4.37,24,Bangalore Warehouse,374,2026-06-27,,,,,,,,,,,,,,
3587,4,7,2024-09-04,2024-09-14,2024-09-14,175,Delayed,Expedita Product,Furniture,1401.54,17,Rajagopal-Jayaraman,Jalna,1.0,3.51,7,Delhi Warehouse,512,2026-06-28,,,,,,,,,,,,,,
3588,4,144,2026-07-13,2026-07-18,2026-07-22,31,Delayed,Ipsam Product,Electronics,744.79,2,Rajagopal-Jayaraman,Jalna,1.0,3.51,144,Mumbai Warehouse,720,2026-06-29,,,,,,,,,,,,,,
3589,3,31,2026-06-28,2026-07-08,2026-07-12,461,Delivered,Non Product,Groceries,4067.09,17,"Balan, Virk and Mangal",Bangalore,3.73,4.49,31,Mumbai Warehouse,995,2026-06-28,,,,,,,,,,,,,,
3590,10,124,2024-08-10,2024-08-14,2024-08-19,215,Delayed,Excepturi Product,Furniture,756.02,2,"Mitter, Srinivasan and Dixit",Shimoga,1.81,3.9,124,Chennai Warehouse,123,2026-07-09,,,,,,,,,,,,,,
3591,19,115,2026-05-23,2026-05-27,2026-05-30,48,Cancelled,Accusamus Product,Clothing,1194.04,7,"Nagar, Hari and Chada",Munger,9.42,4.61,115,Chennai Warehouse,832,2026-06-27,,,,,,,,,,,,,,
3592,3,75,2025-01-07,2025-01-16,2025-01-20,375,Delayed,Recusandae Product,Automotive,4884.77,14,"Balan, Virk and Mangal",Bangalore,3.73,4.49,75,Chennai Warehouse,450,2026-07-07,,,,,,,,,,,,,,
3593,10,104,2025-05-25,2025-06-04,2025-06-03,483,Cancelled,Laboriosam Product,Clothing,2160.36,3,"Mitter, Srinivasan and Dixit",Shimoga,1.81,3.9,104,Delhi Warehouse,338,2026-06-24,,,,,,,,,,,,,,
3594,7,17,2026-04-26,2026-04-28,2026-05-01,52,Delivered,Veniam Product,Clothing,2682.42,6,Wali PLC,Khandwa,2.76,4.43,17,Bangalore Warehouse,243,2026-07-06,,,,,,,,,,,,,,
3595,11,134,2025-05-09,2025-05-15,2025-05-14,408,Delivered,Eligendi Product,Automotive,3447.14,10,Banerjee Group,Alappuzha,8.52,4.3,134,Hyderabad Warehouse,699,2026-07-02,134.0,Weather,Low,Maxime eius vero officia.,2026-04-25,134.0,Switch Supplier,Implemented,2025-09-05,134.0,Resolved,4.0,-2728.06,Cost increased
3596,5,41,2026-06-22,2026-06-25,2026-06-26,495,Delivered,Architecto Product,Furniture,1703.5,1,Chander-Sibal,Kochi,6.81,4.37,41,Hyderabad Warehouse,681,2026-06-26,238.0,Port Congestion,Medium,Vitae perspiciatis cupiditate perferendis molestias ipsam culpa.,2025-08-30,238.0,Increase Safety Stock,Pending,2025-10-10,238.0,Partially Resolved,7.0,6223.56,Minor delay occurred
3597,2,46,2026-01-10,2026-01-14,2026-01-15,110,Delayed,Impedit Product,Electronics,1574.36,7,Gour Ltd,Bhilwara,8.05,3.83,46,Chennai Warehouse,372,2026-06-23,,,,,,,,,,,,,,
3598,14,9,2025-08-15,2025-08-18,2025-08-22,179,Delivered,Alias Product,Groceries,1305.18,16,"Bahri, Dugar and Ratti",Kottayam,8.09,4.85,9,Mumbai Warehouse,917,2026-07-04,,,,,,,,,,,,,,
3599,13,2,2025-01-07,2025-01-16,2025-01-19,39,Delivered,Veniam Product,Furniture,880.89,5,"Borah, Gill and Varma",Dehri,6.15,3.78,2,Delhi Warehouse,824,2026-06-22,,,,,,,,,,,,,,
3600,9,46,2024-11-05,2024-11-10,2024-11-15,264,Delivered,Impedit Product,Electronics,1574.36,7,"Loyal, Varma and Tripathi",Firozabad,9.75,4.64,46,Chennai Warehouse,372,2026-06-23,,,,,,,,,,,,,,
3601,6,3,2024-09-26,2024-10-04,2024-10-08,382,Delayed,Iure Product,Medical,1939.35,19,Bhavsar-Sampath,Bangalore,2.52,3.72,3,Mumbai Warehouse,584,2026-07-06,,,,,,,,,,,,,,
3602,14,92,2024-08-31,2024-09-09,2024-09-13,443,Delayed,Architecto Product,Furniture,4826.14,10,"Bahri, Dugar and Ratti",Kottayam,8.09,4.85,92,Mumbai Warehouse,215,2026-07-07,,,,,,,,,,,,,,
3603,10,64,2026-01-21,2026-01-26,2026-01-30,187,In Transit,Officia Product,Automotive,1852.17,1,"Mitter, Srinivasan and Dixit",Shimoga,1.81,3.9,64,Hyderabad Warehouse,751,2026-06-19,,,,,,,,,,,,,,
3604,16,81,2025-01-03,2025-01-11,2025-01-16,88,Delayed,Voluptatibus Product,Automotive,1958.75,1,Handa-Manda,Vijayanagaram,8.66,4.77,81,Chennai Warehouse,875,2026-06-17,400.0,Machine Failure,Medium,Doloribus harum eveniet autem provident praesentium.,2026-01-17,400.0,Expedite Shipment,Implemented,2026-02-10,400.0,Failed,14.0,13796.54,Supplier changed
3605,14,48,2025-06-20,2025-06-30,2025-07-05,484,Delayed,Neque Product,Medical,518.28,5,"Bahri, Dugar and Ratti",Kottayam,8.09,4.85,48,Delhi Warehouse,626,2026-06-27,,,,,,,,,,,,,,
3606,8,36,2025-06-24,2025-07-01,2025-07-02,378,In Transit,Suscipit Product,Electronics,2750.46,10,Hans-Bir,Siliguri,2.43,4.68,36,Hyderabad Warehouse,271,2026-07-15,,,,,,,,,,,,,,
3607,4,134,2026-02-19,2026-02-28,2026-03-04,493,In Transit,Eligendi Product,Automotive,3447.14,10,Rajagopal-Jayaraman,Jalna,1.0,3.51,134,Hyderabad Warehouse,699,2026-07-02,,,,,,,,,,,,,,
3608,19,105,2025-11-30,2025-12-02,2025-12-06,343,Delayed,Tenetur Product,Clothing,1337.9,1,"Nagar, Hari and Chada",Munger,9.42,4.61,105,Hyderabad Warehouse,84,2026-07-03,,,,,,,,,,,,,,
3609,18,10,2025-05-29,2025-06-04,2025-06-04,141,Cancelled,Ratione Product,Medical,834.09,9,Raju and Sons,Etawah,3.81,4.27,10,Hyderabad Warehouse,815,2026-07-09,39.0,Supplier Delay,High,Repudiandae nemo tempore provident veniam labore dolorum.,2025-11-13,39.0,Switch Supplier,Approved,2026-07-15,39.0,Partially Resolved,4.0,1726.84,Issue resolved successfully
3610,10,7,2026-04-23,2026-05-03,2026-05-04,235,In Transit,Expedita Product,Furniture,1401.54,17,"Mitter, Srinivasan and Dixit",Shimoga,1.81,3.9,7,Delhi Warehouse,512,2026-06-28,,,,,,,,,,,,,,
3611,14,47,2024-11-18,2024-11-28,2024-11-28,187,Delayed,Impedit Product,Clothing,4282.54,1,"Bahri, Dugar and Ratti",Kottayam,8.09,4.85,47,Chennai Warehouse,913,2026-06-30,,,,,,,,,,,,,,
3612,7,148,2024-09-24,2024-10-03,2024-10-06,407,Delivered,Saepe Product,Groceries,920.71,10,Wali PLC,Khandwa,2.76,4.43,148,Delhi Warehouse,944,2026-06-16,,,,,,,,,,,,,,
3613,13,147,2024-10-13,2024-10-20,2024-10-18,177,Delayed,Sed Product,Medical,185.14,8,"Borah, Gill and Varma",Dehri,6.15,3.78,147,Chennai Warehouse,280,2026-06-17,,,,,,,,,,,,,,
3614,11,31,2026-01-09,2026-01-17,2026-01-15,355,Delivered,Non Product,Groceries,4067.09,17,Banerjee Group,Alappuzha,8.52,4.3,31,Mumbai Warehouse,995,2026-06-28,,,,,,,,,,,,,,
3615,13,106,2025-11-11,2025-11-14,2025-11-16,318,Cancelled,Officiis Product,Clothing,3586.71,17,"Borah, Gill and Varma",Dehri,6.15,3.78,106,Delhi Warehouse,595,2026-06-23,,,,,,,,,,,,,,
3616,16,9,2026-07-04,2026-07-13,2026-07-15,53,Delivered,Alias Product,Groceries,1305.18,16,Handa-Manda,Vijayanagaram,8.66,4.77,9,Mumbai Warehouse,917,2026-07-04,,,,,,,,,,,,,,
3617,2,115,2026-02-11,2026-02-17,2026-02-18,57,Delivered,Accusamus Product,Clothing,1194.04,7,Gour Ltd,Bhilwara,8.05,3.83,115,Chennai Warehouse,832,2026-06-27,,,,,,,,,,,,,,
3618,1,47,2025-12-11,2025-12-13,2025-12-14,444,Delayed,Impedit Product,Clothing,4282.54,1,"Balasubramanian, Gara and Memon",Nadiad,5.69,4.88,47,Chennai Warehouse,913,2026-06-30,,,,,,,,,,,,,,
3619,10,67,2026-05-01,2026-05-03,2026-05-08,266,In Transit,Omnis Product,Clothing,1337.97,5,"Mitter, Srinivasan and Dixit",Shimoga,1.81,3.9,67,Hyderabad Warehouse,994,2026-06-29,,,,,,,,,,,,,,
3620,5,1,2024-12-05,2024-12-08,2024-12-12,218,Delayed,Sint Product,Clothing,2204.33,20,Chander-Sibal,Kochi,6.81,4.37,1,Mumbai Warehouse,324,2026-07-01,,,,,,,,,,,,,,
3621,8,12,2026-04-18,2026-04-22,2026-04-26,270,In Transit,Fugit Product,Clothing,1357.85,15,Hans-Bir,Siliguri,2.43,4.68,12,Hyderabad Warehouse,878,2026-06-22,412.0,Port Congestion,High,Eaque maiores rem fugiat possimus accusantium.,2025-11-09,412.0,Expedite Shipment,Implemented,2025-10-20,412.0,Pending,13.0,-4497.3,Minor delay occurred
3622,17,16,2025-03-27,2025-04-04,2025-04-06,400,In Transit,Vel Product,Medical,4239.68,2,"Sule, Jaggi and Char",Pallavaram,6.39,3.52,16,Hyderabad Warehouse,928,2026-07-01,162.0,Transport Strike,High,Ab totam commodi iure placeat.,2026-01-16,162.0,Increase Safety Stock,Approved,2026-01-17,162.0,Resolved,9.0,1860.19,Cost increased
3623,3,52,2026-05-09,2026-05-17,2026-05-15,379,Cancelled,Architecto Product,Medical,1642.77,20,"Balan, Virk and Mangal",Bangalore,3.73,4.49,52,Mumbai Warehouse,918,2026-06-30,,,,,,,,,,,,,,
3624,15,112,2025-07-31,2025-08-05,2025-08-05,29,Delivered,Modi Product,Electronics,2985.26,19,Sastry and Sons,Haldia,5.45,4.34,112,Bangalore Warehouse,212,2026-06-25,157.0,Traffic,Medium,Ad corrupti sit eligendi magni ipsam.,2026-06-08,157.0,Expedite Shipment,Approved,2025-10-24,157.0,Partially Resolved,13.0,9810.86,Issue resolved successfully
3625,1,74,2025-01-18,2025-01-22,2025-01-27,313,Delayed,Cum Product,Clothing,3762.37,5,"Balasubramanian, Gara and Memon",Nadiad,5.69,4.88,74,Hyderabad Warehouse,592,2026-06-21,213.0,Traffic,Medium,Officiis perspiciatis enim vel.,2025-08-06,213.0,Switch Supplier,Rejected,2026-05-13,213.0,Failed,9.0,3277.5,Supplier changed
3626,7,139,2026-05-02,2026-05-10,2026-05-15,171,Delivered,Vero Product,Furniture,4054.68,9,Wali PLC,Khandwa,2.76,4.43,139,Mumbai Warehouse,185,2026-07-15,,,,,,,,,,,,,,
3627,13,14,2024-10-22,2024-10-29,2024-10-31,235,Cancelled,Nulla Product,Electronics,1235.72,15,"Borah, Gill and Varma",Dehri,6.15,3.78,14,Hyderabad Warehouse,453,2026-07-12,,,,,,,,,,,,,,
3628,12,20,2026-06-04,2026-06-09,2026-06-12,320,In Transit,Laborum Product,Electronics,563.85,5,Thakur and Sons,Kanpur,5.83,3.5,20,Bangalore Warehouse,426,2026-07-15,,,,,,,,,,,,,,
3629,12,97,2026-02-17,2026-02-21,2026-02-20,446,Delivered,Id Product,Electronics,4003.94,12,Thakur and Sons,Kanpur,5.83,3.5,97,Bangalore Warehouse,353,2026-07-08,,,,,,,,,,,,,,
3630,19,105,2025-08-08,2025-08-11,2025-08-09,430,Delivered,Tenetur Product,Clothing,1337.9,1,"Nagar, Hari and Chada",Munger,9.42,4.61,105,Hyderabad Warehouse,84,2026-07-03,,,,,,,,,,,,,,
3631,12,1,2024-11-28,2024-11-30,2024-12-04,26,Delayed,Sint Product,Clothing,2204.33,20,Thakur and Sons,Kanpur,5.83,3.5,1,Mumbai Warehouse,324,2026-07-01,,,,,,,,,,,,,,
3632,20,145,2025-08-22,2025-08-27,2025-08-28,146,Delayed,Provident Product,Groceries,3598.65,5,Chakraborty-Sengupta,Malda,5.0,3.56,145,Bangalore Warehouse,739,2026-06-24,,,,,,,,,,,,,,
3633,10,124,2024-10-25,2024-10-30,2024-11-01,88,Delayed,Excepturi Product,Furniture,756.02,2,"Mitter, Srinivasan and Dixit",Shimoga,1.81,3.9,124,Chennai Warehouse,123,2026-07-09,26.0,Transport Strike,High,Officia vitae sint.,2025-11-13,26.0,Increase Safety Stock,Implemented,2025-08-01,26.0,Failed,4.0,6419.51,Shipment rerouted
3634,14,82,2026-01-02,2026-01-07,2026-01-08,126,Delivered,Unde Product,Electronics,3347.22,1,"Bahri, Dugar and Ratti",Kottayam,8.09,4.85,82,Hyderabad Warehouse,481,2026-07-04,,,,,,,,,,,,,,
3635,20,113,2025-08-24,2025-09-01,2025-09-01,407,Cancelled,Placeat Product,Groceries,4202.62,15,Chakraborty-Sengupta,Malda,5.0,3.56,113,Mumbai Warehouse,228,2026-07-12,,,,,,,,,,,,,,
3636,10,29,2024-12-31,2025-01-09,2025-01-13,173,In Transit,Architecto Product,Furniture,4183.31,3,"Mitter, Srinivasan and Dixit",Shimoga,1.81,3.9,29,Chennai Warehouse,981,2026-06-27,,,,,,,,,,,,,,
3637,4,101,2024-12-16,2024-12-25,2024-12-30,15,Delivered,Delectus Product,Automotive,1333.96,11,Rajagopal-Jayaraman,Jalna,1.0,3.51,101,Bangalore Warehouse,654,2026-06-16,,,,,,,,,,,,,,
3638,5,122,2024-10-10,2024-10-15,2024-10-14,382,In Transit,Expedita Product,Electronics,1957.13,8,Chander-Sibal,Kochi,6.81,4.37,122,Delhi Warehouse,394,2026-07-14,,,,,,,,,,,,,,
3639,9,4,2025-09-15,2025-09-17,2025-09-15,22,Delivered,Dignissimos Product,Clothing,2106.24,6,"Loyal, Varma and Tripathi",Firozabad,9.75,4.64,4,Bangalore Warehouse,473,2026-06-30,,,,,,,,,,,,,,
3640,15,60,2025-09-02,2025-09-08,2025-09-13,352,Delayed,Ipsa Product,Furniture,2536.82,19,Sastry and Sons,Haldia,5.45,4.34,60,Bangalore Warehouse,753,2026-07-14,530.0,Weather,Low,Aspernatur doloremque illum cumque.,2025-12-28,530.0,Increase Safety Stock,Rejected,2026-02-07,530.0,Failed,4.0,4979.63,Supplier changed
3641,10,56,2026-04-02,2026-04-08,2026-04-08,176,Cancelled,Error Product,Electronics,333.18,11,"Mitter, Srinivasan and Dixit",Shimoga,1.81,3.9,56,Chennai Warehouse,777,2026-07-07,,,,,,,,,,,,,,
3642,20,78,2024-11-17,2024-11-27,2024-11-25,221,Cancelled,Quam Product,Clothing,1593.13,4,Chakraborty-Sengupta,Malda,5.0,3.56,78,Hyderabad Warehouse,637,2026-07-09,97.0,Transport Strike,High,Eius quod ex.,2026-05-01,97.0,Expedite Shipment,Rejected,2026-05-21,97.0,Pending,7.0,-4662.55,Supplier changed
3643,18,142,2025-12-06,2025-12-13,2025-12-17,204,Delivered,Dolorum Product,Groceries,1310.64,7,Raju and Sons,Etawah,3.81,4.27,142,Mumbai Warehouse,982,2026-07-09,,,,,,,,,,,,,,
3644,17,107,2024-12-12,2024-12-22,2024-12-24,284,Delivered,Repudiandae Product,Automotive,609.59,11,"Sule, Jaggi and Char",Pallavaram,6.39,3.52,107,Delhi Warehouse,711,2026-07-01,,,,,,,,,,,,,,
3645,19,38,2025-01-01,2025-01-06,2025-01-06,387,Delayed,Laborum Product,Groceries,3934.86,13,"Nagar, Hari and Chada",Munger,9.42,4.61,38,Mumbai Warehouse,317,2026-07-03,,,,,,,,,,,,,,
3646,7,38,2025-12-14,2025-12-20,2025-12-19,273,Cancelled,Laborum Product,Groceries,3934.86,13,Wali PLC,Khandwa,2.76,4.43,38,Mumbai Warehouse,317,2026-07-03,,,,,,,,,,,,,,
3647,11,38,2025-02-04,2025-02-14,2025-02-18,21,Delivered,Laborum Product,Groceries,3934.86,13,Banerjee Group,Alappuzha,8.52,4.3,38,Mumbai Warehouse,317,2026-07-03,,,,,,,,,,,,,,
3648,2,24,2025-10-23,2025-10-27,2025-10-26,47,Delivered,Dolorem Product,Medical,3211.29,13,Gour Ltd,Bhilwara,8.05,3.83,24,Bangalore Warehouse,374,2026-06-27,,,,,,,,,,,,,,
3649,7,66,2025-03-31,2025-04-09,2025-04-12,465,In Transit,Quas Product,Groceries,4225.31,19,Wali PLC,Khandwa,2.76,4.43,66,Bangalore Warehouse,853,2026-06-19,205.0,Traffic,Medium,Minima nemo consequatur blanditiis rerum odio magni.,2026-02-10,205.0,Expedite Shipment,Pending,2026-02-09,205.0,Failed,12.0,-1976.34,Shipment rerouted
3650,16,84,2026-06-14,2026-06-22,2026-06-26,316,Delivered,Ab Product,Clothing,1108.56,18,Handa-Manda,Vijayanagaram,8.66,4.77,84,Bangalore Warehouse,80,2026-06-28,,,,,,,,,,,,,,
3651,14,58,2025-10-20,2025-10-30,2025-11-04,52,Cancelled,Tempore Product,Groceries,4870.19,6,"Bahri, Dugar and Ratti",Kottayam,8.09,4.85,58,Bangalore Warehouse,328,2026-07-11,,,,,,,,,,,,,,
3652,11,32,2025-07-03,2025-07-07,2025-07-12,398,Cancelled,Quis Product,Groceries,4929.24,1,Banerjee Group,Alappuzha,8.52,4.3,32,Mumbai Warehouse,715,2026-07-01,,,,,,,,,,,,,,
3653,10,104,2024-11-13,2024-11-18,2024-11-20,485,Delayed,Laboriosam Product,Clothing,2160.36,3,"Mitter, Srinivasan and Dixit",Shimoga,1.81,3.9,104,Delhi Warehouse,338,2026-06-24,,,,,,,,,,,,,,
3654,18,122,2024-08-13,2024-08-22,2024-08-22,116,Cancelled,Expedita Product,Electronics,1957.13,8,Raju and Sons,Etawah,3.81,4.27,122,Delhi Warehouse,394,2026-07-14,,,,,,,,,,,,,,
3655,15,62,2025-07-09,2025-07-19,2025-07-20,87,Delayed,Officiis Product,Medical,3477.18,12,Sastry and Sons,Haldia,5.45,4.34,62,Chennai Warehouse,668,2026-07-05,,,,,,,,,,,,,,
3656,3,27,2025-11-04,2025-11-14,2025-11-17,353,Cancelled,Vero Product,Furniture,4788.07,19,"Balan, Virk and Mangal",Bangalore,3.73,4.49,27,Delhi Warehouse,91,2026-07-05,558.0,Transport Strike,Medium,Maiores explicabo unde.,2026-07-13,558.0,Switch Supplier,Implemented,2025-11-12,558.0,Failed,7.0,13247.04,Shipment rerouted
3657,14,108,2025-01-26,2025-01-31,2025-01-29,466,In Transit,Debitis Product,Automotive,3133.95,9,"Bahri, Dugar and Ratti",Kottayam,8.09,4.85,108,Hyderabad Warehouse,767,2026-07-07,,,,,,,,,,,,,,
3658,16,78,2025-08-19,2025-08-28,2025-09-01,359,Delivered,Quam Product,Clothing,1593.13,4,Handa-Manda,Vijayanagaram,8.66,4.77,78,Hyderabad Warehouse,637,2026-07-09,,,,,,,,,,,,,,
3659,5,105,2025-05-29,2025-05-31,2025-05-30,279,Delayed,Tenetur Product,Clothing,1337.9,1,Chander-Sibal,Kochi,6.81,4.37,105,Hyderabad Warehouse,84,2026-07-03,,,,,,,,,,,,,,
3660,12,130,2025-04-10,2025-04-20,2025-04-24,417,Cancelled,Rerum Product,Clothing,379.31,9,Thakur and Sons,Kanpur,5.83,3.5,130,Bangalore Warehouse,702,2026-06-28,,,,,,,,,,,,,,
3661,6,55,2024-07-15,2024-07-21,2024-07-23,103,Delayed,Odio Product,Furniture,4563.23,5,Bhavsar-Sampath,Bangalore,2.52,3.72,55,Bangalore Warehouse,422,2026-07-01,,,,,,,,,,,,,,
3662,19,144,2024-07-25,2024-07-29,2024-07-28,260,Delivered,Ipsam Product,Electronics,744.79,2,"Nagar, Hari and Chada",Munger,9.42,4.61,144,Mumbai Warehouse,720,2026-06-29,,,,,,,,,,,,,,
3663,1,7,2025-12-15,2025-12-17,2025-12-20,344,Delivered,Expedita Product,Furniture,1401.54,17,"Balasubramanian, Gara and Memon",Nadiad,5.69,4.88,7,Delhi Warehouse,512,2026-06-28,,,,,,,,,,,,,,
3664,3,120,2025-12-23,2025-12-31,2026-01-03,331,Delayed,Magnam Product,Electronics,3329.48,19,"Balan, Virk and Mangal",Bangalore,3.73,4.49,120,Bangalore Warehouse,996,2026-07-07,,,,,,,,,,,,,,
3665,1,140,2025-04-25,2025-04-30,2025-04-28,142,Cancelled,Recusandae Product,Groceries,2705.55,15,"Balasubramanian, Gara and Memon",Nadiad,5.69,4.88,140,Hyderabad Warehouse,927,2026-06-18,505.0,Weather,Medium,Consequuntur assumenda expedita fugit in.,2026-01-13,505.0,Switch Supplier,Rejected,2026-02-04,505.0,Failed,14.0,9261.43,Shipment rerouted
3666,9,20,2025-10-02,2025-10-06,2025-10-11,91,Delayed,Laborum Product,Electronics,563.85,5,"Loyal, Varma and Tripathi",Firozabad,9.75,4.64,20,Bangalore Warehouse,426,2026-07-15,,,,,,,,,,,,,,
3667,6,88,2025-06-26,2025-07-02,2025-07-03,486,Delayed,Ab Product,Medical,441.59,19,Bhavsar-Sampath,Bangalore,2.52,3.72,88,Bangalore Warehouse,70,2026-07-10,,,,,,,,,,,,,,
3668,3,110,2026-04-29,2026-05-02,2026-05-06,478,Delivered,Assumenda Product,Furniture,4904.71,9,"Balan, Virk and Mangal",Bangalore,3.73,4.49,110,Chennai Warehouse,817,2026-06-23,,,,,,,,,,,,,,
3669,12,40,2025-12-27,2026-01-02,2026-01-01,110,In Transit,Nemo Product,Groceries,2824.16,10,Thakur and Sons,Kanpur,5.83,3.5,40,Hyderabad Warehouse,554,2026-06-27,,,,,,,,,,,,,,
3670,2,76,2025-07-11,2025-07-13,2025-07-17,33,Delayed,Sunt Product,Electronics,2690.2,2,Gour Ltd,Bhilwara,8.05,3.83,76,Delhi Warehouse,630,2026-06-16,,,,,,,,,,,,,,
3671,16,109,2024-10-09,2024-10-16,2024-10-17,259,Cancelled,Beatae Product,Automotive,1167.1,12,Handa-Manda,Vijayanagaram,8.66,4.77,109,Mumbai Warehouse,573,2026-06-17,,,,,,,,,,,,,,
3672,13,87,2025-03-15,2025-03-22,2025-03-22,79,Delivered,Vitae Product,Clothing,4295.55,19,"Borah, Gill and Varma",Dehri,6.15,3.78,87,Delhi Warehouse,423,2026-06-26,457.0,Port Congestion,High,Animi dolorem laborum.,2026-04-08,457.0,Switch Supplier,Pending,2025-09-13,457.0,Pending,9.0,2093.3,Cost increased
3673,16,47,2025-06-21,2025-06-29,2025-06-30,126,Delayed,Impedit Product,Clothing,4282.54,1,Handa-Manda,Vijayanagaram,8.66,4.77,47,Chennai Warehouse,913,2026-06-30,,,,,,,,,,,,,,
3674,11,59,2024-09-28,2024-10-03,2024-10-06,482,Delayed,Omnis Product,Electronics,2194.29,10,Banerjee Group,Alappuzha,8.52,4.3,59,Chennai Warehouse,265,2026-07-01,278.0,Machine Failure,High,Veniam consequatur aspernatur voluptatem.,2025-11-20,278.0,Expedite Shipment,Implemented,2026-02-09,278.0,Failed,15.0,-1589.93,Supplier changed
3674,11,59,2024-09-28,2024-10-03,2024-10-06,482,Delayed,Omnis Product,Electronics,2194.29,10,Banerjee Group,Alappuzha,8.52,4.3,59,Chennai Warehouse,265,2026-07-01,570.0,Traffic,High,Labore alias nobis soluta amet.,2025-11-04,570.0,Expedite Shipment,Implemented,2026-06-28,570.0,Partially Resolved,12.0,7203.48,Supplier changed
3675,3,73,2025-01-05,2025-01-13,2025-01-15,194,Delivered,Debitis Product,Furniture,1718.5,11,"Balan, Virk and Mangal",Bangalore,3.73,4.49,73,Mumbai Warehouse,263,2026-07-09,,,,,,,,,,,,,,
3676,20,34,2025-03-07,2025-03-17,2025-03-17,391,Delivered,Consequatur Product,Automotive,4834.5,8,Chakraborty-Sengupta,Malda,5.0,3.56,34,Delhi Warehouse,280,2026-06-18,,,,,,,,,,,,,,
3677,13,57,2024-08-01,2024-08-09,2024-08-09,75,Delivered,Distinctio Product,Automotive,863.84,19,"Borah, Gill and Varma",Dehri,6.15,3.78,57,Hyderabad Warehouse,848,2026-06-28,,,,,,,,,,,,,,
3678,16,38,2026-01-20,2026-01-24,2026-01-27,298,Cancelled,Laborum Product,Groceries,3934.86,13,Handa-Manda,Vijayanagaram,8.66,4.77,38,Mumbai Warehouse,317,2026-07-03,,,,,,,,,,,,,,
3679,9,139,2026-01-10,2026-01-17,2026-01-21,141,Delivered,Vero Product,Furniture,4054.68,9,"Loyal, Varma and Tripathi",Firozabad,9.75,4.64,139,Mumbai Warehouse,185,2026-07-15,,,,,,,,,,,,,,
3680,11,95,2025-04-15,2025-04-19,2025-04-17,214,Cancelled,Temporibus Product,Automotive,2131.71,12,Banerjee Group,Alappuzha,8.52,4.3,95,Hyderabad Warehouse,870,2026-07-10,,,,,,,,,,,,,,
3681,15,14,2025-03-22,2025-03-26,2025-03-27,55,Delayed,Nulla Product,Electronics,1235.72,15,Sastry and Sons,Haldia,5.45,4.34,14,Hyderabad Warehouse,453,2026-07-12,,,,,,,,,,,,,,
3682,17,19,2024-07-15,2024-07-18,2024-07-22,367,Cancelled,Officia Product,Electronics,667.17,9,"Sule, Jaggi and Char",Pallavaram,6.39,3.52,19,Bangalore Warehouse,273,2026-06-24,,,,,,,,,,,,,,
3683,17,39,2024-10-03,2024-10-06,2024-10-09,34,Cancelled,Amet Product,Automotive,1228.36,6,"Sule, Jaggi and Char",Pallavaram,6.39,3.52,39,Chennai Warehouse,720,2026-07-10,,,,,,,,,,,,,,
3684,6,105,2024-09-12,2024-09-18,2024-09-19,296,Cancelled,Tenetur Product,Clothing,1337.9,1,Bhavsar-Sampath,Bangalore,2.52,3.72,105,Hyderabad Warehouse,84,2026-07-03,,,,,,,,,,,,,,
3685,13,9,2025-08-03,2025-08-11,2025-08-11,170,Delivered,Alias Product,Groceries,1305.18,16,"Borah, Gill and Varma",Dehri,6.15,3.78,9,Mumbai Warehouse,917,2026-07-04,,,,,,,,,,,,,,
3686,5,141,2025-12-01,2025-12-11,2025-12-15,352,In Transit,Provident Product,Automotive,4798.63,6,Chander-Sibal,Kochi,6.81,4.37,141,Delhi Warehouse,291,2026-07-10,,,,,,,,,,,,,,
3687,18,145,2025-08-12,2025-08-16,2025-08-19,14,Delivered,Provident Product,Groceries,3598.65,5,Raju and Sons,Etawah,3.81,4.27,145,Bangalore Warehouse,739,2026-06-24,,,,,,,,,,,,,,
3688,7,32,2025-07-21,2025-07-25,2025-07-24,313,Cancelled,Quis Product,Groceries,4929.24,1,Wali PLC,Khandwa,2.76,4.43,32,Mumbai Warehouse,715,2026-07-01,,,,,,,,,,,,,,
3689,10,20,2025-06-21,2025-06-27,2025-06-29,331,Cancelled,Laborum Product,Electronics,563.85,5,"Mitter, Srinivasan and Dixit",Shimoga,1.81,3.9,20,Bangalore Warehouse,426,2026-07-15,,,,,,,,,,,,,,
3690,20,139,2026-05-27,2026-06-01,2026-05-30,80,Delayed,Vero Product,Furniture,4054.68,9,Chakraborty-Sengupta,Malda,5.0,3.56,139,Mumbai Warehouse,185,2026-07-15,,,,,,,,,,,,,,
3691,15,75,2025-10-23,2025-11-02,2025-10-31,101,Delivered,Recusandae Product,Automotive,4884.77,14,Sastry and Sons,Haldia,5.45,4.34,75,Chennai Warehouse,450,2026-07-07,,,,,,,,,,,,,,
3692,18,27,2025-03-16,2025-03-20,2025-03-21,301,In Transit,Vero Product,Furniture,4788.07,19,Raju and Sons,Etawah,3.81,4.27,27,Delhi Warehouse,91,2026-07-05,,,,,,,,,,,,,,
3693,20,18,2026-06-15,2026-06-18,2026-06-23,55,Delayed,Commodi Product,Electronics,2870.64,11,Chakraborty-Sengupta,Malda,5.0,3.56,18,Mumbai Warehouse,611,2026-06-21,2.0,Transport Strike,Medium,Veritatis occaecati voluptatem eaque.,2026-02-13,2.0,Expedite Shipment,Pending,2025-11-08,2.0,Resolved,7.0,3637.7,Issue resolved successfully
3694,15,20,2025-02-11,2025-02-16,2025-02-18,403,Cancelled,Laborum Product,Electronics,563.85,5,Sastry and Sons,Haldia,5.45,4.34,20,Bangalore Warehouse,426,2026-07-15,,,,,,,,,,,,,,
3695,10,52,2026-01-02,2026-01-04,2026-01-03,437,Cancelled,Architecto Product,Medical,1642.77,20,"Mitter, Srinivasan and Dixit",Shimoga,1.81,3.9,52,Mumbai Warehouse,918,2026-06-30,,,,,,,,,,,,,,
3696,9,138,2025-08-18,2025-08-23,2025-08-22,377,In Transit,Commodi Product,Groceries,4831.21,4,"Loyal, Varma and Tripathi",Firozabad,9.75,4.64,138,Bangalore Warehouse,589,2026-06-20,,,,,,,,,,,,,,
3697,4,134,2026-02-03,2026-02-09,2026-02-14,375,Delivered,Eligendi Product,Automotive,3447.14,10,Rajagopal-Jayaraman,Jalna,1.0,3.51,134,Hyderabad Warehouse,699,2026-07-02,,,,,,,,,,,,,,
3698,1,107,2025-04-05,2025-04-13,2025-04-18,196,Delayed,Repudiandae Product,Automotive,609.59,11,"Balasubramanian, Gara and Memon",Nadiad,5.69,4.88,107,Delhi Warehouse,711,2026-07-01,32.0,Machine Failure,Medium,Voluptates aut sequi enim repudiandae ut natus non.,2025-11-25,32.0,Increase Safety Stock,Approved,2026-03-31,32.0,Pending,3.0,14380.92,Supplier changed
3699,9,132,2025-03-25,2025-03-27,2025-03-25,68,Delayed,Quisquam Product,Groceries,1498.72,7,"Loyal, Varma and Tripathi",Firozabad,9.75,4.64,132,Mumbai Warehouse,860,2026-07-05,,,,,,,,,,,,,,
3700,7,6,2026-01-18,2026-01-24,2026-01-25,359,Cancelled,Reiciendis Product,Furniture,3938.69,18,Wali PLC,Khandwa,2.76,4.43,6,Bangalore Warehouse,894,2026-06-26,,,,,,,,,,,,,,
3701,3,88,2026-02-06,2026-02-11,2026-02-14,192,Cancelled,Ab Product,Medical,441.59,19,"Balan, Virk and Mangal",Bangalore,3.73,4.49,88,Bangalore Warehouse,70,2026-07-10,250.0,Port Congestion,High,Ipsum dignissimos inventore.,2025-11-05,250.0,Switch Supplier,Approved,2026-02-23,250.0,Resolved,4.0,1800.58,Supplier changed
3702,14,116,2026-03-19,2026-03-23,2026-03-25,57,Cancelled,Architecto Product,Groceries,763.04,10,"Bahri, Dugar and Ratti",Kottayam,8.09,4.85,116,Bangalore Warehouse,102,2026-07-04,,,,,,,,,,,,,,
3703,2,99,2025-02-13,2025-02-17,2025-02-15,411,Delivered,Quia Product,Furniture,677.17,19,Gour Ltd,Bhilwara,8.05,3.83,99,Hyderabad Warehouse,72,2026-06-26,,,,,,,,,,,,,,
3704,15,119,2025-07-09,2025-07-14,2025-07-15,86,Cancelled,Maxime Product,Furniture,4794.94,19,Sastry and Sons,Haldia,5.45,4.34,119,Mumbai Warehouse,383,2026-07-01,,,,,,,,,,,,,,
3705,11,118,2025-01-29,2025-01-31,2025-01-31,292,Delivered,Harum Product,Automotive,2602.93,16,Banerjee Group,Alappuzha,8.52,4.3,118,Bangalore Warehouse,482,2026-06-18,,,,,,,,,,,,,,
3706,8,3,2026-05-31,2026-06-09,2026-06-08,14,In Transit,Iure Product,Medical,1939.35,19,Hans-Bir,Siliguri,2.43,4.68,3,Mumbai Warehouse,584,2026-07-06,,,,,,,,,,,,,,
3707,3,56,2025-01-25,2025-02-04,2025-02-09,379,Cancelled,Error Product,Electronics,333.18,11,"Balan, Virk and Mangal",Bangalore,3.73,4.49,56,Chennai Warehouse,777,2026-07-07,,,,,,,,,,,,,,
3708,5,122,2025-03-20,2025-03-24,2025-03-25,176,Delivered,Expedita Product,Electronics,1957.13,8,Chander-Sibal,Kochi,6.81,4.37,122,Delhi Warehouse,394,2026-07-14,,,,,,,,,,,,,,
3709,6,143,2026-05-18,2026-05-26,2026-05-28,94,Delayed,Exercitationem Product,Furniture,2333.4,6,Bhavsar-Sampath,Bangalore,2.52,3.72,143,Hyderabad Warehouse,191,2026-07-12,,,,,,,,,,,,,,
3710,16,93,2025-12-31,2026-01-07,2026-01-09,367,Cancelled,Nemo Product,Automotive,3838.07,10,Handa-Manda,Vijayanagaram,8.66,4.77,93,Mumbai Warehouse,413,2026-06-19,,,,,,,,,,,,,,
3711,16,45,2025-09-18,2025-09-23,2025-09-26,157,Cancelled,Nobis Product,Medical,164.54,6,Handa-Manda,Vijayanagaram,8.66,4.77,45,Bangalore Warehouse,567,2026-07-04,,,,,,,,,,,,,,
3712,1,110,2026-01-06,2026-01-13,2026-01-16,471,Delayed,Assumenda Product,Furniture,4904.71,9,"Balasubramanian, Gara and Memon",Nadiad,5.69,4.88,110,Chennai Warehouse,817,2026-06-23,,,,,,,,,,,,,,
3713,3,4,2024-10-13,2024-10-23,2024-10-23,90,Delayed,Dignissimos Product,Clothing,2106.24,6,"Balan, Virk and Mangal",Bangalore,3.73,4.49,4,Bangalore Warehouse,473,2026-06-30,,,,,,,,,,,,,,
3714,10,2,2026-07-06,2026-07-14,2026-07-19,49,Delivered,Veniam Product,Furniture,880.89,5,"Mitter, Srinivasan and Dixit",Shimoga,1.81,3.9,2,Delhi Warehouse,824,2026-06-22,,,,,,,,,,,,,,
3715,10,116,2024-12-05,2024-12-13,2024-12-17,265,In Transit,Architecto Product,Groceries,763.04,10,"Mitter, Srinivasan and Dixit",Shimoga,1.81,3.9,116,Bangalore Warehouse,102,2026-07-04,,,,,,,,,,,,,,
3716,6,66,2025-02-18,2025-02-22,2025-02-21,271,Cancelled,Quas Product,Groceries,4225.31,19,Bhavsar-Sampath,Bangalore,2.52,3.72,66,Bangalore Warehouse,853,2026-06-19,,,,,,,,,,,,,,
3717,5,132,2025-01-17,2025-01-20,2025-01-18,167,Cancelled,Quisquam Product,Groceries,1498.72,7,Chander-Sibal,Kochi,6.81,4.37,132,Mumbai Warehouse,860,2026-07-05,,,,,,,,,,,,,,
3718,1,104,2025-10-25,2025-10-28,2025-10-27,305,Cancelled,Laboriosam Product,Clothing,2160.36,3,"Balasubramanian, Gara and Memon",Nadiad,5.69,4.88,104,Delhi Warehouse,338,2026-06-24,,,,,,,,,,,,,,
3719,16,82,2025-06-09,2025-06-15,2025-06-15,109,In Transit,Unde Product,Electronics,3347.22,1,Handa-Manda,Vijayanagaram,8.66,4.77,82,Hyderabad Warehouse,481,2026-07-04,,,,,,,,,,,,,,
3720,18,109,2025-04-01,2025-04-07,2025-04-07,474,Delivered,Beatae Product,Automotive,1167.1,12,Raju and Sons,Etawah,3.81,4.27,109,Mumbai Warehouse,573,2026-06-17,,,,,,,,,,,,,,
3721,7,133,2025-12-09,2025-12-19,2025-12-21,314,Delayed,Doloremque Product,Groceries,552.4,17,Wali PLC,Khandwa,2.76,4.43,133,Hyderabad Warehouse,760,2026-06-27,,,,,,,,,,,,,,
3722,6,121,2025-05-24,2025-05-31,2025-05-31,403,Delayed,Veniam Product,Furniture,3093.62,19,Bhavsar-Sampath,Bangalore,2.52,3.72,121,Bangalore Warehouse,683,2026-06-20,,,,,,,,,,,,,,
3723,2,103,2025-02-09,2025-02-11,2025-02-12,401,Cancelled,Sunt Product,Furniture,3330.94,12,Gour Ltd,Bhilwara,8.05,3.83,103,Chennai Warehouse,485,2026-07-13,,,,,,,,,,,,,,
3724,1,17,2026-07-08,2026-07-16,2026-07-20,313,Cancelled,Veniam Product,Clothing,2682.42,6,"Balasubramanian, Gara and Memon",Nadiad,5.69,4.88,17,Bangalore Warehouse,243,2026-07-06,,,,,,,,,,,,,,
3725,7,132,2026-02-13,2026-02-16,2026-02-16,40,In Transit,Quisquam Product,Groceries,1498.72,7,Wali PLC,Khandwa,2.76,4.43,132,Mumbai Warehouse,860,2026-07-05,,,,,,,,,,,,,,
3726,19,94,2025-03-14,2025-03-21,2025-03-23,108,Cancelled,Culpa Product,Clothing,4115.37,20,"Nagar, Hari and Chada",Munger,9.42,4.61,94,Delhi Warehouse,329,2026-07-15,,,,,,,,,,,,,,
3727,18,133,2025-03-27,2025-03-30,2025-04-04,159,Cancelled,Doloremque Product,Groceries,552.4,17,Raju and Sons,Etawah,3.81,4.27,133,Hyderabad Warehouse,760,2026-06-27,,,,,,,,,,,,,,
3728,2,75,2025-09-01,2025-09-07,2025-09-09,48,Delayed,Recusandae Product,Automotive,4884.77,14,Gour Ltd,Bhilwara,8.05,3.83,75,Chennai Warehouse,450,2026-07-07,,,,,,,,,,,,,,
3729,2,120,2025-02-14,2025-02-20,2025-02-19,91,Delayed,Magnam Product,Electronics,3329.48,19,Gour Ltd,Bhilwara,8.05,3.83,120,Bangalore Warehouse,996,2026-07-07,,,,,,,,,,,,,,
3730,12,103,2025-04-11,2025-04-21,2025-04-26,106,In Transit,Sunt Product,Furniture,3330.94,12,Thakur and Sons,Kanpur,5.83,3.5,103,Chennai Warehouse,485,2026-07-13,,,,,,,,,,,,,,
3731,7,138,2025-04-13,2025-04-16,2025-04-21,94,Delayed,Commodi Product,Groceries,4831.21,4,Wali PLC,Khandwa,2.76,4.43,138,Bangalore Warehouse,589,2026-06-20,,,,,,,,,,,,,,
3732,12,28,2026-03-21,2026-03-30,2026-04-04,421,Delayed,Quidem Product,Groceries,4168.94,2,Thakur and Sons,Kanpur,5.83,3.5,28,Hyderabad Warehouse,118,2026-06-24,,,,,,,,,,,,,,
3733,16,104,2024-07-22,2024-07-24,2024-07-26,204,In Transit,Laboriosam Product,Clothing,2160.36,3,Handa-Manda,Vijayanagaram,8.66,4.77,104,Delhi Warehouse,338,2026-06-24,,,,,,,,,,,,,,
3734,19,135,2026-05-16,2026-05-22,2026-05-24,367,In Transit,Nisi Product,Medical,1322.29,1,"Nagar, Hari and Chada",Munger,9.42,4.61,135,Delhi Warehouse,660,2026-06-19,,,,,,,,,,,,,,
3735,18,75,2026-02-25,2026-03-07,2026-03-08,350,In Transit,Recusandae Product,Automotive,4884.77,14,Raju and Sons,Etawah,3.81,4.27,75,Chennai Warehouse,450,2026-07-07,,,,,,,,,,,,,,
3736,13,128,2025-09-20,2025-09-29,2025-10-02,208,In Transit,Non Product,Clothing,4746.22,5,"Borah, Gill and Varma",Dehri,6.15,3.78,128,Hyderabad Warehouse,464,2026-06-23,,,,,,,,,,,,,,
3737,11,115,2024-11-19,2024-11-21,2024-11-23,135,Delivered,Accusamus Product,Clothing,1194.04,7,Banerjee Group,Alappuzha,8.52,4.3,115,Chennai Warehouse,832,2026-06-27,,,,,,,,,,,,,,
3738,9,47,2025-08-08,2025-08-11,2025-08-10,342,Delivered,Impedit Product,Clothing,4282.54,1,"Loyal, Varma and Tripathi",Firozabad,9.75,4.64,47,Chennai Warehouse,913,2026-06-30,,,,,,,,,,,,,,
3739,13,25,2026-06-05,2026-06-07,2026-06-05,354,Cancelled,Vel Product,Automotive,3265.92,1,"Borah, Gill and Varma",Dehri,6.15,3.78,25,Bangalore Warehouse,437,2026-07-06,,,,,,,,,,,,,,
3740,20,28,2025-12-04,2025-12-06,2025-12-04,352,Delivered,Quidem Product,Groceries,4168.94,2,Chakraborty-Sengupta,Malda,5.0,3.56,28,Hyderabad Warehouse,118,2026-06-24,,,,,,,,,,,,,,
3741,11,3,2026-04-27,2026-04-29,2026-04-28,450,Cancelled,Iure Product,Medical,1939.35,19,Banerjee Group,Alappuzha,8.52,4.3,3,Mumbai Warehouse,584,2026-07-06,,,,,,,,,,,,,,
3742,6,105,2026-02-21,2026-02-23,2026-02-21,361,Delivered,Tenetur Product,Clothing,1337.9,1,Bhavsar-Sampath,Bangalore,2.52,3.72,105,Hyderabad Warehouse,84,2026-07-03,131.0,Port Congestion,High,Nihil ipsam corrupti in accusamus officia cum.,2025-08-07,131.0,Increase Safety Stock,Pending,2025-08-29,131.0,Pending,8.0,445.18,Shipment rerouted
3743,12,82,2024-09-08,2024-09-18,2024-09-22,219,Cancelled,Unde Product,Electronics,3347.22,1,Thakur and Sons,Kanpur,5.83,3.5,82,Hyderabad Warehouse,481,2026-07-04,,,,,,,,,,,,,,
3744,5,76,2024-09-24,2024-09-28,2024-10-03,450,In Transit,Sunt Product,Electronics,2690.2,2,Chander-Sibal,Kochi,6.81,4.37,76,Delhi Warehouse,630,2026-06-16,,,,,,,,,,,,,,
3745,16,39,2026-03-09,2026-03-18,2026-03-17,188,Delivered,Amet Product,Automotive,1228.36,6,Handa-Manda,Vijayanagaram,8.66,4.77,39,Chennai Warehouse,720,2026-07-10,,,,,,,,,,,,,,
3746,8,88,2024-09-11,2024-09-21,2024-09-23,23,Cancelled,Ab Product,Medical,441.59,19,Hans-Bir,Siliguri,2.43,4.68,88,Bangalore Warehouse,70,2026-07-10,,,,,,,,,,,,,,
3747,16,124,2025-02-06,2025-02-16,2025-02-19,286,In Transit,Excepturi Product,Furniture,756.02,2,Handa-Manda,Vijayanagaram,8.66,4.77,124,Chennai Warehouse,123,2026-07-09,,,,,,,,,,,,,,
3748,8,122,2025-06-15,2025-06-25,2025-06-28,304,Delayed,Expedita Product,Electronics,1957.13,8,Hans-Bir,Siliguri,2.43,4.68,122,Delhi Warehouse,394,2026-07-14,,,,,,,,,,,,,,
3749,15,72,2025-04-11,2025-04-15,2025-04-18,15,In Transit,Fuga Product,Groceries,160.42,9,Sastry and Sons,Haldia,5.45,4.34,72,Chennai Warehouse,359,2026-07-11,,,,,,,,,,,,,,
3750,4,81,2026-02-06,2026-02-11,2026-02-10,114,Delivered,Voluptatibus Product,Automotive,1958.75,1,Rajagopal-Jayaraman,Jalna,1.0,3.51,81,Chennai Warehouse,875,2026-06-17,,,,,,,,,,,,,,
3751,6,34,2025-01-20,2025-01-29,2025-01-31,409,Delivered,Consequatur Product,Automotive,4834.5,8,Bhavsar-Sampath,Bangalore,2.52,3.72,34,Delhi Warehouse,280,2026-06-18,,,,,,,,,,,,,,
3752,2,91,2025-04-13,2025-04-23,2025-04-22,64,Delayed,Laudantium Product,Furniture,3665.32,5,Gour Ltd,Bhilwara,8.05,3.83,91,Hyderabad Warehouse,678,2026-07-12,,,,,,,,,,,,,,
3753,20,35,2025-07-26,2025-08-04,2025-08-05,86,Cancelled,Dolores Product,Electronics,4034.14,20,Chakraborty-Sengupta,Malda,5.0,3.56,35,Chennai Warehouse,804,2026-07-11,,,,,,,,,,,,,,
3754,2,94,2024-10-03,2024-10-08,2024-10-07,112,Cancelled,Culpa Product,Clothing,4115.37,20,Gour Ltd,Bhilwara,8.05,3.83,94,Delhi Warehouse,329,2026-07-15,,,,,,,,,,,,,,
3755,20,17,2025-04-23,2025-04-26,2025-04-25,311,In Transit,Veniam Product,Clothing,2682.42,6,Chakraborty-Sengupta,Malda,5.0,3.56,17,Bangalore Warehouse,243,2026-07-06,,,,,,,,,,,,,,
3756,15,149,2025-10-02,2025-10-07,2025-10-09,254,Delayed,Asperiores Product,Groceries,2199.52,9,Sastry and Sons,Haldia,5.45,4.34,149,Chennai Warehouse,331,2026-07-13,,,,,,,,,,,,,,
3757,7,109,2025-06-21,2025-06-26,2025-06-28,301,Cancelled,Beatae Product,Automotive,1167.1,12,Wali PLC,Khandwa,2.76,4.43,109,Mumbai Warehouse,573,2026-06-17,,,,,,,,,,,,,,
3758,4,52,2025-03-29,2025-04-05,2025-04-09,147,In Transit,Architecto Product,Medical,1642.77,20,Rajagopal-Jayaraman,Jalna,1.0,3.51,52,Mumbai Warehouse,918,2026-06-30,,,,,,,,,,,,,,
3759,17,95,2025-06-06,2025-06-11,2025-06-11,136,In Transit,Temporibus Product,Automotive,2131.71,12,"Sule, Jaggi and Char",Pallavaram,6.39,3.52,95,Hyderabad Warehouse,870,2026-07-10,,,,,,,,,,,,,,
3760,15,3,2026-03-04,2026-03-12,2026-03-16,482,Delivered,Iure Product,Medical,1939.35,19,Sastry and Sons,Haldia,5.45,4.34,3,Mumbai Warehouse,584,2026-07-06,,,,,,,,,,,,,,
3761,6,79,2026-04-05,2026-04-09,2026-04-13,139,In Transit,Officiis Product,Automotive,3036.4,6,Bhavsar-Sampath,Bangalore,2.52,3.72,79,Bangalore Warehouse,898,2026-06-30,,,,,,,,,,,,,,
3762,15,3,2025-11-19,2025-11-22,2025-11-20,366,In Transit,Iure Product,Medical,1939.35,19,Sastry and Sons,Haldia,5.45,4.34,3,Mumbai Warehouse,584,2026-07-06,,,,,,,,,,,,,,
3763,8,34,2025-06-17,2025-06-26,2025-06-24,264,Cancelled,Consequatur Product,Automotive,4834.5,8,Hans-Bir,Siliguri,2.43,4.68,34,Delhi Warehouse,280,2026-06-18,,,,,,,,,,,,,,
3764,4,6,2025-09-02,2025-09-05,2025-09-09,75,In Transit,Reiciendis Product,Furniture,3938.69,18,Rajagopal-Jayaraman,Jalna,1.0,3.51,6,Bangalore Warehouse,894,2026-06-26,,,,,,,,,,,,,,
3765,11,82,2025-10-14,2025-10-21,2025-10-21,307,Cancelled,Unde Product,Electronics,3347.22,1,Banerjee Group,Alappuzha,8.52,4.3,82,Hyderabad Warehouse,481,2026-07-04,375.0,Weather,Low,Porro voluptatum sunt commodi maiores.,2026-03-01,375.0,Switch Supplier,Approved,2026-03-14,375.0,Resolved,13.0,7747.01,Minor delay occurred
3766,20,131,2025-05-23,2025-05-30,2025-05-31,367,Delivered,Nesciunt Product,Furniture,3585.42,1,Chakraborty-Sengupta,Malda,5.0,3.56,131,Hyderabad Warehouse,157,2026-06-24,,,,,,,,,,,,,,
3767,4,114,2026-06-04,2026-06-14,2026-06-13,413,In Transit,Dicta Product,Clothing,1943.15,20,Rajagopal-Jayaraman,Jalna,1.0,3.51,114,Hyderabad Warehouse,822,2026-07-08,,,,,,,,,,,,,,
3768,12,15,2026-02-24,2026-03-02,2026-03-06,261,Delayed,Dolore Product,Automotive,1024.49,5,Thakur and Sons,Kanpur,5.83,3.5,15,Chennai Warehouse,343,2026-07-02,,,,,,,,,,,,,,
3769,1,138,2024-09-11,2024-09-21,2024-09-21,75,In Transit,Commodi Product,Groceries,4831.21,4,"Balasubramanian, Gara and Memon",Nadiad,5.69,4.88,138,Bangalore Warehouse,589,2026-06-20,,,,,,,,,,,,,,
3770,7,3,2026-03-09,2026-03-11,2026-03-10,195,Cancelled,Iure Product,Medical,1939.35,19,Wali PLC,Khandwa,2.76,4.43,3,Mumbai Warehouse,584,2026-07-06,,,,,,,,,,,,,,
3771,2,95,2025-04-10,2025-04-18,2025-04-20,270,Delayed,Temporibus Product,Automotive,2131.71,12,Gour Ltd,Bhilwara,8.05,3.83,95,Hyderabad Warehouse,870,2026-07-10,,,,,,,,,,,,,,
3772,5,12,2026-01-30,2026-02-07,2026-02-10,157,Cancelled,Fugit Product,Clothing,1357.85,15,Chander-Sibal,Kochi,6.81,4.37,12,Hyderabad Warehouse,878,2026-06-22,,,,,,,,,,,,,,
3773,16,37,2025-11-20,2025-11-24,2025-11-24,440,Delayed,Earum Product,Groceries,442.22,11,Handa-Manda,Vijayanagaram,8.66,4.77,37,Mumbai Warehouse,198,2026-06-16,,,,,,,,,,,,,,
3774,15,121,2026-04-19,2026-04-25,2026-04-29,146,Delivered,Veniam Product,Furniture,3093.62,19,Sastry and Sons,Haldia,5.45,4.34,121,Bangalore Warehouse,683,2026-06-20,,,,,,,,,,,,,,
3775,7,9,2025-03-14,2025-03-16,2025-03-15,270,Delivered,Alias Product,Groceries,1305.18,16,Wali PLC,Khandwa,2.76,4.43,9,Mumbai Warehouse,917,2026-07-04,,,,,,,,,,,,,,
3776,4,67,2025-04-24,2025-05-04,2025-05-09,48,Cancelled,Omnis Product,Clothing,1337.97,5,Rajagopal-Jayaraman,Jalna,1.0,3.51,67,Hyderabad Warehouse,994,2026-06-29,247.0,Traffic,Low,Et adipisci amet delectus voluptatem mollitia nihil.,2026-07-11,247.0,Change Transport Route,Rejected,2026-01-02,247.0,Pending,15.0,10560.7,Issue resolved successfully
3776,4,67,2025-04-24,2025-05-04,2025-05-09,48,Cancelled,Omnis Product,Clothing,1337.97,5,Rajagopal-Jayaraman,Jalna,1.0,3.51,67,Hyderabad Warehouse,994,2026-06-29,361.0,Traffic,Low,Vitae tempora sapiente nam in.,2025-12-10,361.0,Change Transport Route,Approved,2026-03-29,361.0,Resolved,4.0,9203.12,Issue resolved successfully
3777,10,112,2025-09-07,2025-09-12,2025-09-10,321,Delivered,Modi Product,Electronics,2985.26,19,"Mitter, Srinivasan and Dixit",Shimoga,1.81,3.9,112,Bangalore Warehouse,212,2026-06-25,,,,,,,,,,,,,,
3778,14,48,2025-11-19,2025-11-28,2025-12-01,215,In Transit,Neque Product,Medical,518.28,5,"Bahri, Dugar and Ratti",Kottayam,8.09,4.85,48,Delhi Warehouse,626,2026-06-27,,,,,,,,,,,,,,
3779,10,79,2025-10-08,2025-10-14,2025-10-15,176,In Transit,Officiis Product,Automotive,3036.4,6,"Mitter, Srinivasan and Dixit",Shimoga,1.81,3.9,79,Bangalore Warehouse,898,2026-06-30,,,,,,,,,,,,,,
3780,14,129,2026-06-20,2026-06-24,2026-06-27,339,Delayed,Repellat Product,Clothing,772.83,16,"Bahri, Dugar and Ratti",Kottayam,8.09,4.85,129,Bangalore Warehouse,81,2026-07-01,431.0,Transport Strike,Medium,Qui suscipit molestiae molestias.,2026-03-16,431.0,Switch Supplier,Approved,2026-07-11,431.0,Partially Resolved,13.0,4363.3,Shipment rerouted
3781,9,35,2025-01-30,2025-02-08,2025-02-06,498,Delivered,Dolores Product,Electronics,4034.14,20,"Loyal, Varma and Tripathi",Firozabad,9.75,4.64,35,Chennai Warehouse,804,2026-07-11,,,,,,,,,,,,,,
3782,15,88,2024-10-12,2024-10-17,2024-10-22,217,Delivered,Ab Product,Medical,441.59,19,Sastry and Sons,Haldia,5.45,4.34,88,Bangalore Warehouse,70,2026-07-10,70.0,Supplier Delay,Medium,Id alias dolor aliquid eum corrupti ullam explicabo.,2025-08-16,70.0,Increase Safety Stock,Approved,2026-01-19,70.0,Pending,6.0,1695.72,Supplier changed
3783,2,74,2026-01-05,2026-01-13,2026-01-18,344,Delivered,Cum Product,Clothing,3762.37,5,Gour Ltd,Bhilwara,8.05,3.83,74,Hyderabad Warehouse,592,2026-06-21,,,,,,,,,,,,,,
3784,20,150,2025-02-06,2025-02-15,2025-02-20,190,Delayed,Harum Product,Furniture,1928.91,14,Chakraborty-Sengupta,Malda,5.0,3.56,150,Bangalore Warehouse,533,2026-07-09,,,,,,,,,,,,,,
3785,11,60,2024-11-30,2024-12-04,2024-12-05,422,Delayed,Ipsa Product,Furniture,2536.82,19,Banerjee Group,Alappuzha,8.52,4.3,60,Bangalore Warehouse,753,2026-07-14,,,,,,,,,,,,,,
3786,19,87,2026-01-05,2026-01-14,2026-01-17,374,In Transit,Vitae Product,Clothing,4295.55,19,"Nagar, Hari and Chada",Munger,9.42,4.61,87,Delhi Warehouse,423,2026-06-26,,,,,,,,,,,,,,
3787,7,79,2025-05-31,2025-06-08,2025-06-11,358,In Transit,Officiis Product,Automotive,3036.4,6,Wali PLC,Khandwa,2.76,4.43,79,Bangalore Warehouse,898,2026-06-30,,,,,,,,,,,,,,
3788,18,126,2026-02-09,2026-02-14,2026-02-13,424,Delayed,Nemo Product,Groceries,3018.63,8,Raju and Sons,Etawah,3.81,4.27,126,Chennai Warehouse,306,2026-07-05,,,,,,,,,,,,,,
3789,16,1,2025-04-09,2025-04-17,2025-04-20,67,Cancelled,Sint Product,Clothing,2204.33,20,Handa-Manda,Vijayanagaram,8.66,4.77,1,Mumbai Warehouse,324,2026-07-01,,,,,,,,,,,,,,
3790,9,104,2025-08-13,2025-08-19,2025-08-23,376,Cancelled,Laboriosam Product,Clothing,2160.36,3,"Loyal, Varma and Tripathi",Firozabad,9.75,4.64,104,Delhi Warehouse,338,2026-06-24,,,,,,,,,,,,,,
3791,13,140,2025-01-25,2025-02-03,2025-02-01,282,Cancelled,Recusandae Product,Groceries,2705.55,15,"Borah, Gill and Varma",Dehri,6.15,3.78,140,Hyderabad Warehouse,927,2026-06-18,,,,,,,,,,,,,,
3792,2,127,2025-01-26,2025-02-02,2025-02-04,253,Delayed,Eum Product,Automotive,1710.79,7,Gour Ltd,Bhilwara,8.05,3.83,127,Delhi Warehouse,588,2026-07-12,,,,,,,,,,,,,,
3793,8,11,2025-12-08,2025-12-13,2025-12-11,201,Delivered,Ducimus Product,Clothing,2306.22,11,Hans-Bir,Siliguri,2.43,4.68,11,Delhi Warehouse,137,2026-06-19,,,,,,,,,,,,,,
3794,19,5,2026-03-31,2026-04-08,2026-04-06,331,Delayed,Occaecati Product,Medical,1257.97,15,"Nagar, Hari and Chada",Munger,9.42,4.61,5,Hyderabad Warehouse,892,2026-07-08,,,,,,,,,,,,,,
3795,15,49,2025-02-09,2025-02-14,2025-02-14,180,Delayed,Alias Product,Furniture,4769.64,3,Sastry and Sons,Haldia,5.45,4.34,49,Bangalore Warehouse,842,2026-07-01,,,,,,,,,,,,,,
3796,1,105,2026-02-20,2026-03-01,2026-02-28,426,Delivered,Tenetur Product,Clothing,1337.9,1,"Balasubramanian, Gara and Memon",Nadiad,5.69,4.88,105,Hyderabad Warehouse,84,2026-07-03,,,,,,,,,,,,,,
3797,17,120,2025-07-23,2025-07-31,2025-08-05,347,In Transit,Magnam Product,Electronics,3329.48,19,"Sule, Jaggi and Char",Pallavaram,6.39,3.52,120,Bangalore Warehouse,996,2026-07-07,,,,,,,,,,,,,,
3798,14,75,2026-04-07,2026-04-15,2026-04-15,110,Delayed,Recusandae Product,Automotive,4884.77,14,"Bahri, Dugar and Ratti",Kottayam,8.09,4.85,75,Chennai Warehouse,450,2026-07-07,,,,,,,,,,,,,,
3799,10,84,2024-07-16,2024-07-24,2024-07-25,252,Delayed,Ab Product,Clothing,1108.56,18,"Mitter, Srinivasan and Dixit",Shimoga,1.81,3.9,84,Bangalore Warehouse,80,2026-06-28,,,,,,,,,,,,,,
3800,13,35,2025-05-27,2025-05-29,2025-06-03,26,Delayed,Dolores Product,Electronics,4034.14,20,"Borah, Gill and Varma",Dehri,6.15,3.78,35,Chennai Warehouse,804,2026-07-11,,,,,,,,,,,,,,
3801,9,53,2025-03-10,2025-03-20,2025-03-22,293,Delivered,Ea Product,Clothing,3005.08,10,"Loyal, Varma and Tripathi",Firozabad,9.75,4.64,53,Delhi Warehouse,480,2026-06-28,155.0,Port Congestion,High,Voluptas tempora laboriosam et architecto maiores consequuntur eaque.,2025-10-28,155.0,Switch Supplier,Pending,2025-08-16,155.0,Resolved,3.0,3891.68,Shipment rerouted
3802,14,4,2025-11-23,2025-12-02,2025-12-03,265,Delayed,Dignissimos Product,Clothing,2106.24,6,"Bahri, Dugar and Ratti",Kottayam,8.09,4.85,4,Bangalore Warehouse,473,2026-06-30,,,,,,,,,,,,,,
3803,20,50,2024-12-02,2024-12-11,2024-12-15,399,Cancelled,Quae Product,Automotive,939.97,7,Chakraborty-Sengupta,Malda,5.0,3.56,50,Chennai Warehouse,576,2026-07-06,,,,,,,,,,,,,,
3804,6,26,2024-12-20,2024-12-22,2024-12-21,271,Cancelled,Ducimus Product,Medical,488.37,16,Bhavsar-Sampath,Bangalore,2.52,3.72,26,Mumbai Warehouse,280,2026-07-04,,,,,,,,,,,,,,
3805,2,68,2025-03-03,2025-03-12,2025-03-17,500,Delayed,Delectus Product,Clothing,4916.43,20,Gour Ltd,Bhilwara,8.05,3.83,68,Chennai Warehouse,660,2026-06-18,,,,,,,,,,,,,,
3806,18,5,2025-04-27,2025-04-30,2025-04-30,262,Cancelled,Occaecati Product,Medical,1257.97,15,Raju and Sons,Etawah,3.81,4.27,5,Hyderabad Warehouse,892,2026-07-08,,,,,,,,,,,,,,
3807,10,15,2024-07-30,2024-08-08,2024-08-13,74,In Transit,Dolore Product,Automotive,1024.49,5,"Mitter, Srinivasan and Dixit",Shimoga,1.81,3.9,15,Chennai Warehouse,343,2026-07-02,,,,,,,,,,,,,,
3808,13,94,2025-03-12,2025-03-19,2025-03-22,255,Delivered,Culpa Product,Clothing,4115.37,20,"Borah, Gill and Varma",Dehri,6.15,3.78,94,Delhi Warehouse,329,2026-07-15,,,,,,,,,,,,,,
3809,8,57,2025-02-24,2025-02-27,2025-03-04,387,Delayed,Distinctio Product,Automotive,863.84,19,Hans-Bir,Siliguri,2.43,4.68,57,Hyderabad Warehouse,848,2026-06-28,,,,,,,,,,,,,,
3810,6,57,2025-12-23,2025-12-26,2025-12-25,427,Cancelled,Distinctio Product,Automotive,863.84,19,Bhavsar-Sampath,Bangalore,2.52,3.72,57,Hyderabad Warehouse,848,2026-06-28,,,,,,,,,,,,,,
3811,16,87,2026-05-20,2026-05-22,2026-05-23,433,In Transit,Vitae Product,Clothing,4295.55,19,Handa-Manda,Vijayanagaram,8.66,4.77,87,Delhi Warehouse,423,2026-06-26,,,,,,,,,,,,,,
3812,7,29,2025-09-22,2025-09-25,2025-09-24,194,Delayed,Architecto Product,Furniture,4183.31,3,Wali PLC,Khandwa,2.76,4.43,29,Chennai Warehouse,981,2026-06-27,,,,,,,,,,,,,,
3813,2,70,2026-03-19,2026-03-21,2026-03-19,148,Delivered,Excepturi Product,Automotive,4641.9,16,Gour Ltd,Bhilwara,8.05,3.83,70,Bangalore Warehouse,802,2026-06-20,,,,,,,,,,,,,,
3814,10,110,2026-03-21,2026-03-25,2026-03-23,333,In Transit,Assumenda Product,Furniture,4904.71,9,"Mitter, Srinivasan and Dixit",Shimoga,1.81,3.9,110,Chennai Warehouse,817,2026-06-23,,,,,,,,,,,,,,
3815,5,43,2025-08-26,2025-09-02,2025-09-07,139,Delayed,Exercitationem Product,Furniture,2754.15,12,Chander-Sibal,Kochi,6.81,4.37,43,Delhi Warehouse,560,2026-06-21,,,,,,,,,,,,,,
3816,8,126,2024-07-28,2024-08-02,2024-07-31,77,Delivered,Nemo Product,Groceries,3018.63,8,Hans-Bir,Siliguri,2.43,4.68,126,Chennai Warehouse,306,2026-07-05,,,,,,,,,,,,,,
3817,4,150,2026-05-18,2026-05-24,2026-05-24,28,Delayed,Harum Product,Furniture,1928.91,14,Rajagopal-Jayaraman,Jalna,1.0,3.51,150,Bangalore Warehouse,533,2026-07-09,,,,,,,,,,,,,,
3818,15,39,2025-08-10,2025-08-15,2025-08-18,47,In Transit,Amet Product,Automotive,1228.36,6,Sastry and Sons,Haldia,5.45,4.34,39,Chennai Warehouse,720,2026-07-10,,,,,,,,,,,,,,
3819,1,34,2026-04-23,2026-04-30,2026-05-04,52,In Transit,Consequatur Product,Automotive,4834.5,8,"Balasubramanian, Gara and Memon",Nadiad,5.69,4.88,34,Delhi Warehouse,280,2026-06-18,,,,,,,,,,,,,,
3820,13,115,2026-03-19,2026-03-26,2026-03-25,458,In Transit,Accusamus Product,Clothing,1194.04,7,"Borah, Gill and Varma",Dehri,6.15,3.78,115,Chennai Warehouse,832,2026-06-27,504.0,Traffic,Medium,Eius nam consequatur consequuntur fugit quibusdam porro delectus.,2026-04-14,504.0,Increase Safety Stock,Approved,2025-11-05,504.0,Resolved,6.0,14420.49,Issue resolved successfully
3821,2,77,2025-12-19,2025-12-25,2025-12-25,151,Delivered,Dolorum Product,Clothing,4786.13,4,Gour Ltd,Bhilwara,8.05,3.83,77,Hyderabad Warehouse,307,2026-07-05,,,,,,,,,,,,,,
3822,4,22,2024-10-26,2024-10-28,2024-10-31,148,Cancelled,Amet Product,Furniture,1453.32,6,Rajagopal-Jayaraman,Jalna,1.0,3.51,22,Delhi Warehouse,386,2026-07-10,,,,,,,,,,,,,,
3823,10,28,2025-03-24,2025-04-01,2025-04-06,350,Delayed,Quidem Product,Groceries,4168.94,2,"Mitter, Srinivasan and Dixit",Shimoga,1.81,3.9,28,Hyderabad Warehouse,118,2026-06-24,,,,,,,,,,,,,,
3824,12,37,2025-12-04,2025-12-06,2025-12-06,246,Delivered,Earum Product,Groceries,442.22,11,Thakur and Sons,Kanpur,5.83,3.5,37,Mumbai Warehouse,198,2026-06-16,,,,,,,,,,,,,,
3825,6,136,2025-02-13,2025-02-19,2025-02-19,428,In Transit,Facilis Product,Groceries,4154.63,13,Bhavsar-Sampath,Bangalore,2.52,3.72,136,Bangalore Warehouse,943,2026-07-08,,,,,,,,,,,,,,
3826,9,144,2025-04-08,2025-04-15,2025-04-17,360,Cancelled,Ipsam Product,Electronics,744.79,2,"Loyal, Varma and Tripathi",Firozabad,9.75,4.64,144,Mumbai Warehouse,720,2026-06-29,,,,,,,,,,,,,,
3827,14,60,2024-07-19,2024-07-26,2024-07-25,365,Delayed,Ipsa Product,Furniture,2536.82,19,"Bahri, Dugar and Ratti",Kottayam,8.09,4.85,60,Bangalore Warehouse,753,2026-07-14,,,,,,,,,,,,,,
3828,13,103,2025-06-02,2025-06-08,2025-06-07,345,Delayed,Sunt Product,Furniture,3330.94,12,"Borah, Gill and Varma",Dehri,6.15,3.78,103,Chennai Warehouse,485,2026-07-13,,,,,,,,,,,,,,
3829,8,138,2024-08-22,2024-08-29,2024-09-01,131,In Transit,Commodi Product,Groceries,4831.21,4,Hans-Bir,Siliguri,2.43,4.68,138,Bangalore Warehouse,589,2026-06-20,,,,,,,,,,,,,,
3830,15,33,2024-10-17,2024-10-19,2024-10-17,52,Delayed,Facere Product,Medical,1997.29,4,Sastry and Sons,Haldia,5.45,4.34,33,Delhi Warehouse,549,2026-07-12,43.0,Port Congestion,Medium,Officiis cumque nam quo perferendis pariatur unde.,2025-12-10,43.0,Expedite Shipment,Pending,2025-08-09,43.0,Pending,12.0,12599.93,Supplier changed
3831,20,85,2025-11-12,2025-11-21,2025-11-26,305,In Transit,Vero Product,Medical,287.27,20,Chakraborty-Sengupta,Malda,5.0,3.56,85,Bangalore Warehouse,854,2026-06-21,,,,,,,,,,,,,,
3832,17,143,2025-06-15,2025-06-20,2025-06-21,182,Delayed,Exercitationem Product,Furniture,2333.4,6,"Sule, Jaggi and Char",Pallavaram,6.39,3.52,143,Hyderabad Warehouse,191,2026-07-12,,,,,,,,,,,,,,
3833,17,97,2024-12-05,2024-12-09,2024-12-08,256,Cancelled,Id Product,Electronics,4003.94,12,"Sule, Jaggi and Char",Pallavaram,6.39,3.52,97,Bangalore Warehouse,353,2026-07-08,,,,,,,,,,,,,,
3834,8,46,2025-10-27,2025-11-06,2025-11-11,221,Cancelled,Impedit Product,Electronics,1574.36,7,Hans-Bir,Siliguri,2.43,4.68,46,Chennai Warehouse,372,2026-06-23,,,,,,,,,,,,,,
3835,13,34,2025-12-04,2025-12-13,2025-12-12,67,Cancelled,Consequatur Product,Automotive,4834.5,8,"Borah, Gill and Varma",Dehri,6.15,3.78,34,Delhi Warehouse,280,2026-06-18,,,,,,,,,,,,,,
3836,4,18,2025-03-15,2025-03-22,2025-03-24,277,Cancelled,Commodi Product,Electronics,2870.64,11,Rajagopal-Jayaraman,Jalna,1.0,3.51,18,Mumbai Warehouse,611,2026-06-21,117.0,Traffic,Low,Illo quas officia quam eius.,2026-02-15,117.0,Increase Safety Stock,Approved,2026-07-04,117.0,Resolved,2.0,985.9,Issue resolved successfully
3836,4,18,2025-03-15,2025-03-22,2025-03-24,277,Cancelled,Commodi Product,Electronics,2870.64,11,Rajagopal-Jayaraman,Jalna,1.0,3.51,18,Mumbai Warehouse,611,2026-06-21,483.0,Weather,Low,Consectetur accusantium iste.,2026-02-18,483.0,Increase Safety Stock,Pending,2025-08-04,483.0,Partially Resolved,6.0,-1840.07,Cost increased
3837,14,12,2025-05-02,2025-05-11,2025-05-13,160,In Transit,Fugit Product,Clothing,1357.85,15,"Bahri, Dugar and Ratti",Kottayam,8.09,4.85,12,Hyderabad Warehouse,878,2026-06-22,,,,,,,,,,,,,,
3838,12,104,2025-08-04,2025-08-13,2025-08-13,81,In Transit,Laboriosam Product,Clothing,2160.36,3,Thakur and Sons,Kanpur,5.83,3.5,104,Delhi Warehouse,338,2026-06-24,,,,,,,,,,,,,,
3839,10,59,2025-05-05,2025-05-15,2025-05-20,315,In Transit,Omnis Product,Electronics,2194.29,10,"Mitter, Srinivasan and Dixit",Shimoga,1.81,3.9,59,Chennai Warehouse,265,2026-07-01,,,,,,,,,,,,,,
3840,18,121,2026-03-29,2026-04-07,2026-04-09,498,Delayed,Veniam Product,Furniture,3093.62,19,Raju and Sons,Etawah,3.81,4.27,121,Bangalore Warehouse,683,2026-06-20,424.0,Supplier Delay,Low,Voluptate nesciunt magnam quas aliquam illo soluta.,2026-03-23,424.0,Switch Supplier,Implemented,2025-09-30,424.0,Partially Resolved,15.0,14008.96,Issue resolved successfully
3840,18,121,2026-03-29,2026-04-07,2026-04-09,498,Delayed,Veniam Product,Furniture,3093.62,19,Raju and Sons,Etawah,3.81,4.27,121,Bangalore Warehouse,683,2026-06-20,429.0,Machine Failure,Low,Praesentium provident at sunt eligendi.,2025-11-13,429.0,Expedite Shipment,Rejected,2026-02-20,429.0,Partially Resolved,6.0,3907.66,Cost increased
3841,15,107,2024-10-17,2024-10-23,2024-10-26,238,Delivered,Repudiandae Product,Automotive,609.59,11,Sastry and Sons,Haldia,5.45,4.34,107,Delhi Warehouse,711,2026-07-01,,,,,,,,,,,,,,
3842,17,60,2025-12-23,2025-12-30,2025-12-31,301,Cancelled,Ipsa Product,Furniture,2536.82,19,"Sule, Jaggi and Char",Pallavaram,6.39,3.52,60,Bangalore Warehouse,753,2026-07-14,,,,,,,,,,,,,,
3843,10,89,2025-01-27,2025-01-31,2025-01-31,290,Cancelled,Fugiat Product,Electronics,4524.8,7,"Mitter, Srinivasan and Dixit",Shimoga,1.81,3.9,89,Bangalore Warehouse,597,2026-06-18,,,,,,,,,,,,,,
3844,10,66,2024-08-20,2024-08-29,2024-08-31,490,In Transit,Quas Product,Groceries,4225.31,19,"Mitter, Srinivasan and Dixit",Shimoga,1.81,3.9,66,Bangalore Warehouse,853,2026-06-19,461.0,Supplier Delay,High,Facere quibusdam iusto distinctio.,2026-01-22,461.0,Switch Supplier,Pending,2025-12-31,461.0,Partially Resolved,15.0,1673.23,Supplier changed
3845,19,80,2025-12-21,2025-12-31,2026-01-03,129,Delayed,Corporis Product,Medical,4255.47,15,"Nagar, Hari and Chada",Munger,9.42,4.61,80,Mumbai Warehouse,656,2026-07-08,,,,,,,,,,,,,,
3846,14,129,2026-02-26,2026-03-02,2026-03-01,26,Cancelled,Repellat Product,Clothing,772.83,16,"Bahri, Dugar and Ratti",Kottayam,8.09,4.85,129,Bangalore Warehouse,81,2026-07-01,,,,,,,,,,,,,,
3847,8,80,2025-09-13,2025-09-21,2025-09-24,59,Delayed,Corporis Product,Medical,4255.47,15,Hans-Bir,Siliguri,2.43,4.68,80,Mumbai Warehouse,656,2026-07-08,,,,,,,,,,,,,,
3848,16,116,2024-09-13,2024-09-19,2024-09-17,295,Delivered,Architecto Product,Groceries,763.04,10,Handa-Manda,Vijayanagaram,8.66,4.77,116,Bangalore Warehouse,102,2026-07-04,,,,,,,,,,,,,,
3849,9,137,2026-05-23,2026-05-28,2026-05-26,391,Delivered,Aliquid Product,Medical,3630.8,13,"Loyal, Varma and Tripathi",Firozabad,9.75,4.64,137,Delhi Warehouse,82,2026-07-03,223.0,Weather,High,Perspiciatis laudantium sapiente.,2025-11-05,223.0,Change Transport Route,Implemented,2025-08-19,223.0,Failed,15.0,-1829.52,Shipment rerouted
3850,10,78,2025-10-16,2025-10-20,2025-10-20,405,Delayed,Quam Product,Clothing,1593.13,4,"Mitter, Srinivasan and Dixit",Shimoga,1.81,3.9,78,Hyderabad Warehouse,637,2026-07-09,,,,,,,,,,,,,,
3851,6,52,2026-07-03,2026-07-08,2026-07-13,223,In Transit,Architecto Product,Medical,1642.77,20,Bhavsar-Sampath,Bangalore,2.52,3.72,52,Mumbai Warehouse,918,2026-06-30,,,,,,,,,,,,,,
3852,11,125,2024-09-11,2024-09-16,2024-09-20,181,Delayed,Consectetur Product,Clothing,1221.23,13,Banerjee Group,Alappuzha,8.52,4.3,125,Chennai Warehouse,72,2026-06-29,,,,,,,,,,,,,,
3853,15,137,2025-01-12,2025-01-19,2025-01-24,196,Delayed,Aliquid Product,Medical,3630.8,13,Sastry and Sons,Haldia,5.45,4.34,137,Delhi Warehouse,82,2026-07-03,,,,,,,,,,,,,,
3854,10,45,2025-03-17,2025-03-20,2025-03-20,118,Delayed,Nobis Product,Medical,164.54,6,"Mitter, Srinivasan and Dixit",Shimoga,1.81,3.9,45,Bangalore Warehouse,567,2026-07-04,,,,,,,,,,,,,,
3855,18,8,2024-09-09,2024-09-16,2024-09-18,135,Delayed,Voluptatem Product,Furniture,3535.61,12,Raju and Sons,Etawah,3.81,4.27,8,Chennai Warehouse,686,2026-07-07,,,,,,,,,,,,,,
3856,15,13,2024-11-01,2024-11-09,2024-11-10,191,In Transit,Reiciendis Product,Automotive,3971.98,6,Sastry and Sons,Haldia,5.45,4.34,13,Mumbai Warehouse,352,2026-07-10,538.0,Port Congestion,High,Ducimus dicta officia molestiae qui dicta in recusandae.,2026-07-11,538.0,Increase Safety Stock,Approved,2025-09-26,538.0,Pending,5.0,12642.43,Shipment rerouted
3857,10,88,2025-05-25,2025-06-04,2025-06-06,458,In Transit,Ab Product,Medical,441.59,19,"Mitter, Srinivasan and Dixit",Shimoga,1.81,3.9,88,Bangalore Warehouse,70,2026-07-10,347.0,Weather,High,Aperiam earum aut libero sequi quasi.,2026-05-20,347.0,Change Transport Route,Approved,2026-04-12,347.0,Partially Resolved,4.0,-2852.62,Shipment rerouted
3858,20,5,2024-11-26,2024-11-28,2024-11-30,176,Delayed,Occaecati Product,Medical,1257.97,15,Chakraborty-Sengupta,Malda,5.0,3.56,5,Hyderabad Warehouse,892,2026-07-08,,,,,,,,,,,,,,
3859,13,142,2024-08-21,2024-08-23,2024-08-25,214,Delayed,Dolorum Product,Groceries,1310.64,7,"Borah, Gill and Varma",Dehri,6.15,3.78,142,Mumbai Warehouse,982,2026-07-09,,,,,,,,,,,,,,
3860,2,74,2025-01-14,2025-01-21,2025-01-22,459,Cancelled,Cum Product,Clothing,3762.37,5,Gour Ltd,Bhilwara,8.05,3.83,74,Hyderabad Warehouse,592,2026-06-21,,,,,,,,,,,,,,
3861,9,49,2026-05-30,2026-06-08,2026-06-13,394,Delayed,Alias Product,Furniture,4769.64,3,"Loyal, Varma and Tripathi",Firozabad,9.75,4.64,49,Bangalore Warehouse,842,2026-07-01,488.0,Machine Failure,Medium,Rem illum magni dolore.,2025-08-02,488.0,Switch Supplier,Approved,2025-11-26,488.0,Partially Resolved,7.0,13888.05,Minor delay occurred
3862,1,54,2026-01-11,2026-01-19,2026-01-19,218,Delayed,Voluptatem Product,Groceries,3641.55,2,"Balasubramanian, Gara and Memon",Nadiad,5.69,4.88,54,Chennai Warehouse,842,2026-06-17,,,,,,,,,,,,,,
3863,9,90,2026-05-16,2026-05-26,2026-05-25,251,In Transit,Quo Product,Electronics,4661.14,19,"Loyal, Varma and Tripathi",Firozabad,9.75,4.64,90,Delhi Warehouse,466,2026-06-28,,,,,,,,,,,,,,
3864,13,38,2025-01-12,2025-01-19,2025-01-23,403,Cancelled,Laborum Product,Groceries,3934.86,13,"Borah, Gill and Varma",Dehri,6.15,3.78,38,Mumbai Warehouse,317,2026-07-03,,,,,,,,,,,,,,
3865,17,101,2025-12-26,2026-01-01,2026-01-06,416,In Transit,Delectus Product,Automotive,1333.96,11,"Sule, Jaggi and Char",Pallavaram,6.39,3.52,101,Bangalore Warehouse,654,2026-06-16,,,,,,,,,,,,,,
3866,4,45,2025-01-05,2025-01-07,2025-01-08,112,Cancelled,Nobis Product,Medical,164.54,6,Rajagopal-Jayaraman,Jalna,1.0,3.51,45,Bangalore Warehouse,567,2026-07-04,,,,,,,,,,,,,,
3867,12,49,2025-03-31,2025-04-09,2025-04-14,325,In Transit,Alias Product,Furniture,4769.64,3,Thakur and Sons,Kanpur,5.83,3.5,49,Bangalore Warehouse,842,2026-07-01,,,,,,,,,,,,,,
3868,4,76,2025-11-30,2025-12-05,2025-12-10,335,Delayed,Sunt Product,Electronics,2690.2,2,Rajagopal-Jayaraman,Jalna,1.0,3.51,76,Delhi Warehouse,630,2026-06-16,,,,,,,,,,,,,,
3869,10,79,2025-07-04,2025-07-11,2025-07-14,121,Delivered,Officiis Product,Automotive,3036.4,6,"Mitter, Srinivasan and Dixit",Shimoga,1.81,3.9,79,Bangalore Warehouse,898,2026-06-30,,,,,,,,,,,,,,
3870,12,147,2025-12-29,2026-01-07,2026-01-09,55,In Transit,Sed Product,Medical,185.14,8,Thakur and Sons,Kanpur,5.83,3.5,147,Chennai Warehouse,280,2026-06-17,591.0,Weather,Low,Quo corporis atque accusantium itaque recusandae ipsa.,2026-02-27,591.0,Switch Supplier,Approved,2026-04-28,591.0,Pending,6.0,102.65,Minor delay occurred
3871,11,31,2024-08-24,2024-09-01,2024-09-04,352,In Transit,Non Product,Groceries,4067.09,17,Banerjee Group,Alappuzha,8.52,4.3,31,Mumbai Warehouse,995,2026-06-28,,,,,,,,,,,,,,
3872,14,81,2025-09-01,2025-09-05,2025-09-05,406,Cancelled,Voluptatibus Product,Automotive,1958.75,1,"Bahri, Dugar and Ratti",Kottayam,8.09,4.85,81,Chennai Warehouse,875,2026-06-17,,,,,,,,,,,,,,
3873,6,80,2025-11-24,2025-12-03,2025-12-05,161,Delivered,Corporis Product,Medical,4255.47,15,Bhavsar-Sampath,Bangalore,2.52,3.72,80,Mumbai Warehouse,656,2026-07-08,,,,,,,,,,,,,,
3874,14,145,2025-02-11,2025-02-20,2025-02-23,147,Delayed,Provident Product,Groceries,3598.65,5,"Bahri, Dugar and Ratti",Kottayam,8.09,4.85,145,Bangalore Warehouse,739,2026-06-24,,,,,,,,,,,,,,
3875,13,13,2025-07-30,2025-08-05,2025-08-09,342,Delivered,Reiciendis Product,Automotive,3971.98,6,"Borah, Gill and Varma",Dehri,6.15,3.78,13,Mumbai Warehouse,352,2026-07-10,,,,,,,,,,,,,,
3876,19,34,2025-12-13,2025-12-19,2025-12-21,85,Cancelled,Consequatur Product,Automotive,4834.5,8,"Nagar, Hari and Chada",Munger,9.42,4.61,34,Delhi Warehouse,280,2026-06-18,,,,,,,,,,,,,,
3877,8,1,2025-05-27,2025-05-29,2025-06-02,100,Delivered,Sint Product,Clothing,2204.33,20,Hans-Bir,Siliguri,2.43,4.68,1,Mumbai Warehouse,324,2026-07-01,,,,,,,,,,,,,,
3878,9,89,2025-03-26,2025-04-02,2025-03-31,376,In Transit,Fugiat Product,Electronics,4524.8,7,"Loyal, Varma and Tripathi",Firozabad,9.75,4.64,89,Bangalore Warehouse,597,2026-06-18,83.0,Machine Failure,Low,Harum culpa quis amet maxime dicta.,2026-04-29,83.0,Increase Safety Stock,Rejected,2025-10-23,83.0,Failed,1.0,3777.5,Shipment rerouted
3879,10,46,2025-02-23,2025-02-25,2025-03-01,93,Cancelled,Impedit Product,Electronics,1574.36,7,"Mitter, Srinivasan and Dixit",Shimoga,1.81,3.9,46,Chennai Warehouse,372,2026-06-23,,,,,,,,,,,,,,
3880,11,136,2025-06-12,2025-06-18,2025-06-17,23,Delayed,Facilis Product,Groceries,4154.63,13,Banerjee Group,Alappuzha,8.52,4.3,136,Bangalore Warehouse,943,2026-07-08,,,,,,,,,,,,,,
3881,6,101,2025-10-12,2025-10-14,2025-10-19,351,Cancelled,Delectus Product,Automotive,1333.96,11,Bhavsar-Sampath,Bangalore,2.52,3.72,101,Bangalore Warehouse,654,2026-06-16,259.0,Traffic,High,Voluptas quis numquam soluta tenetur.,2026-02-13,259.0,Increase Safety Stock,Rejected,2025-08-04,259.0,Failed,2.0,9575.75,Cost increased
3882,12,56,2026-03-28,2026-04-07,2026-04-10,151,Delayed,Error Product,Electronics,333.18,11,Thakur and Sons,Kanpur,5.83,3.5,56,Chennai Warehouse,777,2026-07-07,,,,,,,,,,,,,,
3883,7,115,2026-02-17,2026-02-26,2026-02-26,196,In Transit,Accusamus Product,Clothing,1194.04,7,Wali PLC,Khandwa,2.76,4.43,115,Chennai Warehouse,832,2026-06-27,,,,,,,,,,,,,,
3884,4,122,2025-07-23,2025-07-25,2025-07-26,434,Delivered,Expedita Product,Electronics,1957.13,8,Rajagopal-Jayaraman,Jalna,1.0,3.51,122,Delhi Warehouse,394,2026-07-14,,,,,,,,,,,,,,
3885,4,51,2024-07-30,2024-08-06,2024-08-04,28,Delivered,Corrupti Product,Medical,1864.29,15,Rajagopal-Jayaraman,Jalna,1.0,3.51,51,Chennai Warehouse,926,2026-07-02,,,,,,,,,,,,,,
3886,13,90,2024-08-11,2024-08-14,2024-08-19,341,Delivered,Quo Product,Electronics,4661.14,19,"Borah, Gill and Varma",Dehri,6.15,3.78,90,Delhi Warehouse,466,2026-06-28,,,,,,,,,,,,,,
3887,9,34,2024-09-17,2024-09-22,2024-09-24,177,In Transit,Consequatur Product,Automotive,4834.5,8,"Loyal, Varma and Tripathi",Firozabad,9.75,4.64,34,Delhi Warehouse,280,2026-06-18,,,,,,,,,,,,,,
3888,2,111,2025-04-25,2025-04-27,2025-04-30,89,In Transit,Quaerat Product,Clothing,218.68,3,Gour Ltd,Bhilwara,8.05,3.83,111,Hyderabad Warehouse,662,2026-07-13,,,,,,,,,,,,,,
3889,17,72,2025-01-04,2025-01-07,2025-01-08,445,Cancelled,Fuga Product,Groceries,160.42,9,"Sule, Jaggi and Char",Pallavaram,6.39,3.52,72,Chennai Warehouse,359,2026-07-11,,,,,,,,,,,,,,
3890,8,5,2025-07-05,2025-07-14,2025-07-18,205,Delivered,Occaecati Product,Medical,1257.97,15,Hans-Bir,Siliguri,2.43,4.68,5,Hyderabad Warehouse,892,2026-07-08,,,,,,,,,,,,,,
3891,6,102,2025-10-29,2025-11-04,2025-11-06,400,Delivered,Molestias Product,Furniture,2262.92,3,Bhavsar-Sampath,Bangalore,2.52,3.72,102,Chennai Warehouse,835,2026-06-22,71.0,Port Congestion,Low,Ex delectus voluptas explicabo odit.,2025-07-18,71.0,Expedite Shipment,Rejected,2026-04-16,71.0,Pending,3.0,1257.49,Cost increased
3892,9,44,2025-11-14,2025-11-22,2025-11-21,13,In Transit,Voluptatum Product,Groceries,3216.56,15,"Loyal, Varma and Tripathi",Firozabad,9.75,4.64,44,Chennai Warehouse,740,2026-07-04,,,,,,,,,,,,,,
3893,6,142,2024-11-19,2024-11-26,2024-11-24,411,In Transit,Dolorum Product,Groceries,1310.64,7,Bhavsar-Sampath,Bangalore,2.52,3.72,142,Mumbai Warehouse,982,2026-07-09,,,,,,,,,,,,,,
3894,19,144,2024-11-13,2024-11-15,2024-11-20,487,Delivered,Ipsam Product,Electronics,744.79,2,"Nagar, Hari and Chada",Munger,9.42,4.61,144,Mumbai Warehouse,720,2026-06-29,,,,,,,,,,,,,,
3895,13,34,2025-10-07,2025-10-13,2025-10-16,163,In Transit,Consequatur Product,Automotive,4834.5,8,"Borah, Gill and Varma",Dehri,6.15,3.78,34,Delhi Warehouse,280,2026-06-18,337.0,Port Congestion,Medium,Tempore voluptatem quos eaque perferendis rerum.,2025-10-24,337.0,Change Transport Route,Pending,2025-10-02,337.0,Pending,3.0,3012.4,Supplier changed
3896,6,107,2026-06-01,2026-06-04,2026-06-07,253,Cancelled,Repudiandae Product,Automotive,609.59,11,Bhavsar-Sampath,Bangalore,2.52,3.72,107,Delhi Warehouse,711,2026-07-01,600.0,Port Congestion,High,Ratione vero debitis ratione perferendis expedita ipsam.,2025-10-08,600.0,Change Transport Route,Rejected,2026-01-14,600.0,Failed,9.0,5232.32,Shipment rerouted
3897,15,12,2024-09-12,2024-09-18,2024-09-16,226,Cancelled,Fugit Product,Clothing,1357.85,15,Sastry and Sons,Haldia,5.45,4.34,12,Hyderabad Warehouse,878,2026-06-22,,,,,,,,,,,,,,
3898,7,68,2025-03-03,2025-03-08,2025-03-11,312,Delayed,Delectus Product,Clothing,4916.43,20,Wali PLC,Khandwa,2.76,4.43,68,Chennai Warehouse,660,2026-06-18,,,,,,,,,,,,,,
3899,14,141,2025-03-21,2025-03-30,2025-04-02,238,Delayed,Provident Product,Automotive,4798.63,6,"Bahri, Dugar and Ratti",Kottayam,8.09,4.85,141,Delhi Warehouse,291,2026-07-10,,,,,,,,,,,,,,
3900,16,128,2025-08-09,2025-08-15,2025-08-17,377,Delivered,Non Product,Clothing,4746.22,5,Handa-Manda,Vijayanagaram,8.66,4.77,128,Hyderabad Warehouse,464,2026-06-23,,,,,,,,,,,,,,
3901,14,122,2025-08-25,2025-09-02,2025-09-02,455,Delivered,Expedita Product,Electronics,1957.13,8,"Bahri, Dugar and Ratti",Kottayam,8.09,4.85,122,Delhi Warehouse,394,2026-07-14,,,,,,,,,,,,,,
3902,18,102,2025-10-09,2025-10-19,2025-10-17,11,Cancelled,Molestias Product,Furniture,2262.92,3,Raju and Sons,Etawah,3.81,4.27,102,Chennai Warehouse,835,2026-06-22,,,,,,,,,,,,,,
3903,7,27,2025-10-09,2025-10-12,2025-10-14,124,Cancelled,Vero Product,Furniture,4788.07,19,Wali PLC,Khandwa,2.76,4.43,27,Delhi Warehouse,91,2026-07-05,,,,,,,,,,,,,,
3904,11,150,2025-01-31,2025-02-08,2025-02-09,481,In Transit,Harum Product,Furniture,1928.91,14,Banerjee Group,Alappuzha,8.52,4.3,150,Bangalore Warehouse,533,2026-07-09,,,,,,,,,,,,,,
3905,15,51,2025-02-03,2025-02-08,2025-02-07,127,Delayed,Corrupti Product,Medical,1864.29,15,Sastry and Sons,Haldia,5.45,4.34,51,Chennai Warehouse,926,2026-07-02,509.0,Transport Strike,Medium,Accusantium non saepe consequuntur non alias harum.,2025-10-20,509.0,Change Transport Route,Implemented,2025-07-18,509.0,Pending,1.0,11479.1,Minor delay occurred
3906,6,96,2024-08-25,2024-08-29,2024-08-27,174,In Transit,Laborum Product,Medical,3501.37,20,Bhavsar-Sampath,Bangalore,2.52,3.72,96,Mumbai Warehouse,471,2026-06-19,,,,,,,,,,,,,,
3907,20,57,2026-06-08,2026-06-17,2026-06-18,143,Delivered,Distinctio Product,Automotive,863.84,19,Chakraborty-Sengupta,Malda,5.0,3.56,57,Hyderabad Warehouse,848,2026-06-28,,,,,,,,,,,,,,
3908,15,37,2024-07-18,2024-07-20,2024-07-20,90,Cancelled,Earum Product,Groceries,442.22,11,Sastry and Sons,Haldia,5.45,4.34,37,Mumbai Warehouse,198,2026-06-16,,,,,,,,,,,,,,
3909,7,123,2025-10-14,2025-10-23,2025-10-27,299,Cancelled,Amet Product,Electronics,2966.03,9,Wali PLC,Khandwa,2.76,4.43,123,Chennai Warehouse,249,2026-06-23,,,,,,,,,,,,,,
3910,9,58,2025-05-06,2025-05-09,2025-05-12,480,In Transit,Tempore Product,Groceries,4870.19,6,"Loyal, Varma and Tripathi",Firozabad,9.75,4.64,58,Bangalore Warehouse,328,2026-07-11,,,,,,,,,,,,,,
3911,9,134,2025-04-29,2025-05-07,2025-05-06,224,Delayed,Eligendi Product,Automotive,3447.14,10,"Loyal, Varma and Tripathi",Firozabad,9.75,4.64,134,Hyderabad Warehouse,699,2026-07-02,,,,,,,,,,,,,,
3912,14,47,2024-09-30,2024-10-04,2024-10-02,40,Delivered,Impedit Product,Clothing,4282.54,1,"Bahri, Dugar and Ratti",Kottayam,8.09,4.85,47,Chennai Warehouse,913,2026-06-30,,,,,,,,,,,,,,
3913,20,144,2026-02-10,2026-02-14,2026-02-17,414,Delayed,Ipsam Product,Electronics,744.79,2,Chakraborty-Sengupta,Malda,5.0,3.56,144,Mumbai Warehouse,720,2026-06-29,,,,,,,,,,,,,,
3914,3,78,2024-11-15,2024-11-24,2024-11-28,62,In Transit,Quam Product,Clothing,1593.13,4,"Balan, Virk and Mangal",Bangalore,3.73,4.49,78,Hyderabad Warehouse,637,2026-07-09,,,,,,,,,,,,,,
3915,16,99,2024-12-25,2025-01-03,2025-01-05,383,In Transit,Quia Product,Furniture,677.17,19,Handa-Manda,Vijayanagaram,8.66,4.77,99,Hyderabad Warehouse,72,2026-06-26,,,,,,,,,,,,,,
3916,16,19,2026-06-08,2026-06-14,2026-06-14,202,Delivered,Officia Product,Electronics,667.17,9,Handa-Manda,Vijayanagaram,8.66,4.77,19,Bangalore Warehouse,273,2026-06-24,,,,,,,,,,,,,,
3917,20,111,2025-10-26,2025-11-05,2025-11-04,336,In Transit,Quaerat Product,Clothing,218.68,3,Chakraborty-Sengupta,Malda,5.0,3.56,111,Hyderabad Warehouse,662,2026-07-13,,,,,,,,,,,,,,
3918,9,87,2025-09-24,2025-09-30,2025-10-02,20,Delivered,Vitae Product,Clothing,4295.55,19,"Loyal, Varma and Tripathi",Firozabad,9.75,4.64,87,Delhi Warehouse,423,2026-06-26,215.0,Traffic,Low,Eaque officia dolores voluptatem.,2026-03-22,215.0,Change Transport Route,Approved,2025-11-11,215.0,Failed,12.0,13406.14,Shipment rerouted
3919,6,40,2024-08-31,2024-09-10,2024-09-13,323,Delayed,Nemo Product,Groceries,2824.16,10,Bhavsar-Sampath,Bangalore,2.52,3.72,40,Hyderabad Warehouse,554,2026-06-27,,,,,,,,,,,,,,
3920,19,8,2025-04-14,2025-04-24,2025-04-22,107,Delivered,Voluptatem Product,Furniture,3535.61,12,"Nagar, Hari and Chada",Munger,9.42,4.61,8,Chennai Warehouse,686,2026-07-07,,,,,,,,,,,,,,
3921,7,128,2025-02-04,2025-02-13,2025-02-15,55,Delivered,Non Product,Clothing,4746.22,5,Wali PLC,Khandwa,2.76,4.43,128,Hyderabad Warehouse,464,2026-06-23,,,,,,,,,,,,,,
3922,3,93,2024-09-29,2024-10-02,2024-10-05,451,Cancelled,Nemo Product,Automotive,3838.07,10,"Balan, Virk and Mangal",Bangalore,3.73,4.49,93,Mumbai Warehouse,413,2026-06-19,,,,,,,,,,,,,,
3923,20,47,2025-07-31,2025-08-05,2025-08-10,256,Cancelled,Impedit Product,Clothing,4282.54,1,Chakraborty-Sengupta,Malda,5.0,3.56,47,Chennai Warehouse,913,2026-06-30,,,,,,,,,,,,,,
3924,11,90,2026-04-20,2026-04-26,2026-04-29,380,In Transit,Quo Product,Electronics,4661.14,19,Banerjee Group,Alappuzha,8.52,4.3,90,Delhi Warehouse,466,2026-06-28,,,,,,,,,,,,,,
3925,7,120,2025-09-06,2025-09-14,2025-09-18,357,Delivered,Magnam Product,Electronics,3329.48,19,Wali PLC,Khandwa,2.76,4.43,120,Bangalore Warehouse,996,2026-07-07,,,,,,,,,,,,,,
3926,15,83,2025-12-23,2025-12-26,2025-12-30,201,Delayed,Deserunt Product,Automotive,990.39,6,Sastry and Sons,Haldia,5.45,4.34,83,Delhi Warehouse,294,2026-07-15,,,,,,,,,,,,,,
3927,1,40,2025-11-23,2025-11-26,2025-11-28,94,Delivered,Nemo Product,Groceries,2824.16,10,"Balasubramanian, Gara and Memon",Nadiad,5.69,4.88,40,Hyderabad Warehouse,554,2026-06-27,,,,,,,,,,,,,,
3928,18,50,2024-09-03,2024-09-11,2024-09-13,106,Delivered,Quae Product,Automotive,939.97,7,Raju and Sons,Etawah,3.81,4.27,50,Chennai Warehouse,576,2026-07-06,,,,,,,,,,,,,,
3929,20,92,2025-10-27,2025-10-29,2025-11-01,332,In Transit,Architecto Product,Furniture,4826.14,10,Chakraborty-Sengupta,Malda,5.0,3.56,92,Mumbai Warehouse,215,2026-07-07,,,,,,,,,,,,,,
3930,11,45,2024-11-06,2024-11-15,2024-11-18,313,Delivered,Nobis Product,Medical,164.54,6,Banerjee Group,Alappuzha,8.52,4.3,45,Bangalore Warehouse,567,2026-07-04,472.0,Transport Strike,High,Velit fugit nobis recusandae repellat.,2025-12-08,472.0,Switch Supplier,Approved,2026-04-06,472.0,Partially Resolved,6.0,5721.65,Issue resolved successfully
3930,11,45,2024-11-06,2024-11-15,2024-11-18,313,Delivered,Nobis Product,Medical,164.54,6,Banerjee Group,Alappuzha,8.52,4.3,45,Bangalore Warehouse,567,2026-07-04,577.0,Transport Strike,Medium,Fugiat reprehenderit iste.,2026-04-18,577.0,Switch Supplier,Approved,2026-04-10,577.0,Partially Resolved,14.0,2546.77,Shipment rerouted
3931,19,16,2025-11-06,2025-11-09,2025-11-10,326,Delivered,Vel Product,Medical,4239.68,2,"Nagar, Hari and Chada",Munger,9.42,4.61,16,Hyderabad Warehouse,928,2026-07-01,,,,,,,,,,,,,,
3932,17,92,2025-11-05,2025-11-11,2025-11-09,343,Delayed,Architecto Product,Furniture,4826.14,10,"Sule, Jaggi and Char",Pallavaram,6.39,3.52,92,Mumbai Warehouse,215,2026-07-07,,,,,,,,,,,,,,
3933,20,6,2026-01-23,2026-01-27,2026-01-25,299,In Transit,Reiciendis Product,Furniture,3938.69,18,Chakraborty-Sengupta,Malda,5.0,3.56,6,Bangalore Warehouse,894,2026-06-26,34.0,Weather,Low,Repellendus odit voluptatum minus eaque excepturi quaerat tenetur.,2026-07-14,34.0,Increase Safety Stock,Approved,2026-05-23,34.0,Resolved,8.0,-4266.16,Cost increased
3934,2,138,2025-11-16,2025-11-20,2025-11-23,39,Cancelled,Commodi Product,Groceries,4831.21,4,Gour Ltd,Bhilwara,8.05,3.83,138,Bangalore Warehouse,589,2026-06-20,,,,,,,,,,,,,,
3935,3,1,2026-02-21,2026-02-26,2026-02-24,302,Delayed,Sint Product,Clothing,2204.33,20,"Balan, Virk and Mangal",Bangalore,3.73,4.49,1,Mumbai Warehouse,324,2026-07-01,,,,,,,,,,,,,,
3936,1,115,2025-10-08,2025-10-18,2025-10-16,75,In Transit,Accusamus Product,Clothing,1194.04,7,"Balasubramanian, Gara and Memon",Nadiad,5.69,4.88,115,Chennai Warehouse,832,2026-06-27,,,,,,,,,,,,,,
3937,11,7,2025-04-28,2025-05-07,2025-05-09,331,Delayed,Expedita Product,Furniture,1401.54,17,Banerjee Group,Alappuzha,8.52,4.3,7,Delhi Warehouse,512,2026-06-28,,,,,,,,,,,,,,
3938,14,146,2026-02-16,2026-02-18,2026-02-17,345,Delivered,Minus Product,Furniture,4540.31,18,"Bahri, Dugar and Ratti",Kottayam,8.09,4.85,146,Delhi Warehouse,858,2026-06-21,,,,,,,,,,,,,,
3939,3,137,2025-07-06,2025-07-10,2025-07-11,277,Cancelled,Aliquid Product,Medical,3630.8,13,"Balan, Virk and Mangal",Bangalore,3.73,4.49,137,Delhi Warehouse,82,2026-07-03,,,,,,,,,,,,,,
3940,17,127,2024-11-08,2024-11-17,2024-11-15,421,Delayed,Eum Product,Automotive,1710.79,7,"Sule, Jaggi and Char",Pallavaram,6.39,3.52,127,Delhi Warehouse,588,2026-07-12,,,,,,,,,,,,,,
3941,13,50,2025-08-29,2025-08-31,2025-08-30,271,Delivered,Quae Product,Automotive,939.97,7,"Borah, Gill and Varma",Dehri,6.15,3.78,50,Chennai Warehouse,576,2026-07-06,,,,,,,,,,,,,,
3942,12,111,2024-08-27,2024-09-06,2024-09-08,317,Delayed,Quaerat Product,Clothing,218.68,3,Thakur and Sons,Kanpur,5.83,3.5,111,Hyderabad Warehouse,662,2026-07-13,,,,,,,,,,,,,,
3943,7,63,2025-06-21,2025-06-23,2025-06-28,330,Delayed,Minus Product,Electronics,1218.88,8,Wali PLC,Khandwa,2.76,4.43,63,Hyderabad Warehouse,518,2026-06-17,,,,,,,,,,,,,,
3944,20,84,2025-01-19,2025-01-28,2025-01-29,107,Delivered,Ab Product,Clothing,1108.56,18,Chakraborty-Sengupta,Malda,5.0,3.56,84,Bangalore Warehouse,80,2026-06-28,,,,,,,,,,,,,,
3945,20,116,2024-11-07,2024-11-15,2024-11-14,475,Cancelled,Architecto Product,Groceries,763.04,10,Chakraborty-Sengupta,Malda,5.0,3.56,116,Bangalore Warehouse,102,2026-07-04,,,,,,,,,,,,,,
3946,11,125,2025-05-31,2025-06-06,2025-06-04,90,Delivered,Consectetur Product,Clothing,1221.23,13,Banerjee Group,Alappuzha,8.52,4.3,125,Chennai Warehouse,72,2026-06-29,,,,,,,,,,,,,,
3947,5,99,2025-12-04,2025-12-08,2025-12-13,446,Cancelled,Quia Product,Furniture,677.17,19,Chander-Sibal,Kochi,6.81,4.37,99,Hyderabad Warehouse,72,2026-06-26,,,,,,,,,,,,,,
3948,11,96,2024-08-07,2024-08-13,2024-08-14,11,Delivered,Laborum Product,Medical,3501.37,20,Banerjee Group,Alappuzha,8.52,4.3,96,Mumbai Warehouse,471,2026-06-19,,,,,,,,,,,,,,
3949,19,74,2026-04-22,2026-04-24,2026-04-25,418,Delayed,Cum Product,Clothing,3762.37,5,"Nagar, Hari and Chada",Munger,9.42,4.61,74,Hyderabad Warehouse,592,2026-06-21,,,,,,,,,,,,,,
3950,19,119,2024-09-02,2024-09-12,2024-09-11,487,Delivered,Maxime Product,Furniture,4794.94,19,"Nagar, Hari and Chada",Munger,9.42,4.61,119,Mumbai Warehouse,383,2026-07-01,,,,,,,,,,,,,,
3951,13,145,2026-05-30,2026-06-08,2026-06-12,382,Delayed,Provident Product,Groceries,3598.65,5,"Borah, Gill and Varma",Dehri,6.15,3.78,145,Bangalore Warehouse,739,2026-06-24,,,,,,,,,,,,,,
3952,11,15,2025-09-11,2025-09-16,2025-09-16,297,Delivered,Dolore Product,Automotive,1024.49,5,Banerjee Group,Alappuzha,8.52,4.3,15,Chennai Warehouse,343,2026-07-02,,,,,,,,,,,,,,
3953,1,46,2024-08-23,2024-08-27,2024-08-29,449,Delivered,Impedit Product,Electronics,1574.36,7,"Balasubramanian, Gara and Memon",Nadiad,5.69,4.88,46,Chennai Warehouse,372,2026-06-23,,,,,,,,,,,,,,
3954,12,146,2026-06-15,2026-06-23,2026-06-24,287,Delayed,Minus Product,Furniture,4540.31,18,Thakur and Sons,Kanpur,5.83,3.5,146,Delhi Warehouse,858,2026-06-21,294.0,Traffic,High,Id culpa repellendus dolores magni.,2026-06-24,294.0,Expedite Shipment,Pending,2025-10-25,294.0,Pending,9.0,12481.97,Supplier changed
3955,2,89,2025-10-30,2025-11-02,2025-11-01,158,Cancelled,Fugiat Product,Electronics,4524.8,7,Gour Ltd,Bhilwara,8.05,3.83,89,Bangalore Warehouse,597,2026-06-18,,,,,,,,,,,,,,
3956,3,9,2025-01-21,2025-01-28,2025-01-29,60,Delayed,Alias Product,Groceries,1305.18,16,"Balan, Virk and Mangal",Bangalore,3.73,4.49,9,Mumbai Warehouse,917,2026-07-04,,,,,,,,,,,,,,
3957,3,67,2025-09-04,2025-09-13,2025-09-18,88,Cancelled,Omnis Product,Clothing,1337.97,5,"Balan, Virk and Mangal",Bangalore,3.73,4.49,67,Hyderabad Warehouse,994,2026-06-29,,,,,,,,,,,,,,
3958,7,111,2024-08-04,2024-08-08,2024-08-06,498,Delivered,Quaerat Product,Clothing,218.68,3,Wali PLC,Khandwa,2.76,4.43,111,Hyderabad Warehouse,662,2026-07-13,507.0,Port Congestion,Low,Itaque eveniet odit voluptate veritatis aliquid ea.,2025-09-05,507.0,Change Transport Route,Pending,2026-05-31,507.0,Pending,0.0,-496.78,Issue resolved successfully
3959,20,54,2025-06-19,2025-06-29,2025-07-03,201,Delivered,Voluptatem Product,Groceries,3641.55,2,Chakraborty-Sengupta,Malda,5.0,3.56,54,Chennai Warehouse,842,2026-06-17,,,,,,,,,,,,,,
3960,20,97,2024-10-01,2024-10-05,2024-10-10,372,Cancelled,Id Product,Electronics,4003.94,12,Chakraborty-Sengupta,Malda,5.0,3.56,97,Bangalore Warehouse,353,2026-07-08,,,,,,,,,,,,,,
3961,9,4,2025-10-26,2025-10-31,2025-11-04,309,Delayed,Dignissimos Product,Clothing,2106.24,6,"Loyal, Varma and Tripathi",Firozabad,9.75,4.64,4,Bangalore Warehouse,473,2026-06-30,,,,,,,,,,,,,,
3962,6,145,2025-11-20,2025-11-26,2025-11-30,20,Cancelled,Provident Product,Groceries,3598.65,5,Bhavsar-Sampath,Bangalore,2.52,3.72,145,Bangalore Warehouse,739,2026-06-24,,,,,,,,,,,,,,
3963,17,132,2024-09-15,2024-09-17,2024-09-15,425,Delivered,Quisquam Product,Groceries,1498.72,7,"Sule, Jaggi and Char",Pallavaram,6.39,3.52,132,Mumbai Warehouse,860,2026-07-05,,,,,,,,,,,,,,
3964,16,113,2024-12-27,2025-01-05,2025-01-08,103,Delayed,Placeat Product,Groceries,4202.62,15,Handa-Manda,Vijayanagaram,8.66,4.77,113,Mumbai Warehouse,228,2026-07-12,,,,,,,,,,,,,,
3965,10,118,2026-01-24,2026-02-01,2026-02-01,424,In Transit,Harum Product,Automotive,2602.93,16,"Mitter, Srinivasan and Dixit",Shimoga,1.81,3.9,118,Bangalore Warehouse,482,2026-06-18,,,,,,,,,,,,,,
3966,4,20,2025-06-24,2025-07-02,2025-07-07,54,Delivered,Laborum Product,Electronics,563.85,5,Rajagopal-Jayaraman,Jalna,1.0,3.51,20,Bangalore Warehouse,426,2026-07-15,,,,,,,,,,,,,,
3967,1,25,2026-04-19,2026-04-21,2026-04-20,68,In Transit,Vel Product,Automotive,3265.92,1,"Balasubramanian, Gara and Memon",Nadiad,5.69,4.88,25,Bangalore Warehouse,437,2026-07-06,,,,,,,,,,,,,,
3968,1,59,2025-12-12,2025-12-21,2025-12-26,22,Delayed,Omnis Product,Electronics,2194.29,10,"Balasubramanian, Gara and Memon",Nadiad,5.69,4.88,59,Chennai Warehouse,265,2026-07-01,,,,,,,,,,,,,,
3969,3,68,2024-07-18,2024-07-20,2024-07-22,383,Delayed,Delectus Product,Clothing,4916.43,20,"Balan, Virk and Mangal",Bangalore,3.73,4.49,68,Chennai Warehouse,660,2026-06-18,,,,,,,,,,,,,,
3970,6,119,2025-03-15,2025-03-19,2025-03-18,402,In Transit,Maxime Product,Furniture,4794.94,19,Bhavsar-Sampath,Bangalore,2.52,3.72,119,Mumbai Warehouse,383,2026-07-01,,,,,,,,,,,,,,
3971,3,82,2025-06-11,2025-06-17,2025-06-18,307,Delayed,Unde Product,Electronics,3347.22,1,"Balan, Virk and Mangal",Bangalore,3.73,4.49,82,Hyderabad Warehouse,481,2026-07-04,,,,,,,,,,,,,,
3972,17,110,2024-11-01,2024-11-06,2024-11-05,426,In Transit,Assumenda Product,Furniture,4904.71,9,"Sule, Jaggi and Char",Pallavaram,6.39,3.52,110,Chennai Warehouse,817,2026-06-23,,,,,,,,,,,,,,
3973,8,11,2025-03-21,2025-03-24,2025-03-29,479,Delayed,Ducimus Product,Clothing,2306.22,11,Hans-Bir,Siliguri,2.43,4.68,11,Delhi Warehouse,137,2026-06-19,,,,,,,,,,,,,,
3974,16,142,2026-01-24,2026-01-26,2026-01-28,257,In Transit,Dolorum Product,Groceries,1310.64,7,Handa-Manda,Vijayanagaram,8.66,4.77,142,Mumbai Warehouse,982,2026-07-09,,,,,,,,,,,,,,
3975,14,52,2025-07-20,2025-07-30,2025-07-31,226,Delivered,Architecto Product,Medical,1642.77,20,"Bahri, Dugar and Ratti",Kottayam,8.09,4.85,52,Mumbai Warehouse,918,2026-06-30,,,,,,,,,,,,,,
3976,14,138,2026-06-17,2026-06-25,2026-06-28,319,Delayed,Commodi Product,Groceries,4831.21,4,"Bahri, Dugar and Ratti",Kottayam,8.09,4.85,138,Bangalore Warehouse,589,2026-06-20,,,,,,,,,,,,,,
3977,11,47,2024-08-29,2024-09-04,2024-09-06,372,In Transit,Impedit Product,Clothing,4282.54,1,Banerjee Group,Alappuzha,8.52,4.3,47,Chennai Warehouse,913,2026-06-30,,,,,,,,,,,,,,
3978,16,141,2025-09-09,2025-09-13,2025-09-14,114,Delivered,Provident Product,Automotive,4798.63,6,Handa-Manda,Vijayanagaram,8.66,4.77,141,Delhi Warehouse,291,2026-07-10,127.0,Transport Strike,Medium,Delectus impedit commodi facere.,2025-10-31,127.0,Switch Supplier,Implemented,2025-08-02,127.0,Partially Resolved,10.0,-4624.52,Cost increased
3979,2,14,2026-06-14,2026-06-22,2026-06-26,27,Cancelled,Nulla Product,Electronics,1235.72,15,Gour Ltd,Bhilwara,8.05,3.83,14,Hyderabad Warehouse,453,2026-07-12,,,,,,,,,,,,,,
3980,3,147,2024-07-15,2024-07-23,2024-07-21,311,Delivered,Sed Product,Medical,185.14,8,"Balan, Virk and Mangal",Bangalore,3.73,4.49,147,Chennai Warehouse,280,2026-06-17,,,,,,,,,,,,,,
3981,15,103,2024-11-23,2024-11-29,2024-12-03,139,Delivered,Sunt Product,Furniture,3330.94,12,Sastry and Sons,Haldia,5.45,4.34,103,Chennai Warehouse,485,2026-07-13,330.0,Transport Strike,High,Expedita nam deleniti animi quam sed.,2026-07-03,330.0,Change Transport Route,Pending,2026-01-17,330.0,Resolved,14.0,9076.43,Issue resolved successfully
3982,5,92,2025-05-10,2025-05-15,2025-05-13,128,Delayed,Architecto Product,Furniture,4826.14,10,Chander-Sibal,Kochi,6.81,4.37,92,Mumbai Warehouse,215,2026-07-07,,,,,,,,,,,,,,
3983,10,96,2024-11-24,2024-12-01,2024-11-30,312,Delayed,Laborum Product,Medical,3501.37,20,"Mitter, Srinivasan and Dixit",Shimoga,1.81,3.9,96,Mumbai Warehouse,471,2026-06-19,,,,,,,,,,,,,,
3984,2,30,2025-02-06,2025-02-16,2025-02-15,372,In Transit,Voluptatem Product,Medical,3709.02,5,Gour Ltd,Bhilwara,8.05,3.83,30,Chennai Warehouse,472,2026-06-30,,,,,,,,,,,,,,
3985,7,87,2025-10-18,2025-10-26,2025-10-28,421,Cancelled,Vitae Product,Clothing,4295.55,19,Wali PLC,Khandwa,2.76,4.43,87,Delhi Warehouse,423,2026-06-26,,,,,,,,,,,,,,
3986,18,60,2026-01-19,2026-01-23,2026-01-26,473,Delivered,Ipsa Product,Furniture,2536.82,19,Raju and Sons,Etawah,3.81,4.27,60,Bangalore Warehouse,753,2026-07-14,,,,,,,,,,,,,,
3987,13,138,2024-08-26,2024-09-03,2024-09-04,429,In Transit,Commodi Product,Groceries,4831.21,4,"Borah, Gill and Varma",Dehri,6.15,3.78,138,Bangalore Warehouse,589,2026-06-20,,,,,,,,,,,,,,
3988,15,51,2025-02-23,2025-02-26,2025-02-26,247,Cancelled,Corrupti Product,Medical,1864.29,15,Sastry and Sons,Haldia,5.45,4.34,51,Chennai Warehouse,926,2026-07-02,,,,,,,,,,,,,,
3989,5,98,2025-04-08,2025-04-12,2025-04-13,414,In Transit,Quae Product,Clothing,2022.11,14,Chander-Sibal,Kochi,6.81,4.37,98,Hyderabad Warehouse,832,2026-07-05,,,,,,,,,,,,,,
3990,19,117,2025-12-15,2025-12-23,2025-12-25,466,Delayed,Quisquam Product,Medical,1461.86,8,"Nagar, Hari and Chada",Munger,9.42,4.61,117,Hyderabad Warehouse,793,2026-06-16,,,,,,,,,,,,,,
3991,9,28,2024-09-30,2024-10-06,2024-10-11,183,Delivered,Quidem Product,Groceries,4168.94,2,"Loyal, Varma and Tripathi",Firozabad,9.75,4.64,28,Hyderabad Warehouse,118,2026-06-24,,,,,,,,,,,,,,
3992,6,28,2024-08-24,2024-09-01,2024-08-31,339,In Transit,Quidem Product,Groceries,4168.94,2,Bhavsar-Sampath,Bangalore,2.52,3.72,28,Hyderabad Warehouse,118,2026-06-24,,,,,,,,,,,,,,
3993,12,145,2026-05-23,2026-06-01,2026-05-30,24,In Transit,Provident Product,Groceries,3598.65,5,Thakur and Sons,Kanpur,5.83,3.5,145,Bangalore Warehouse,739,2026-06-24,,,,,,,,,,,,,,
3994,2,117,2025-11-15,2025-11-25,2025-11-28,248,Delivered,Quisquam Product,Medical,1461.86,8,Gour Ltd,Bhilwara,8.05,3.83,117,Hyderabad Warehouse,793,2026-06-16,,,,,,,,,,,,,,
3995,12,144,2025-07-09,2025-07-17,2025-07-17,496,In Transit,Ipsam Product,Electronics,744.79,2,Thakur and Sons,Kanpur,5.83,3.5,144,Mumbai Warehouse,720,2026-06-29,,,,,,,,,,,,,,
3996,12,124,2024-10-11,2024-10-18,2024-10-23,83,In Transit,Excepturi Product,Furniture,756.02,2,Thakur and Sons,Kanpur,5.83,3.5,124,Chennai Warehouse,123,2026-07-09,471.0,Weather,High,Quidem sequi eius ea perspiciatis non doloribus repellat.,2026-05-13,471.0,Switch Supplier,Implemented,2026-01-19,471.0,Partially Resolved,12.0,3185.69,Cost increased
3997,7,125,2026-04-14,2026-04-23,2026-04-26,467,Delivered,Consectetur Product,Clothing,1221.23,13,Wali PLC,Khandwa,2.76,4.43,125,Chennai Warehouse,72,2026-06-29,,,,,,,,,,,,,,
3998,6,31,2025-07-15,2025-07-20,2025-07-24,89,In Transit,Non Product,Groceries,4067.09,17,Bhavsar-Sampath,Bangalore,2.52,3.72,31,Mumbai Warehouse,995,2026-06-28,,,,,,,,,,,,,,
3999,13,64,2026-04-24,2026-05-03,2026-05-06,144,Cancelled,Officia Product,Automotive,1852.17,1,"Borah, Gill and Varma",Dehri,6.15,3.78,64,Hyderabad Warehouse,751,2026-06-19,105.0,Port Congestion,Medium,Tempore nulla aspernatur quos corrupti ipsa in.,2026-03-09,105.0,Switch Supplier,Implemented,2026-03-10,105.0,Resolved,7.0,8565.53,Cost increased
4000,17,137,2025-10-18,2025-10-23,2025-10-26,332,In Transit,Aliquid Product,Medical,3630.8,13,"Sule, Jaggi and Char",Pallavaram,6.39,3.52,137,Delhi Warehouse,82,2026-07-03,,,,,,,,,,,,,,
